,cpi,unemployment,gdp,industrial_prod,fed_funds,personal_income,retail_sales,housing_starts,treasury_10y,treasury_2y
1919-01-01,,,,4.8654,,,,,,
1919-02-01,,,,4.6504,,,,,,
1919-03-01,,,,4.516,,,,,,
1919-04-01,,,,4.5966,,,,,,
1919-05-01,,,,4.6235,,,,,,
1919-06-01,,,,4.9192,,,,,,
1919-07-01,,,,5.2149,,,,,,
1919-08-01,,,,5.2955,,,,,,
1919-09-01,,,,5.188,,,,,,
1919-10-01,,,,5.1342,,,,,,
1919-11-01,,,,5.0536,,,,,,
1919-12-01,,,,5.1342,,,,,,
1920-01-01,,,,5.6181,,,,,,
1920-02-01,,,,5.6181,,,,,,
1920-03-01,,,,5.5106,,,,,,
1920-04-01,,,,5.2149,,,,,,
1920-05-01,,,,5.3493,,,,,,
1920-06-01,,,,5.403,,,,,,
1920-07-01,,,,5.2686,,,,,,
1920-08-01,,,,5.2955,,,,,,
1920-09-01,,,,5.1073,,,,,,
1920-10-01,,,,4.8923,,,,,,
1920-11-01,,,,4.4891,,,,,,
1920-12-01,,,,4.2203,,,,,,
1921-01-01,,,,3.9784,,,,,,
1921-02-01,,,,3.8977,,,,,,
1921-03-01,,,,3.7902,,,,,,
1921-04-01,,,,3.7902,,,,,,
1921-05-01,,,,3.8977,,,,,,
1921-06-01,,,,3.8708,,,,,,
1921-07-01,,,,3.8439,,,,,,
1921-08-01,,,,3.9784,,,,,,
1921-09-01,,,,4.0052,,,,,,
1921-10-01,,,,4.2472,,,,,,
1921-11-01,,,,4.1934,,,,,,
1921-12-01,,,,4.1665,,,,,,
1922-01-01,,,,4.3278,,,,,,
1922-02-01,,,,4.516,,,,,,
1922-03-01,,,,4.7579,,,,,,
1922-04-01,,,,4.5966,,,,,,
1922-05-01,,,,4.8385,,,,,,
1922-06-01,,,,5.0805,,,,,,
1922-07-01,,,,5.0805,,,,,,
1922-08-01,,,,4.9729,,,,,,
1922-09-01,,,,5.2417,,,,,,
1922-10-01,,,,5.5374,,,,,,
1922-11-01,,,,5.7794,,,,,,
1922-12-01,,,,5.9406,,,,,,
1923-01-01,,,,5.8062,,,,,,
1923-02-01,,,,5.8869,,,,,,
1923-03-01,,,,6.0751,,,,,,
1923-04-01,,,,6.2095,,,,,,
1923-05-01,,,,6.2901,,,,,,
1923-06-01,,,,6.2363,,,,,,
1923-07-01,,,,6.1826,,,,,,
1923-08-01,,,,6.0751,,,,,,
1923-09-01,,,,5.9406,,,,,,
1923-10-01,,,,5.9138,,,,,,
1923-11-01,,,,5.9138,,,,,,
1923-12-01,,,,5.7794,,,,,,
1924-01-01,,,,5.9138,,,,,,
1924-02-01,,,,6.0213,,,,,,
1924-03-01,,,,5.9138,,,,,,
1924-04-01,,,,5.7256,,,,,,
1924-05-01,,,,5.4837,,,,,,
1924-06-01,,,,5.2417,,,,,,
1924-07-01,,,,5.1611,,,,,,
1924-08-01,,,,5.3493,,,,,,
1924-09-01,,,,5.5374,,,,,,
1924-10-01,,,,5.6718,,,,,,
1924-11-01,,,,5.7794,,,,,,
1924-12-01,,,,5.9406,,,,,,
1925-01-01,,,,6.1288,,,,,,
1925-02-01,,,,6.1288,,,,,,
1925-03-01,,,,6.1288,,,,,,
1925-04-01,,,,6.1826,,,,,,
1925-05-01,,,,6.1557,,,,,,
1925-06-01,,,,6.1019,,,,,,
1925-07-01,,,,6.2632,,,,,,
1925-08-01,,,,6.1557,,,,,,
1925-09-01,,,,6.0751,,,,,,
1925-10-01,,,,6.317,,,,,,
1925-11-01,,,,6.4514,,,,,,
1925-12-01,,,,6.532,,,,,,
1926-01-01,,,,6.4245,,,,,,
1926-02-01,,,,6.4245,,,,,,
1926-03-01,,,,6.5051,,,,,,
1926-04-01,,,,6.5051,,,,,,
1926-05-01,,,,6.4514,,,,,,
1926-06-01,,,,6.532,,,,,,
1926-07-01,,,,6.5589,,,,,,
1926-08-01,,,,6.6396,,,,,,
1926-09-01,,,,6.7471,,,,,,
1926-10-01,,,,6.7471,,,,,,
1926-11-01,,,,6.7202,,,,,,
1926-12-01,,,,6.6933,,,,,,
1927-01-01,,,,6.6664,,,,,,
1927-02-01,,,,6.7202,,,,,,
1927-03-01,,,,6.8008,,,,,,
1927-04-01,,,,6.6396,,,,,,
1927-05-01,,,,6.6933,,,,,,
1927-06-01,,,,6.6664,,,,,,
1927-07-01,,,,6.5858,,,,,,
1927-08-01,,,,6.5858,,,,,,
1927-09-01,,,,6.4783,,,,,,
1927-10-01,,,,6.3439,,,,,,
1927-11-01,,,,6.3439,,,,,,
1927-12-01,,,,6.3707,,,,,,
1928-01-01,,,,6.5051,,,,,,
1928-02-01,,,,6.5589,,,,,,
1928-03-01,,,,6.6127,,,,,,
1928-04-01,,,,6.5858,,,,,,
1928-05-01,,,,6.6664,,,,,,
1928-06-01,,,,6.7202,,,,,,
1928-07-01,,,,6.8008,,,,,,
1928-08-01,,,,6.9352,,,,,,
1928-09-01,,,,6.989,,,,,,
1928-10-01,,,,7.1234,,,,,,
1928-11-01,,,,7.2578,,,,,,
1928-12-01,,,,7.3922,,,,,,
1929-01-01,,,,7.4997,,,,,,
1929-02-01,,,,7.4728,,,,,,
1929-03-01,,,,7.4997,,,,,,
1929-04-01,,,,7.6341,,,,,,
1929-05-01,,,,7.7685,,,,,,
1929-06-01,,,,7.8223,,,,,,
1929-07-01,,,,7.9298,,,,,,
1929-08-01,,,,7.8492,,,,,,
1929-09-01,,,,7.7954,,,,,,
1929-10-01,,,,7.661,,,,,,
1929-11-01,,,,7.2847,,,,,,
1929-12-01,,,,6.9621,,,,,,
1930-01-01,,,,6.9621,,,,,,
1930-02-01,,,,6.9352,,,,,,
1930-03-01,,,,6.8277,,,,,,
1930-04-01,,,,6.774,,,,,,
1930-05-01,,,,6.6664,,,,,,
1930-06-01,,,,6.4783,,,,,,
1930-07-01,,,,6.1826,,,,,,
1930-08-01,,,,6.0482,,,,,,
1930-09-01,,,,5.9406,,,,,,
1930-10-01,,,,5.7794,,,,,,
1930-11-01,,,,5.645,,,,,,
1930-12-01,,,,5.5106,,,,,,
1931-01-01,,,,5.4837,,,,,,
1931-02-01,,,,5.5106,,,,,,
1931-03-01,,,,5.6181,,,,,,
1931-04-01,,,,5.645,,,,,,
1931-05-01,,,,5.5643,,,,,,
1931-06-01,,,,5.4299,,,,,,
1931-07-01,,,,5.3493,,,,,,
1931-08-01,,,,5.1611,,,,,,
1931-09-01,,,,4.9192,,,,,,
1931-10-01,,,,4.731,,,,,,
1931-11-01,,,,4.6772,,,,,,
1931-12-01,,,,4.6504,,,,,,
1932-01-01,,,,4.516,,,,,,
1932-02-01,,,,4.4084,,,,,,
1932-03-01,,,,4.3547,,,,,,
1932-04-01,,,,4.059,,,,,,
1932-05-01,,,,3.9246,,,,,,
1932-06-01,,,,3.7902,,,,,,
1932-07-01,,,,3.6827,,,,,,
1932-08-01,,,,3.7902,,,,,,
1932-09-01,,,,4.0321,,,,,,
1932-10-01,,,,4.1665,,,,,,
1932-11-01,,,,4.1665,,,,,,
1932-12-01,,,,4.0859,,,,,,
1933-01-01,,,,4.0052,,,,,,
1933-02-01,,,,4.0321,,,,,,
1933-03-01,,,,3.7902,,,,,,
1933-04-01,,,,4.059,,,,,,
1933-05-01,,,,4.731,,,,,,
1933-06-01,,,,5.4568,,,,,,
1933-07-01,,,,5.9675,,,,,,
1933-08-01,,,,5.7256,,,,,,
1933-09-01,,,,5.403,,,,,,
1933-10-01,,,,5.1342,,,,,,
1933-11-01,,,,4.8385,,,,,,
1933-12-01,,,,4.8654,,,,,,
1934-01-01,,,,5.0267,,,,,,
1934-02-01,,,,5.2686,,,,,,
1934-03-01,,,,5.5106,,,,,,
1934-04-01,,,,5.5106,,,,,,
1934-05-01,,,,5.6181,,,,,,
1934-06-01,,,,5.5106,,,,,,
1934-07-01,,,,5.1342,,,,,,
1934-08-01,,,,5.0805,,,,,,
1934-09-01,,,,4.7848,,,,,,
1934-10-01,,,,4.9998,,,,,,
1934-11-01,,,,5.0536,,,,,,
1934-12-01,,,,5.3761,,,,,,
1935-01-01,,,,5.8062,,,,,,
1935-02-01,,,,5.9138,,,,,,
1935-03-01,,,,5.8869,,,,,,
1935-04-01,,,,5.7794,,,,,,
1935-05-01,,,,5.7794,,,,,,
1935-06-01,,,,5.86,,,,,,
1935-07-01,,,,5.86,,,,,,
1935-08-01,,,,6.075,,,,,,
1935-09-01,,,,6.2363,,,,,,
1935-10-01,,,,6.4245,,,,,,
1935-11-01,,,,6.5589,,,,,,
1935-12-01,,,,6.6395,,,,,,
1936-01-01,,,,6.532,,,,,,
1936-02-01,,,,6.3707,,,,,,
1936-03-01,,,,6.4514,,,,,,
1936-04-01,,,,6.8546,,,,,,
1936-05-01,,,,6.989,,,,,,
1936-06-01,,,,7.1234,,,,,,
1936-07-01,,,,7.2578,,,,,,
1936-08-01,,,,7.3653,,,,,,
1936-09-01,,,,7.4997,,,,,,
1936-10-01,,,,7.6073,,,,,,
1936-11-01,,,,7.8223,,,,,,
1936-12-01,,,,8.0642,,,,,,
1937-01-01,,,,8.0373,,,,,,
1937-02-01,,,,8.1449,,,,,,
1937-03-01,,,,8.333,,,,,,
1937-04-01,,,,8.333,,,,,,
1937-05-01,,,,8.3599,,,,,,
1937-06-01,,,,8.2524,,,,,,
1937-07-01,,,,8.3062,,,,,,
1937-08-01,,,,8.2524,,,,,,
1937-09-01,,,,7.9836,,,,,,
1937-10-01,,,,7.3922,,,,,,
1937-11-01,,,,6.6664,,,,,,
1937-12-01,,,,6.075,,,,,,
1938-01-01,,,,5.9406,,,,,,
1938-02-01,,,,5.8869,,,,,,
1938-03-01,,,,5.8869,,,,,,
1938-04-01,,,,5.7794,,,,,,
1938-05-01,,,,5.645,,,,,,
1938-06-01,,,,5.6987,,,,,,
1938-07-01,,,,6.0213,,,,,,
1938-08-01,,,,6.3439,,,,,,
1938-09-01,,,,6.532,,,,,,
1938-10-01,,,,6.6933,,,,,,
1938-11-01,,,,6.9621,,,,,,
1938-12-01,,,,7.0428,,,,,,
1939-01-01,,,,7.0428,,,,,,
1939-02-01,,,,7.0965,,,,,,
1939-03-01,,,,7.1234,,,,,,
1939-04-01,,,,7.0965,,,,,,
1939-05-01,,,,7.0696,,,,,,
1939-06-01,,,,7.2309,,,,,,
1939-07-01,,,,7.446,,,,,,
1939-08-01,,,,7.5535,,,,,,
1939-09-01,,,,8.0105,,,,,,
1939-10-01,,,,8.4137,,,,,,
1939-11-01,,,,8.6287,,,,,,
1939-12-01,,,,8.6287,,,,,,
1940-01-01,,,,8.5212,,,,,,
1940-02-01,,,,8.2524,,,,,,
1940-03-01,,,,8.0642,,,,,,
1940-04-01,,,,8.2255,,,,,,
1940-05-01,,,,8.4674,,,,,,
1940-06-01,,,,8.7362,,,,,,
1940-07-01,,,,8.8438,,,,,,
1940-08-01,,,,8.8975,,,,,,
1940-09-01,,,,9.0857,,,,,,
1940-10-01,,,,9.2201,,,,,,
1940-11-01,,,,9.4351,,,,,,
1940-12-01,,,,9.7577,,,,,,
1941-01-01,,,,9.9996,,,,,,
1941-02-01,,,,10.2953,,,,,,
1941-03-01,,,,10.6179,,,,,,
1941-04-01,,,,10.6448,,,,,,
1941-05-01,,,,11.1286,,,,,,
1941-06-01,,,,11.2093,,,,,,
1941-07-01,,,,11.3437,,,,,,
1941-08-01,,,,11.4781,,,,,,
1941-09-01,,,,11.4781,,,,,,
1941-10-01,,,,11.5856,,,,,,
1941-11-01,,,,11.6394,,,,,,
1941-12-01,,,,11.8275,,,,,,
1942-01-01,,,,12.0695,,,,,,
1942-02-01,,,,12.2845,,,,,,
1942-03-01,,,,12.4189,,,,,,
1942-04-01,,,,12.0695,,,,,,
1942-05-01,,,,12.0963,,,,,,
1942-06-01,,,,12.1232,,,,,,
1942-07-01,,,,12.4189,,,,,,
1942-08-01,,,,12.7952,,,,,,
1942-09-01,,,,13.0909,,,,,,
1942-10-01,,,,13.521,,,,,,
1942-11-01,,,,13.8436,,,,,,
1942-12-01,,,,14.1662,,,,,,
1943-01-01,,,,14.3006,,,,,,
1943-02-01,,,,14.6769,,,,,,
1943-03-01,,,,14.7844,,,,,,
1943-04-01,,,,14.9726,,,,,,
1943-05-01,,,,15.0801,,,,,,
1943-06-01,,,,14.9995,,,,,,
1943-07-01,,,,15.4564,,,,,,
1943-08-01,,,,15.779,,,,,,
1943-09-01,,,,16.1822,,,,,,
1943-10-01,,,,16.4241,,,,,,
1943-11-01,,,,16.6392,,,,,,
1943-12-01,,,,16.4241,,,,,,
1944-01-01,,,,16.6123,,,,,,
1944-02-01,,,,16.7467,,,,,,
1944-03-01,,,,16.7198,,,,,,
1944-04-01,,,,16.7198,,,,,,
1944-05-01,,,,16.6123,,,,,,
1944-06-01,,,,16.5585,,,,,,
1944-07-01,,,,16.5317,,,,,,
1944-08-01,,,,16.7467,,,,,,
1944-09-01,,,,16.6392,,,,,,
1944-10-01,,,,16.693,,,,,,
1944-11-01,,,,16.5585,,,,,,
1944-12-01,,,,16.5048,,,,,,
1945-01-01,,,,16.3435,,,,,,
1945-02-01,,,,16.2897,,,,,,
1945-03-01,,,,16.1822,,,,,,
1945-04-01,,,,15.8865,,,,,,
1945-05-01,,,,15.4564,,,,,,
1945-06-01,,,,15.107,,,,,,
1945-07-01,,,,14.7576,,,,,,
1945-08-01,,,,13.2253,,,,,,
1945-09-01,,,,12.0426,,,,,,
1945-10-01,,,,11.5587,,,,,,
1945-11-01,,,,11.9888,,,,,,
1945-12-01,,,,12.0426,,,,,,
1946-01-01,,,,11.3706,,,,,,
1946-02-01,,,,10.8061,,,,,,
1946-03-01,,,,11.9351,,,,,,
1946-04-01,,,,11.72,,,,,,
1946-05-01,,,,11.2899,,,,,,
1946-06-01,,,,11.9888,,,,,,
1946-07-01,,,,12.392,,,,,,
1946-08-01,,,,12.849,,,,,,
1946-09-01,,,,13.0909,,,,,,
1946-10-01,,,,13.3329,,,,,,
1946-11-01,,,,13.4135,,,,,,
1946-12-01,,,,13.4941,,,,,,
1947-01-01,21.48,,243.164,13.6554,,,,,,
1947-02-01,21.62,,,13.7361,,,,,,
1947-03-01,22.0,,,13.8167,,,,,,
1947-04-01,22.0,,245.968,13.7092,,,,,,
1947-05-01,21.95,,,13.7629,,,,,,
1947-06-01,22.08,,,13.7629,,,,,,
1947-07-01,22.23,,249.585,13.6823,,,,,,
1947-08-01,22.4,,,13.7629,,,,,,
1947-09-01,22.84,,,13.8705,,,,,,
1947-10-01,22.91,,259.745,14.0049,,,,,,
1947-11-01,23.06,,,14.193,,,,,,
1947-12-01,23.41,,,14.2468,,,,,,
1948-01-01,23.68,3.4,265.742,14.3274,,,,,,
1948-02-01,23.67,3.8,,14.3543,,,,,,
1948-03-01,23.5,4.0,,14.1931,,,,,,
1948-04-01,23.82,3.9,272.567,14.2199,,,,,,
1948-05-01,24.01,3.5,,14.4618,,,,,,
1948-06-01,24.15,3.6,,14.65,,,,,,
1948-07-01,24.4,3.6,279.196,14.65,,,,,,
1948-08-01,24.43,3.9,,14.5962,,,,,,
1948-09-01,24.36,3.8,,14.4887,,,,,,
1948-10-01,24.31,3.7,280.366,14.5963,,,,,,
1948-11-01,24.16,3.8,,14.4081,,,,,,
1948-12-01,24.05,4.0,,14.2737,,,,,,
1949-01-01,24.01,4.3,275.034,14.1393,,,,,,
1949-02-01,23.91,4.7,,14.0049,,,,,,
1949-03-01,23.91,5.0,,13.7361,,,,,,
1949-04-01,23.92,5.3,271.351,13.6554,,,,,,
1949-05-01,23.91,6.1,,13.4673,,,,,,
1949-06-01,23.92,6.2,,13.4404,,,,,,
1949-07-01,23.7,6.7,272.889,13.4135,,,,,,
1949-08-01,23.7,6.8,,13.5479,,,,,,
1949-09-01,23.75,6.6,,13.6823,,,,,,
1949-10-01,23.67,7.9,270.627,13.1716,,,,,,
1949-11-01,23.7,6.4,,13.521,,,,,,
1949-12-01,23.61,6.6,,13.7629,,,,,,
1950-01-01,23.51,6.5,280.828,14.0049,,,,,,
1950-02-01,23.61,6.4,,14.0586,,,,,,
1950-03-01,23.64,6.3,,14.5156,,,,,,
1950-04-01,23.65,5.8,290.383,14.9995,,,,,,
1950-05-01,23.77,5.5,,15.3489,,,,,,
1950-06-01,23.88,5.4,,15.8059,,,,,,
1950-07-01,24.07,5.0,308.153,16.3166,,,,,,
1950-08-01,24.2,4.5,,16.8274,,,,,,
1950-09-01,24.34,4.4,,16.7198,,,,,,
1950-10-01,24.5,4.2,319.945,16.8273,,,,,,
1950-11-01,24.6,4.2,,16.8005,,,,,,
1950-12-01,24.98,4.3,,17.0962,,,,,,
1951-01-01,25.38,3.7,336.0,17.1499,,,,,,
1951-02-01,25.83,3.4,,17.2575,,,,,,
1951-03-01,25.88,3.4,,17.3381,,,,,,
1951-04-01,25.92,3.1,344.09,17.365,,,,,,
1951-05-01,25.99,3.0,,17.3112,,,,,,
1951-06-01,25.93,3.2,,17.2306,,,,,,
1951-07-01,25.91,3.1,351.385,16.9618,,,,,,
1951-08-01,25.86,3.1,,16.8005,,,,,,
1951-09-01,26.03,3.3,,16.908,,,,,,
1951-10-01,26.16,3.5,356.178,16.8811,,,,,,
1951-11-01,26.32,3.5,,17.0155,,,,,,
1951-12-01,26.47,3.1,,17.123,,,,,,
1952-01-01,26.45,3.2,359.82,17.3112,,,,,,
1952-02-01,26.41,3.1,,17.4187,,,,,,
1952-03-01,26.39,2.9,,17.4725,,,,,,
1952-04-01,26.46,2.9,361.03,17.3112,,,,,,
1952-05-01,26.47,3.0,,17.1499,,,,,,
1952-06-01,26.53,3.0,,16.9886,,,,,,
1952-07-01,26.68,3.2,367.701,16.7198,,,,,,
1952-08-01,26.69,3.4,,17.7951,,,,,,
1952-09-01,26.63,3.1,,18.4402,,,,,,
1952-10-01,26.69,3.0,380.812,18.6284,,,,,,
1952-11-01,26.69,2.8,,19.0047,,,,,,
1952-12-01,26.71,2.7,,19.1122,,,,,,
1953-01-01,26.64,2.9,387.98,19.166,,,,,,
1953-02-01,26.59,2.6,,19.2735,,,,,,
1953-03-01,26.63,2.6,,19.4348,,,,,,
1953-04-01,26.69,2.7,391.749,19.5154,,,,,,
1953-05-01,26.7,2.5,,19.6229,,,,,,
1953-06-01,26.77,2.5,,19.5423,,,,,,
1953-07-01,26.79,2.6,391.171,19.7842,,,,,,
1953-08-01,26.85,2.7,,19.6767,,,,,,
1953-09-01,26.89,2.9,,19.2735,,,,,,
1953-10-01,26.95,3.1,385.97,19.1122,,,,,,
1953-11-01,26.85,3.5,,18.6553,,,,,,
1953-12-01,26.87,4.5,,18.1983,,,,,,
1954-01-01,26.94,4.9,385.345,18.0639,,,,,,
1954-02-01,26.99,5.2,,18.1176,,,,,,
1954-03-01,26.93,5.7,,18.0101,,,,,,
1954-04-01,26.86,5.9,386.121,17.9026,,,,,,
1954-05-01,26.93,5.9,,18.0101,,,,,,
1954-06-01,26.94,5.6,,18.0639,,,,,,
1954-07-01,26.86,5.8,390.996,18.0907,0.8,,,,,
1954-08-01,26.85,6.0,,18.0639,1.22,,,,,
1954-09-01,26.81,6.1,,18.0908,1.07,,,,,
1954-10-01,26.72,5.7,399.734,18.3058,0.85,,,,,
1954-11-01,26.78,5.3,,18.6015,0.83,,,,,
1954-12-01,26.77,5.0,,18.8434,1.28,,,,,
1955-01-01,26.77,4.9,413.073,19.2735,1.39,,,,,
1955-02-01,26.82,4.7,,19.5154,1.29,,,,,
1955-03-01,26.79,4.6,,19.9724,1.35,,,,,
1955-04-01,26.79,4.7,421.532,20.2143,1.43,,,,,
1955-05-01,26.77,4.3,,20.5369,1.43,,,,,
1955-06-01,26.71,4.2,,20.5638,1.64,,,,,
1955-07-01,26.76,4.0,430.221,20.7251,1.68,,,,,
1955-08-01,26.72,4.2,,20.6982,1.96,,,,,
1955-09-01,26.85,4.1,,20.8326,2.18,,,,,
1955-10-01,26.82,4.3,437.092,21.182,2.24,,,,,
1955-11-01,26.88,4.2,,21.2358,2.35,,,,,
1955-12-01,26.87,4.2,,21.3164,2.48,,,,,
1956-01-01,26.83,4.0,439.746,21.4508,2.45,,,,,
1956-02-01,26.86,3.9,,21.2627,2.5,,,,,
1956-03-01,26.89,4.2,,21.2627,2.5,,,,,
1956-04-01,26.93,4.0,446.01,21.424,2.62,,,,,
1956-05-01,27.03,4.3,,21.2358,2.75,,,,,
1956-06-01,27.15,4.3,,21.0476,2.71,,,,,
1956-07-01,27.29,4.4,451.191,20.4025,2.75,,,,,
1956-08-01,27.31,4.1,,21.2358,2.73,,,,,
1956-09-01,27.35,3.9,,21.7197,2.95,,,,,
1956-10-01,27.51,3.9,460.463,21.9078,2.96,,,,,
1956-11-01,27.51,4.3,,21.7197,2.88,,,,,
1956-12-01,27.63,4.2,,22.0422,2.94,,,,,
1957-01-01,27.67,4.2,469.779,21.9616,2.84,,,,,
1957-02-01,27.8,3.9,,22.1766,3.0,,,,,
1957-03-01,27.86,3.7,,22.1498,2.96,,,,,
1957-04-01,27.93,3.9,472.025,21.8541,3.0,,,,,
1957-05-01,28.0,4.1,,21.7734,3.0,,,,,
1957-06-01,28.11,4.3,,21.8272,3.0,,,,,
1957-07-01,28.19,4.2,479.49,21.9616,2.99,,,,,
1957-08-01,28.28,4.1,,21.9616,3.24,,,,,
1957-09-01,28.32,4.4,,21.7734,3.47,,,,,
1957-10-01,28.32,4.5,474.864,21.4508,3.5,,,,,
1957-11-01,28.41,5.1,,20.9401,3.28,,,,,
1957-12-01,28.47,5.2,,20.5369,2.98,,,,,
1958-01-01,28.64,5.8,467.54,20.1606,2.72,,,,,
1958-02-01,28.7,6.4,,19.7305,1.67,,,,,
1958-03-01,28.87,6.7,,19.4885,1.2,,,,,
1958-04-01,28.94,7.4,471.978,19.166,1.26,,,,,
1958-05-01,28.94,7.4,,19.3541,0.63,,,,,
1958-06-01,28.91,7.3,,19.8649,0.93,,,,,
1958-07-01,28.89,7.5,485.841,20.1606,0.68,,,,,
1958-08-01,28.94,7.4,,20.5638,1.53,,,,,
1958-09-01,28.91,7.1,,20.752,1.76,,,,,
1958-10-01,28.91,6.7,499.555,20.9939,1.8,,,,,
1958-11-01,28.95,6.2,,21.6121,2.27,,,,,
1958-12-01,28.97,6.2,,21.639,2.42,,,,,
1959-01-01,29.01,6.0,510.33,21.9616,2.48,391.8,,1657.0,,
1959-02-01,29.0,5.9,,22.3917,2.43,393.7,,1667.0,,
1959-03-01,28.97,5.6,,22.7142,2.8,396.5,,1620.0,,
1959-04-01,28.98,5.2,522.653,23.1981,2.96,399.9,,1590.0,,
1959-05-01,29.04,5.1,,23.5476,2.9,402.4,,1498.0,,
1959-06-01,29.11,5.0,,23.5744,3.39,404.8,,1503.0,,
1959-07-01,29.15,5.1,525.034,23.0099,3.47,405.4,,1547.0,,
1959-08-01,29.18,5.2,,22.2304,3.5,403.7,,1430.0,,
1959-09-01,29.25,5.5,,22.2035,3.76,405.1,,1540.0,,
1959-10-01,29.35,5.7,528.6,22.0422,3.98,406.6,,1355.0,,
1959-11-01,29.35,5.8,,22.1766,4.0,409.9,,1416.0,,
1959-12-01,29.41,5.3,,23.5475,3.99,414.6,,1601.0,,
1960-01-01,29.37,5.2,542.648,24.1658,3.99,415.7,,1460.0,,
1960-02-01,29.41,4.8,,23.9508,3.97,416.6,,1503.0,,
1960-03-01,29.41,5.4,,23.7357,3.84,417.6,,1109.0,,
1960-04-01,29.54,5.2,541.08,23.5476,3.92,420.6,,1289.0,,
1960-05-01,29.57,5.1,,23.5207,3.85,422.1,,1271.0,,
1960-06-01,29.61,5.4,,23.225,3.32,422.6,,1247.0,,
1960-07-01,29.55,5.5,545.604,23.1443,3.23,424.1,,1197.0,,
1960-08-01,29.61,5.6,,23.1175,2.98,424.1,,1344.0,,
1960-09-01,29.61,5.5,,22.8755,2.6,424.9,,1097.0,,
1960-10-01,29.75,6.1,540.197,22.8487,2.47,426.7,,1246.0,,
1960-11-01,29.78,6.1,,22.5261,2.44,426.3,,1246.0,,
1960-12-01,29.81,6.6,,22.096,1.98,424.4,,1063.0,,
1961-01-01,29.84,6.6,545.018,22.1229,1.45,428.3,,1183.0,,
1961-02-01,29.84,6.9,,22.096,2.54,430.3,,1226.0,,
1961-03-01,29.84,6.9,,22.2304,2.02,431.9,,1312.0,,
1961-04-01,29.81,7.0,555.545,22.6874,1.49,432.5,,1166.0,,
1961-05-01,29.84,7.1,,23.0368,1.98,436.1,,1228.0,,
1961-06-01,29.84,6.9,,23.3594,1.73,440.5,,1382.0,,
1961-07-01,29.92,7.0,567.664,23.6282,1.17,442.7,,1335.0,,
1961-08-01,29.94,6.6,,23.8432,2.0,443.3,,1312.0,,
1961-09-01,29.98,6.7,,23.8164,1.88,444.3,,1429.0,,
1961-10-01,29.98,6.5,580.612,24.2733,2.26,448.7,,1415.0,,
1961-11-01,29.98,6.1,,24.6497,2.61,452.7,,1385.0,,
1961-12-01,30.01,6.0,,24.8647,2.33,455.6,,1365.0,,
1962-01-01,30.04,5.8,594.013,24.6496,2.15,456.0,,1361.0,,
1962-01-02,,,,,,,,,4.06,
1962-01-03,,,,,,,,,4.03,
1962-01-04,,,,,,,,,3.99,
1962-01-05,,,,,,,,,4.02,
1962-01-08,,,,,,,,,4.03,
1962-01-09,,,,,,,,,4.05,
1962-01-10,,,,,,,,,4.07,
1962-01-11,,,,,,,,,4.08,
1962-01-12,,,,,,,,,4.08,
1962-01-15,,,,,,,,,4.1,
1962-01-16,,,,,,,,,4.13,
1962-01-17,,,,,,,,,4.12,
1962-01-18,,,,,,,,,4.11,
1962-01-19,,,,,,,,,4.11,
1962-01-22,,,,,,,,,4.09,
1962-01-23,,,,,,,,,4.11,
1962-01-24,,,,,,,,,4.1,
1962-01-25,,,,,,,,,4.11,
1962-01-26,,,,,,,,,4.11,
1962-01-29,,,,,,,,,4.12,
1962-01-30,,,,,,,,,4.11,
1962-01-31,,,,,,,,,4.1,
1962-02-01,30.11,5.5,,25.0529,2.37,459.1,,1278.0,4.09,
1962-02-02,,,,,,,,,4.08,
1962-02-05,,,,,,,,,4.07,
1962-02-06,,,,,,,,,4.06,
1962-02-07,,,,,,,,,4.07,
1962-02-08,,,,,,,,,4.07,
1962-02-09,,,,,,,,,4.05,
1962-02-12,,,,,,,,,,
1962-02-13,,,,,,,,,4.03,
1962-02-14,,,,,,,,,4.03,
1962-02-15,,,,,,,,,4.02,
1962-02-16,,,,,,,,,4.02,
1962-02-19,,,,,,,,,4.01,
1962-02-20,,,,,,,,,4.05,
1962-02-21,,,,,,,,,4.03,
1962-02-22,,,,,,,,,,
1962-02-23,,,,,,,,,4.02,
1962-02-26,,,,,,,,,4.0,
1962-02-27,,,,,,,,,4.01,
1962-02-28,,,,,,,,,4.0,
1962-03-01,30.17,5.6,,25.1873,2.85,462.9,,1443.0,3.98,
1962-03-02,,,,,,,,,3.98,
1962-03-05,,,,,,,,,4.0,
1962-03-06,,,,,,,,,4.01,
1962-03-07,,,,,,,,,4.0,
1962-03-08,,,,,,,,,3.98,
1962-03-09,,,,,,,,,3.96,
1962-03-12,,,,,,,,,3.94,
1962-03-13,,,,,,,,,3.92,
1962-03-14,,,,,,,,,3.93,
1962-03-15,,,,,,,,,3.96,
1962-03-16,,,,,,,,,3.96,
1962-03-19,,,,,,,,,3.93,
1962-03-20,,,,,,,,,3.91,
1962-03-21,,,,,,,,,3.86,
1962-03-22,,,,,,,,,3.83,
1962-03-23,,,,,,,,,3.87,
1962-03-26,,,,,,,,,3.89,
1962-03-27,,,,,,,,,3.9,
1962-03-28,,,,,,,,,3.9,
1962-03-29,,,,,,,,,3.9,
1962-03-30,,,,,,,,,3.86,
1962-04-01,30.21,5.6,600.366,25.241,2.78,465.8,,1524.0,,
1962-04-02,,,,,,,,,3.86,
1962-04-03,,,,,,,,,3.83,
1962-04-04,,,,,,,,,3.78,
1962-04-05,,,,,,,,,3.84,
1962-04-06,,,,,,,,,3.81,
1962-04-09,,,,,,,,,3.83,
1962-04-10,,,,,,,,,3.83,
1962-04-11,,,,,,,,,3.87,
1962-04-12,,,,,,,,,3.86,
1962-04-13,,,,,,,,,3.85,
1962-04-16,,,,,,,,,3.83,
1962-04-17,,,,,,,,,3.82,
1962-04-18,,,,,,,,,3.81,
1962-04-19,,,,,,,,,3.82,
1962-04-20,,,,,,,,,,
1962-04-23,,,,,,,,,3.86,
1962-04-24,,,,,,,,,3.87,
1962-04-25,,,,,,,,,3.88,
1962-04-26,,,,,,,,,3.89,
1962-04-27,,,,,,,,,3.86,
1962-04-30,,,,,,,,,3.86,
1962-05-01,30.24,5.5,,25.2141,2.36,466.8,,1483.0,3.85,
1962-05-02,,,,,,,,,3.86,
1962-05-03,,,,,,,,,3.86,
1962-05-04,,,,,,,,,3.87,
1962-05-07,,,,,,,,,3.86,
1962-05-08,,,,,,,,,3.85,
1962-05-09,,,,,,,,,3.82,
1962-05-10,,,,,,,,,3.83,
1962-05-11,,,,,,,,,3.82,
1962-05-14,,,,,,,,,3.85,
1962-05-15,,,,,,,,,3.87,
1962-05-16,,,,,,,,,3.86,
1962-05-17,,,,,,,,,3.87,
1962-05-18,,,,,,,,,3.93,
1962-05-21,,,,,,,,,3.94,
1962-05-22,,,,,,,,,3.93,
1962-05-23,,,,,,,,,3.91,
1962-05-24,,,,,,,,,3.9,
1962-05-25,,,,,,,,,3.88,
1962-05-28,,,,,,,,,3.87,
1962-05-29,,,,,,,,,3.89,
1962-05-30,,,,,,,,,,
1962-05-31,,,,,,,,,3.9,
1962-06-01,30.21,5.5,,25.1604,2.68,467.7,,1404.0,3.89,
1962-06-04,,,,,,,,,3.88,
1962-06-05,,,,,,,,,3.89,
1962-06-06,,,,,,,,,3.89,
1962-06-07,,,,,,,,,3.87,
1962-06-08,,,,,,,,,3.86,
1962-06-11,,,,,,,,,3.87,
1962-06-12,,,,,,,,,3.86,
1962-06-13,,,,,,,,,3.87,
1962-06-14,,,,,,,,,3.9,
1962-06-15,,,,,,,,,3.89,
1962-06-18,,,,,,,,,3.91,
1962-06-19,,,,,,,,,3.93,
1962-06-20,,,,,,,,,3.92,
1962-06-21,,,,,,,,,3.9,
1962-06-22,,,,,,,,,3.9,
1962-06-25,,,,,,,,,3.95,
1962-06-26,,,,,,,,,3.97,
1962-06-27,,,,,,,,,3.96,
1962-06-28,,,,,,,,,3.98,
1962-06-29,,,,,,,,,4.0,
1962-07-01,30.22,5.4,609.027,25.4023,2.71,469.7,,1450.0,,
1962-07-02,,,,,,,,,4.0,
1962-07-03,,,,,,,,,4.0,
1962-07-04,,,,,,,,,,
1962-07-05,,,,,,,,,4.0,
1962-07-06,,,,,,,,,4.02,
1962-07-09,,,,,,,,,4.05,
1962-07-10,,,,,,,,,4.02,
1962-07-11,,,,,,,,,3.99,
1962-07-12,,,,,,,,,4.0,
1962-07-13,,,,,,,,,4.0,
1962-07-16,,,,,,,,,4.01,
1962-07-17,,,,,,,,,4.03,
1962-07-18,,,,,,,,,4.02,
1962-07-19,,,,,,,,,4.02,
1962-07-20,,,,,,,,,4.01,
1962-07-23,,,,,,,,,4.0,
1962-07-24,,,,,,,,,4.01,
1962-07-25,,,,,,,,,4.02,
1962-07-26,,,,,,,,,4.01,
1962-07-27,,,,,,,,,4.02,
1962-07-30,,,,,,,,,4.03,
1962-07-31,,,,,,,,,4.04,
1962-08-01,30.28,5.7,,25.4292,2.93,471.1,,1517.0,4.03,
1962-08-02,,,,,,,,,4.0,
1962-08-03,,,,,,,,,4.01,
1962-08-06,,,,,,,,,4.01,
1962-08-07,,,,,,,,,4.02,
1962-08-08,,,,,,,,,4.01,
1962-08-09,,,,,,,,,3.99,
1962-08-10,,,,,,,,,3.99,
1962-08-13,,,,,,,,,3.99,
1962-08-14,,,,,,,,,3.98,
1962-08-15,,,,,,,,,3.98,
1962-08-16,,,,,,,,,3.96,
1962-08-17,,,,,,,,,3.96,
1962-08-20,,,,,,,,,3.94,
1962-08-21,,,,,,,,,3.94,
1962-08-22,,,,,,,,,3.95,
1962-08-23,,,,,,,,,3.95,
1962-08-24,,,,,,,,,3.95,
1962-08-27,,,,,,,,,3.95,
1962-08-28,,,,,,,,,3.96,
1962-08-29,,,,,,,,,3.96,
1962-08-30,,,,,,,,,3.95,
1962-08-31,,,,,,,,,3.96,
1962-09-01,30.42,5.6,,25.5905,2.9,473.7,,1324.0,,
1962-09-03,,,,,,,,,,
1962-09-04,,,,,,,,,3.96,
1962-09-05,,,,,,,,,3.97,
1962-09-06,,,,,,,,,3.99,
1962-09-07,,,,,,,,,4.01,
1962-09-10,,,,,,,,,4.0,
1962-09-11,,,,,,,,,4.0,
1962-09-12,,,,,,,,,4.0,
1962-09-13,,,,,,,,,3.99,
1962-09-14,,,,,,,,,3.99,
1962-09-17,,,,,,,,,3.99,
1962-09-18,,,,,,,,,3.98,
1962-09-19,,,,,,,,,3.99,
1962-09-20,,,,,,,,,3.98,
1962-09-21,,,,,,,,,3.98,
1962-09-24,,,,,,,,,3.97,
1962-09-25,,,,,,,,,3.96,
1962-09-26,,,,,,,,,3.95,
1962-09-27,,,,,,,,,3.95,
1962-09-28,,,,,,,,,3.94,
1962-10-01,30.38,5.4,612.28,25.6174,2.9,475.7,,1533.0,3.93,
1962-10-02,,,,,,,,,3.92,
1962-10-03,,,,,,,,,3.9,
1962-10-04,,,,,,,,,3.9,
1962-10-05,,,,,,,,,3.92,
1962-10-08,,,,,,,,,3.93,
1962-10-09,,,,,,,,,3.95,
1962-10-10,,,,,,,,,3.93,
1962-10-11,,,,,,,,,3.94,
1962-10-12,,,,,,,,,,
1962-10-15,,,,,,,,,3.94,
1962-10-16,,,,,,,,,3.94,
1962-10-17,,,,,,,,,3.94,
1962-10-18,,,,,,,,,3.92,
1962-10-19,,,,,,,,,3.88,
1962-10-22,,,,,,,,,3.91,
1962-10-23,,,,,,,,,3.94,
1962-10-24,,,,,,,,,3.94,
1962-10-25,,,,,,,,,3.94,
1962-10-26,,,,,,,,,3.93,
1962-10-29,,,,,,,,,3.92,
1962-10-30,,,,,,,,,3.92,
1962-10-31,,,,,,,,,3.92,
1962-11-01,30.38,5.7,,25.7249,2.94,477.8,,1622.0,3.92,
1962-11-02,,,,,,,,,3.91,
1962-11-05,,,,,,,,,3.91,
1962-11-06,,,,,,,,,,
1962-11-07,,,,,,,,,3.91,
1962-11-08,,,,,,,,,3.9,
1962-11-09,,,,,,,,,3.89,
1962-11-12,,,,,,,,,,
1962-11-13,,,,,,,,,3.9,
1962-11-14,,,,,,,,,3.91,
1962-11-15,,,,,,,,,3.91,
1962-11-16,,,,,,,,,3.93,
1962-11-19,,,,,,,,,3.93,
1962-11-20,,,,,,,,,3.93,
1962-11-21,,,,,,,,,3.92,
1962-11-22,,,,,,,,,,
1962-11-23,,,,,,,,,3.92,
1962-11-26,,,,,,,,,3.93,
1962-11-27,,,,,,,,,3.92,
1962-11-28,,,,,,,,,3.92,
1962-11-29,,,,,,,,,3.92,
1962-11-30,,,,,,,,,3.92,
1962-12-01,30.38,5.5,,25.7249,2.93,479.8,,1564.0,,
1962-12-03,,,,,,,,,3.93,
1962-12-04,,,,,,,,,3.94,
1962-12-05,,,,,,,,,3.93,
1962-12-06,,,,,,,,,3.92,
1962-12-07,,,,,,,,,3.91,
1962-12-10,,,,,,,,,3.9,
1962-12-11,,,,,,,,,3.89,
1962-12-12,,,,,,,,,3.88,
1962-12-13,,,,,,,,,3.88,
1962-12-14,,,,,,,,,3.87,
1962-12-17,,,,,,,,,3.85,
1962-12-18,,,,,,,,,3.83,
1962-12-19,,,,,,,,,3.84,
1962-12-20,,,,,,,,,3.83,
1962-12-21,,,,,,,,,3.81,
1962-12-24,,,,,,,,,3.79,
1962-12-25,,,,,,,,,,
1962-12-26,,,,,,,,,3.79,
1962-12-27,,,,,,,,,3.81,
1962-12-28,,,,,,,,,3.84,
1962-12-31,,,,,,,,,3.85,
1963-01-01,30.44,5.7,621.672,25.913,2.92,484.0,,1244.0,,
1963-01-02,,,,,,,,,3.82,
1963-01-03,,,,,,,,,3.81,
1963-01-04,,,,,,,,,3.84,
1963-01-07,,,,,,,,,3.83,
1963-01-08,,,,,,,,,3.81,
1963-01-09,,,,,,,,,3.82,
1963-01-10,,,,,,,,,3.81,
1963-01-11,,,,,,,,,3.8,
1963-01-14,,,,,,,,,3.81,
1963-01-15,,,,,,,,,3.8,
1963-01-16,,,,,,,,,3.8,
1963-01-17,,,,,,,,,3.82,
1963-01-18,,,,,,,,,3.84,
1963-01-21,,,,,,,,,3.85,
1963-01-22,,,,,,,,,3.86,
1963-01-23,,,,,,,,,3.86,
1963-01-24,,,,,,,,,3.86,
1963-01-25,,,,,,,,,3.85,
1963-01-28,,,,,,,,,3.86,
1963-01-29,,,,,,,,,3.86,
1963-01-30,,,,,,,,,3.86,
1963-01-31,,,,,,,,,3.87,
1963-02-01,30.48,5.9,,26.2088,3.0,481.9,,1456.0,3.88,
1963-02-04,,,,,,,,,3.89,
1963-02-05,,,,,,,,,3.9,
1963-02-06,,,,,,,,,3.91,
1963-02-07,,,,,,,,,3.91,
1963-02-08,,,,,,,,,3.91,
1963-02-11,,,,,,,,,3.92,
1963-02-12,,,,,,,,,,
1963-02-13,,,,,,,,,3.92,
1963-02-14,,,,,,,,,3.91,
1963-02-15,,,,,,,,,3.91,
1963-02-18,,,,,,,,,3.91,
1963-02-19,,,,,,,,,3.93,
1963-02-20,,,,,,,,,3.94,
1963-02-21,,,,,,,,,3.95,
1963-02-22,,,,,,,,,,
1963-02-25,,,,,,,,,3.95,
1963-02-26,,,,,,,,,3.95,
1963-02-27,,,,,,,,,3.95,
1963-02-28,,,,,,,,,3.94,
1963-03-01,30.51,5.7,,26.37,2.98,483.7,,1534.0,3.93,
1963-03-04,,,,,,,,,3.92,
1963-03-05,,,,,,,,,3.92,
1963-03-06,,,,,,,,,3.91,
1963-03-07,,,,,,,,,3.92,
1963-03-08,,,,,,,,,3.92,
1963-03-11,,,,,,,,,3.92,
1963-03-12,,,,,,,,,3.92,
1963-03-13,,,,,,,,,3.92,
1963-03-14,,,,,,,,,3.92,
1963-03-15,,,,,,,,,3.92,
1963-03-18,,,,,,,,,3.92,
1963-03-19,,,,,,,,,3.92,
1963-03-20,,,,,,,,,3.92,
1963-03-21,,,,,,,,,3.92,
1963-03-22,,,,,,,,,3.93,
1963-03-25,,,,,,,,,3.94,
1963-03-26,,,,,,,,,3.96,
1963-03-27,,,,,,,,,3.96,
1963-03-28,,,,,,,,,3.96,
1963-03-29,,,,,,,,,3.95,
1963-04-01,30.48,5.7,629.752,26.612,2.9,485.0,,1689.0,3.95,
1963-04-02,,,,,,,,,3.96,
1963-04-03,,,,,,,,,3.96,
1963-04-04,,,,,,,,,3.95,
1963-04-05,,,,,,,,,3.95,
1963-04-08,,,,,,,,,3.97,
1963-04-09,,,,,,,,,3.98,
1963-04-10,,,,,,,,,4.0,
1963-04-11,,,,,,,,,4.0,
1963-04-12,,,,,,,,,,
1963-04-15,,,,,,,,,4.01,
1963-04-16,,,,,,,,,4.0,
1963-04-17,,,,,,,,,4.0,
1963-04-18,,,,,,,,,3.99,
1963-04-19,,,,,,,,,3.97,
1963-04-22,,,,,,,,,3.97,
1963-04-23,,,,,,,,,3.97,
1963-04-24,,,,,,,,,3.96,
1963-04-25,,,,,,,,,3.95,
1963-04-26,,,,,,,,,3.95,
1963-04-29,,,,,,,,,3.95,
1963-04-30,,,,,,,,,3.95,
1963-05-01,30.51,5.9,,26.9345,3.0,487.9,,1641.0,3.94,
1963-05-02,,,,,,,,,3.94,
1963-05-03,,,,,,,,,3.93,
1963-05-06,,,,,,,,,3.92,
1963-05-07,,,,,,,,,3.91,
1963-05-08,,,,,,,,,3.92,
1963-05-09,,,,,,,,,3.93,
1963-05-10,,,,,,,,,3.93,
1963-05-13,,,,,,,,,3.92,
1963-05-14,,,,,,,,,3.91,
1963-05-15,,,,,,,,,3.91,
1963-05-16,,,,,,,,,3.9,
1963-05-17,,,,,,,,,3.92,
1963-05-20,,,,,,,,,3.93,
1963-05-21,,,,,,,,,3.92,
1963-05-22,,,,,,,,,3.92,
1963-05-23,,,,,,,,,3.93,
1963-05-24,,,,,,,,,3.95,
1963-05-27,,,,,,,,,3.95,
1963-05-28,,,,,,,,,3.96,
1963-05-29,,,,,,,,,3.96,
1963-05-30,,,,,,,,,,
1963-05-31,,,,,,,,,3.96,
1963-06-01,30.61,5.6,,27.0152,2.99,491.3,,1588.0,,
1963-06-03,,,,,,,,,3.98,
1963-06-04,,,,,,,,,3.98,
1963-06-05,,,,,,,,,3.98,
1963-06-06,,,,,,,,,3.99,
1963-06-07,,,,,,,,,3.99,
1963-06-10,,,,,,,,,3.99,
1963-06-11,,,,,,,,,3.98,
1963-06-12,,,,,,,,,3.99,
1963-06-13,,,,,,,,,3.99,
1963-06-14,,,,,,,,,3.99,
1963-06-17,,,,,,,,,4.0,
1963-06-18,,,,,,,,,4.0,
1963-06-19,,,,,,,,,4.0,
1963-06-20,,,,,,,,,4.0,
1963-06-21,,,,,,,,,4.0,
1963-06-24,,,,,,,,,4.0,
1963-06-25,,,,,,,,,4.0,
1963-06-26,,,,,,,,,4.0,
1963-06-27,,,,,,,,,4.0,
1963-06-28,,,,,,,,,4.0,
1963-07-01,30.69,5.6,644.444,26.9076,3.02,492.5,,1614.0,4.01,
1963-07-02,,,,,,,,,4.03,
1963-07-03,,,,,,,,,4.03,
1963-07-04,,,,,,,,,,
1963-07-05,,,,,,,,,4.04,
1963-07-08,,,,,,,,,4.05,
1963-07-09,,,,,,,,,4.04,
1963-07-10,,,,,,,,,4.03,
1963-07-11,,,,,,,,,4.04,
1963-07-12,,,,,,,,,4.03,
1963-07-15,,,,,,,,,4.02,
1963-07-16,,,,,,,,,4.02,
1963-07-17,,,,,,,,,4.03,
1963-07-18,,,,,,,,,4.02,
1963-07-19,,,,,,,,,4.02,
1963-07-22,,,,,,,,,4.02,
1963-07-23,,,,,,,,,4.02,
1963-07-24,,,,,,,,,4.01,
1963-07-25,,,,,,,,,4.01,
1963-07-26,,,,,,,,,3.99,
1963-07-29,,,,,,,,,3.99,
1963-07-30,,,,,,,,,4.0,
1963-07-31,,,,,,,,,4.0,
1963-08-01,30.75,5.4,,26.9614,3.49,494.9,,1639.0,3.99,
1963-08-02,,,,,,,,,3.99,
1963-08-05,,,,,,,,,3.99,
1963-08-06,,,,,,,,,4.0,
1963-08-07,,,,,,,,,4.01,
1963-08-08,,,,,,,,,4.0,
1963-08-09,,,,,,,,,4.0,
1963-08-12,,,,,,,,,4.01,
1963-08-13,,,,,,,,,4.02,
1963-08-14,,,,,,,,,4.02,
1963-08-15,,,,,,,,,4.01,
1963-08-16,,,,,,,,,4.0,
1963-08-19,,,,,,,,,3.99,
1963-08-20,,,,,,,,,3.99,
1963-08-21,,,,,,,,,4.0,
1963-08-22,,,,,,,,,4.0,
1963-08-23,,,,,,,,,4.0,
1963-08-26,,,,,,,,,4.0,
1963-08-27,,,,,,,,,4.0,
1963-08-28,,,,,,,,,4.0,
1963-08-29,,,,,,,,,4.01,
1963-08-30,,,,,,,,,4.02,
1963-09-01,30.72,5.5,,27.2302,3.48,498.2,,1763.0,,
1963-09-02,,,,,,,,,,
1963-09-03,,,,,,,,,4.03,
1963-09-04,,,,,,,,,4.04,
1963-09-05,,,,,,,,,4.08,
1963-09-06,,,,,,,,,4.09,
1963-09-09,,,,,,,,,4.09,
1963-09-10,,,,,,,,,4.09,
1963-09-11,,,,,,,,,4.09,
1963-09-12,,,,,,,,,4.09,
1963-09-13,,,,,,,,,4.09,
1963-09-16,,,,,,,,,4.09,
1963-09-17,,,,,,,,,4.09,
1963-09-18,,,,,,,,,4.08,
1963-09-19,,,,,,,,,4.08,
1963-09-20,,,,,,,,,4.07,
1963-09-23,,,,,,,,,4.07,
1963-09-24,,,,,,,,,4.08,
1963-09-25,,,,,,,,,4.08,
1963-09-26,,,,,,,,,4.08,
1963-09-27,,,,,,,,,4.07,
1963-09-30,,,,,,,,,4.07,
1963-10-01,30.75,5.5,653.938,27.4184,3.5,501.9,,1779.0,4.07,
1963-10-02,,,,,,,,,4.07,
1963-10-03,,,,,,,,,4.07,
1963-10-04,,,,,,,,,4.08,
1963-10-07,,,,,,,,,4.08,
1963-10-08,,,,,,,,,4.09,
1963-10-09,,,,,,,,,4.1,
1963-10-10,,,,,,,,,4.1,
1963-10-11,,,,,,,,,4.1,
1963-10-14,,,,,,,,,4.1,
1963-10-15,,,,,,,,,4.11,
1963-10-16,,,,,,,,,4.11,
1963-10-17,,,,,,,,,4.12,
1963-10-18,,,,,,,,,4.12,
1963-10-21,,,,,,,,,4.12,
1963-10-22,,,,,,,,,4.11,
1963-10-23,,,,,,,,,4.12,
1963-10-24,,,,,,,,,4.11,
1963-10-25,,,,,,,,,4.12,
1963-10-28,,,,,,,,,4.12,
1963-10-29,,,,,,,,,4.13,
1963-10-30,,,,,,,,,4.14,
1963-10-31,,,,,,,,,4.15,
1963-11-01,30.78,5.7,,27.5528,3.48,503.6,,1622.0,4.15,
1963-11-04,,,,,,,,,4.15,
1963-11-05,,,,,,,,,,
1963-11-06,,,,,,,,,4.17,
1963-11-07,,,,,,,,,4.17,
1963-11-08,,,,,,,,,4.16,
1963-11-11,,,,,,,,,,
1963-11-12,,,,,,,,,4.16,
1963-11-13,,,,,,,,,4.15,
1963-11-14,,,,,,,,,4.12,
1963-11-15,,,,,,,,,4.11,
1963-11-18,,,,,,,,,4.11,
1963-11-19,,,,,,,,,4.1,
1963-11-20,,,,,,,,,4.09,
1963-11-21,,,,,,,,,4.1,
1963-11-22,,,,,,,,,4.09,
1963-11-25,,,,,,,,,,
1963-11-26,,,,,,,,,4.08,
1963-11-27,,,,,,,,,4.08,
1963-11-28,,,,,,,,,,
1963-11-29,,,,,,,,,4.08,
1963-12-01,30.88,5.5,,27.499,3.38,508.4,,1491.0,,
1963-12-02,,,,,,,,,4.09,
1963-12-03,,,,,,,,,4.1,
1963-12-04,,,,,,,,,4.1,
1963-12-05,,,,,,,,,4.11,
1963-12-06,,,,,,,,,4.11,
1963-12-09,,,,,,,,,4.1,
1963-12-10,,,,,,,,,4.1,
1963-12-11,,,,,,,,,4.12,
1963-12-12,,,,,,,,,4.12,
1963-12-13,,,,,,,,,4.13,
1963-12-16,,,,,,,,,4.15,
1963-12-17,,,,,,,,,4.15,
1963-12-18,,,,,,,,,4.15,
1963-12-19,,,,,,,,,4.14,
1963-12-20,,,,,,,,,4.15,
1963-12-23,,,,,,,,,4.15,
1963-12-24,,,,,,,,,4.15,
1963-12-25,,,,,,,,,,
1963-12-26,,,,,,,,,4.15,
1963-12-27,,,,,,,,,4.15,
1963-12-30,,,,,,,,,4.14,
1963-12-31,,,,,,,,,4.14,
1964-01-01,30.94,5.6,669.822,27.7409,3.48,511.3,,1603.0,,
1964-01-02,,,,,,,,,4.14,
1964-01-03,,,,,,,,,4.15,
1964-01-06,,,,,,,,,4.16,
1964-01-07,,,,,,,,,4.15,
1964-01-08,,,,,,,,,4.18,
1964-01-09,,,,,,,,,4.18,
1964-01-10,,,,,,,,,4.18,
1964-01-13,,,,,,,,,4.18,
1964-01-14,,,,,,,,,4.18,
1964-01-15,,,,,,,,,4.18,
1964-01-16,,,,,,,,,4.17,
1964-01-17,,,,,,,,,4.17,
1964-01-20,,,,,,,,,4.16,
1964-01-21,,,,,,,,,4.16,
1964-01-22,,,,,,,,,4.16,
1964-01-23,,,,,,,,,4.16,
1964-01-24,,,,,,,,,4.18,
1964-01-27,,,,,,,,,4.18,
1964-01-28,,,,,,,,,4.17,
1964-01-29,,,,,,,,,4.17,
1964-01-30,,,,,,,,,4.16,
1964-01-31,,,,,,,,,4.15,
1964-02-01,30.91,5.4,,27.9291,3.48,514.1,,1820.0,,
1964-02-03,,,,,,,,,4.15,
1964-02-04,,,,,,,,,4.15,
1964-02-05,,,,,,,,,4.15,
1964-02-06,,,,,,,,,4.14,
1964-02-07,,,,,,,,,4.14,
1964-02-10,,,,,,,,,4.14,
1964-02-11,,,,,,,,,4.14,
1964-02-12,,,,,,,,,,
1964-02-13,,,,,,,,,4.13,
1964-02-14,,,,,,,,,4.13,
1964-02-17,,,,,,,,,4.13,
1964-02-18,,,,,,,,,4.14,
1964-02-19,,,,,,,,,4.14,
1964-02-20,,,,,,,,,4.14,
1964-02-21,,,,,,,,,,
1964-02-24,,,,,,,,,4.15,
1964-02-25,,,,,,,,,4.15,
1964-02-26,,,,,,,,,4.15,
1964-02-27,,,,,,,,,4.17,
1964-02-28,,,,,,,,,4.18,
1964-03-01,30.94,5.4,,27.9291,3.43,517.0,,1517.0,,
1964-03-02,,,,,,,,,4.17,
1964-03-03,,,,,,,,,4.18,
1964-03-04,,,,,,,,,4.19,
1964-03-05,,,,,,,,,4.19,
1964-03-06,,,,,,,,,4.19,
1964-03-09,,,,,,,,,4.2,
1964-03-10,,,,,,,,,4.2,
1964-03-11,,,,,,,,,4.21,
1964-03-12,,,,,,,,,4.21,
1964-03-13,,,,,,,,,4.22,
1964-03-16,,,,,,,,,4.21,
1964-03-17,,,,,,,,,4.22,
1964-03-18,,,,,,,,,4.23,
1964-03-19,,,,,,,,,4.24,
1964-03-20,,,,,,,,,4.25,
1964-03-23,,,,,,,,,4.25,
1964-03-24,,,,,,,,,4.26,
1964-03-25,,,,,,,,,4.26,
1964-03-26,,,,,,,,,4.25,
1964-03-27,,,,,,,,,,
1964-03-30,,,,,,,,,4.25,
1964-03-31,,,,,,,,,4.23,
1964-04-01,30.95,5.3,678.674,28.3861,3.47,520.6,,1448.0,4.23,
1964-04-02,,,,,,,,,4.24,
1964-04-03,,,,,,,,,4.25,
1964-04-06,,,,,,,,,4.25,
1964-04-07,,,,,,,,,4.25,
1964-04-08,,,,,,,,,4.22,
1964-04-09,,,,,,,,,4.22,
1964-04-10,,,,,,,,,4.22,
1964-04-13,,,,,,,,,4.23,
1964-04-14,,,,,,,,,4.24,
1964-04-15,,,,,,,,,4.23,
1964-04-16,,,,,,,,,4.23,
1964-04-17,,,,,,,,,4.24,
1964-04-20,,,,,,,,,4.24,
1964-04-21,,,,,,,,,4.23,
1964-04-22,,,,,,,,,4.23,
1964-04-23,,,,,,,,,4.23,
1964-04-24,,,,,,,,,4.23,
1964-04-27,,,,,,,,,4.23,
1964-04-28,,,,,,,,,4.23,
1964-04-29,,,,,,,,,4.22,
1964-04-30,,,,,,,,,4.22,
1964-05-01,30.98,5.1,,28.5474,3.5,523.8,,1467.0,4.22,
1964-05-04,,,,,,,,,4.22,
1964-05-05,,,,,,,,,4.22,
1964-05-06,,,,,,,,,4.22,
1964-05-07,,,,,,,,,4.22,
1964-05-08,,,,,,,,,4.2,
1964-05-11,,,,,,,,,4.19,
1964-05-12,,,,,,,,,4.19,
1964-05-13,,,,,,,,,4.19,
1964-05-14,,,,,,,,,4.19,
1964-05-15,,,,,,,,,4.19,
1964-05-18,,,,,,,,,4.19,
1964-05-19,,,,,,,,,4.19,
1964-05-20,,,,,,,,,4.2,
1964-05-21,,,,,,,,,4.2,
1964-05-22,,,,,,,,,4.2,
1964-05-25,,,,,,,,,4.19,
1964-05-26,,,,,,,,,4.19,
1964-05-27,,,,,,,,,4.2,
1964-05-28,,,,,,,,,4.19,
1964-05-29,,,,,,,,,,
1964-06-01,31.01,5.2,,28.628,3.5,526.3,,1550.0,4.19,
1964-06-02,,,,,,,,,4.19,
1964-06-03,,,,,,,,,4.19,
1964-06-04,,,,,,,,,4.19,
1964-06-05,,,,,,,,,4.18,
1964-06-08,,,,,,,,,4.18,
1964-06-09,,,,,,,,,4.17,
1964-06-10,,,,,,,,,4.17,
1964-06-11,,,,,,,,,4.18,
1964-06-12,,,,,,,,,4.18,
1964-06-15,,,,,,,,,4.18,
1964-06-16,,,,,,,,,4.18,
1964-06-17,,,,,,,,,4.18,
1964-06-18,,,,,,,,,4.17,
1964-06-19,,,,,,,,,4.16,
1964-06-22,,,,,,,,,4.15,
1964-06-23,,,,,,,,,4.15,
1964-06-24,,,,,,,,,4.15,
1964-06-25,,,,,,,,,4.15,
1964-06-26,,,,,,,,,4.15,
1964-06-29,,,,,,,,,4.15,
1964-06-30,,,,,,,,,4.15,
1964-07-01,31.02,4.9,692.031,28.8162,3.42,529.9,,1562.0,4.15,
1964-07-02,,,,,,,,,4.15,
1964-07-03,,,,,,,,,,
1964-07-06,,,,,,,,,4.16,
1964-07-07,,,,,,,,,4.15,
1964-07-08,,,,,,,,,4.15,
1964-07-09,,,,,,,,,4.18,
1964-07-10,,,,,,,,,4.19,
1964-07-13,,,,,,,,,4.19,
1964-07-14,,,,,,,,,4.19,
1964-07-15,,,,,,,,,4.19,
1964-07-16,,,,,,,,,4.19,
1964-07-17,,,,,,,,,4.2,
1964-07-20,,,,,,,,,4.21,
1964-07-21,,,,,,,,,4.2,
1964-07-22,,,,,,,,,4.21,
1964-07-23,,,,,,,,,4.2,
1964-07-24,,,,,,,,,4.2,
1964-07-27,,,,,,,,,4.2,
1964-07-28,,,,,,,,,4.2,
1964-07-29,,,,,,,,,4.2,
1964-07-30,,,,,,,,,4.19,
1964-07-31,,,,,,,,,4.19,
1964-08-01,31.05,5.0,,29.0043,3.5,533.3,,1569.0,,
1964-08-03,,,,,,,,,4.19,
1964-08-04,,,,,,,,,4.19,
1964-08-05,,,,,,,,,4.19,
1964-08-06,,,,,,,,,4.18,
1964-08-07,,,,,,,,,4.19,
1964-08-10,,,,,,,,,4.19,
1964-08-11,,,,,,,,,4.2,
1964-08-12,,,,,,,,,4.2,
1964-08-13,,,,,,,,,4.19,
1964-08-14,,,,,,,,,4.19,
1964-08-17,,,,,,,,,4.19,
1964-08-18,,,,,,,,,4.19,
1964-08-19,,,,,,,,,4.19,
1964-08-20,,,,,,,,,4.19,
1964-08-21,,,,,,,,,4.19,
1964-08-24,,,,,,,,,4.19,
1964-08-25,,,,,,,,,4.2,
1964-08-26,,,,,,,,,4.2,
1964-08-27,,,,,,,,,4.2,
1964-08-28,,,,,,,,,4.21,
1964-08-31,,,,,,,,,4.21,
1964-09-01,31.08,5.1,,29.1119,3.45,536.3,,1455.0,4.21,
1964-09-02,,,,,,,,,4.22,
1964-09-03,,,,,,,,,4.22,
1964-09-04,,,,,,,,,4.22,
1964-09-07,,,,,,,,,,
1964-09-08,,,,,,,,,4.22,
1964-09-09,,,,,,,,,4.22,
1964-09-10,,,,,,,,,4.22,
1964-09-11,,,,,,,,,4.22,
1964-09-14,,,,,,,,,4.22,
1964-09-15,,,,,,,,,4.22,
1964-09-16,,,,,,,,,4.21,
1964-09-17,,,,,,,,,4.2,
1964-09-18,,,,,,,,,4.2,
1964-09-21,,,,,,,,,4.19,
1964-09-22,,,,,,,,,4.19,
1964-09-23,,,,,,,,,4.19,
1964-09-24,,,,,,,,,4.19,
1964-09-25,,,,,,,,,4.19,
1964-09-28,,,,,,,,,4.17,
1964-09-29,,,,,,,,,4.18,
1964-09-30,,,,,,,,,4.18,
1964-10-01,31.12,5.1,697.319,28.7087,3.36,536.9,,1524.0,4.18,
1964-10-02,,,,,,,,,4.18,
1964-10-05,,,,,,,,,4.2,
1964-10-06,,,,,,,,,4.19,
1964-10-07,,,,,,,,,4.19,
1964-10-08,,,,,,,,,4.19,
1964-10-09,,,,,,,,,4.19,
1964-10-12,,,,,,,,,,
1964-10-13,,,,,,,,,4.19,
1964-10-14,,,,,,,,,4.19,
1964-10-15,,,,,,,,,4.2,
1964-10-16,,,,,,,,,4.21,
1964-10-19,,,,,,,,,4.21,
1964-10-20,,,,,,,,,4.2,
1964-10-21,,,,,,,,,4.19,
1964-10-22,,,,,,,,,4.19,
1964-10-23,,,,,,,,,4.19,
1964-10-26,,,,,,,,,4.19,
1964-10-27,,,,,,,,,4.18,
1964-10-28,,,,,,,,,4.17,
1964-10-29,,,,,,,,,4.16,
1964-10-30,,,,,,,,,4.16,
1964-11-01,31.21,4.8,,29.5957,3.52,541.3,,1486.0,,
1964-11-02,,,,,,,,,4.15,
1964-11-03,,,,,,,,,,
1964-11-04,,,,,,,,,4.15,
1964-11-05,,,,,,,,,4.15,
1964-11-06,,,,,,,,,4.15,
1964-11-09,,,,,,,,,4.15,
1964-11-10,,,,,,,,,4.14,
1964-11-11,,,,,,,,,,
1964-11-12,,,,,,,,,4.12,
1964-11-13,,,,,,,,,4.13,
1964-11-16,,,,,,,,,4.13,
1964-11-17,,,,,,,,,4.14,
1964-11-18,,,,,,,,,4.14,
1964-11-19,,,,,,,,,4.13,
1964-11-20,,,,,,,,,4.13,
1964-11-23,,,,,,,,,4.18,
1964-11-24,,,,,,,,,4.18,
1964-11-25,,,,,,,,,4.19,
1964-11-26,,,,,,,,,,
1964-11-27,,,,,,,,,4.19,
1964-11-30,,,,,,,,,4.2,
1964-12-01,31.25,5.0,,29.9452,3.85,547.5,,1484.0,4.2,
1964-12-02,,,,,,,,,4.19,
1964-12-03,,,,,,,,,4.18,
1964-12-04,,,,,,,,,4.18,
1964-12-07,,,,,,,,,4.17,
1964-12-08,,,,,,,,,4.16,
1964-12-09,,,,,,,,,4.16,
1964-12-10,,,,,,,,,4.15,
1964-12-11,,,,,,,,,4.15,
1964-12-14,,,,,,,,,4.16,
1964-12-15,,,,,,,,,4.17,
1964-12-16,,,,,,,,,4.18,
1964-12-17,,,,,,,,,4.18,
1964-12-18,,,,,,,,,4.19,
1964-12-21,,,,,,,,,4.18,
1964-12-22,,,,,,,,,4.18,
1964-12-23,,,,,,,,,4.19,
1964-12-24,,,,,,,,,4.19,
1964-12-25,,,,,,,,,,
1964-12-28,,,,,,,,,4.19,
1964-12-29,,,,,,,,,4.19,
1964-12-30,,,,,,,,,4.2,
1964-12-31,,,,,,,,,4.21,
1965-01-01,31.28,4.9,717.79,30.2677,3.9,551.5,,1361.0,,
1965-01-04,,,,,,,,,4.2,
1965-01-05,,,,,,,,,4.2,
1965-01-06,,,,,,,,,4.2,
1965-01-07,,,,,,,,,4.2,
1965-01-08,,,,,,,,,4.2,
1965-01-11,,,,,,,,,4.2,
1965-01-12,,,,,,,,,4.19,
1965-01-13,,,,,,,,,4.19,
1965-01-14,,,,,,,,,4.19,
1965-01-15,,,,,,,,,4.19,
1965-01-18,,,,,,,,,4.19,
1965-01-19,,,,,,,,,4.18,
1965-01-20,,,,,,,,,4.18,
1965-01-21,,,,,,,,,4.17,
1965-01-22,,,,,,,,,4.17,
1965-01-25,,,,,,,,,4.18,
1965-01-26,,,,,,,,,4.19,
1965-01-27,,,,,,,,,4.19,
1965-01-28,,,,,,,,,4.19,
1965-01-29,,,,,,,,,4.19,
1965-02-01,31.28,5.1,,30.4559,3.98,552.0,,1433.0,4.2,
1965-02-02,,,,,,,,,4.2,
1965-02-03,,,,,,,,,4.2,
1965-02-04,,,,,,,,,4.21,
1965-02-05,,,,,,,,,4.22,
1965-02-08,,,,,,,,,4.21,
1965-02-09,,,,,,,,,4.21,
1965-02-10,,,,,,,,,4.21,
1965-02-11,,,,,,,,,4.21,
1965-02-12,,,,,,,,,,
1965-02-15,,,,,,,,,4.22,
1965-02-16,,,,,,,,,4.21,
1965-02-17,,,,,,,,,4.21,
1965-02-18,,,,,,,,,4.21,
1965-02-19,,,,,,,,,4.22,
1965-02-22,,,,,,,,,,
1965-02-23,,,,,,,,,4.21,
1965-02-24,,,,,,,,,4.22,
1965-02-25,,,,,,,,,4.21,
1965-02-26,,,,,,,,,4.22,
1965-03-01,31.31,4.7,,30.8591,4.05,555.4,,1423.0,4.22,
1965-03-02,,,,,,,,,4.24,
1965-03-03,,,,,,,,,4.23,
1965-03-04,,,,,,,,,4.22,
1965-03-05,,,,,,,,,4.23,
1965-03-08,,,,,,,,,4.23,
1965-03-09,,,,,,,,,4.23,
1965-03-10,,,,,,,,,4.23,
1965-03-11,,,,,,,,,4.22,
1965-03-12,,,,,,,,,4.22,
1965-03-15,,,,,,,,,4.21,
1965-03-16,,,,,,,,,4.21,
1965-03-17,,,,,,,,,4.2,
1965-03-18,,,,,,,,,4.2,
1965-03-19,,,,,,,,,4.2,
1965-03-22,,,,,,,,,4.19,
1965-03-23,,,,,,,,,4.19,
1965-03-24,,,,,,,,,4.18,
1965-03-25,,,,,,,,,4.19,
1965-03-26,,,,,,,,,4.2,
1965-03-29,,,,,,,,,4.2,
1965-03-30,,,,,,,,,4.2,
1965-03-31,,,,,,,,,4.2,
1965-04-01,31.38,4.8,730.191,30.9935,4.09,558.6,,1438.0,4.2,
1965-04-02,,,,,,,,,4.2,
1965-04-05,,,,,,,,,4.2,
1965-04-06,,,,,,,,,4.2,
1965-04-07,,,,,,,,,4.2,
1965-04-08,,,,,,,,,4.19,
1965-04-09,,,,,,,,,4.2,
1965-04-12,,,,,,,,,4.2,
1965-04-13,,,,,,,,,4.2,
1965-04-14,,,,,,,,,4.19,
1965-04-15,,,,,,,,,4.2,
1965-04-16,,,,,,,,,,
1965-04-19,,,,,,,,,4.21,
1965-04-20,,,,,,,,,4.21,
1965-04-21,,,,,,,,,4.21,
1965-04-22,,,,,,,,,4.21,
1965-04-23,,,,,,,,,4.21,
1965-04-26,,,,,,,,,4.21,
1965-04-27,,,,,,,,,4.21,
1965-04-28,,,,,,,,,4.21,
1965-04-29,,,,,,,,,4.21,
1965-04-30,,,,,,,,,4.21,
1965-05-01,31.48,4.6,,31.2354,4.1,562.9,,1478.0,,
1965-05-03,,,,,,,,,4.21,
1965-05-04,,,,,,,,,4.2,
1965-05-05,,,,,,,,,4.2,
1965-05-06,,,,,,,,,4.2,
1965-05-07,,,,,,,,,4.2,
1965-05-10,,,,,,,,,4.2,
1965-05-11,,,,,,,,,4.2,
1965-05-12,,,,,,,,,4.2,
1965-05-13,,,,,,,,,4.21,
1965-05-14,,,,,,,,,4.21,
1965-05-17,,,,,,,,,4.21,
1965-05-18,,,,,,,,,4.22,
1965-05-19,,,,,,,,,4.22,
1965-05-20,,,,,,,,,4.22,
1965-05-21,,,,,,,,,4.22,
1965-05-24,,,,,,,,,4.22,
1965-05-25,,,,,,,,,4.22,
1965-05-26,,,,,,,,,4.22,
1965-05-27,,,,,,,,,4.22,
1965-05-28,,,,,,,,,4.23,
1965-05-31,,,,,,,,,,
1965-06-01,31.61,4.6,,31.4774,4.05,566.2,,1488.0,4.23,
1965-06-02,,,,,,,,,4.23,
1965-06-03,,,,,,,,,4.23,
1965-06-04,,,,,,,,,4.23,
1965-06-07,,,,,,,,,4.23,
1965-06-08,,,,,,,,,4.23,
1965-06-09,,,,,,,,,4.23,
1965-06-10,,,,,,,,,4.23,
1965-06-11,,,,,,,,,4.23,
1965-06-14,,,,,,,,,4.21,
1965-06-15,,,,,,,,,4.21,
1965-06-16,,,,,,,,,4.21,
1965-06-17,,,,,,,,,4.21,
1965-06-18,,,,,,,,,4.21,
1965-06-21,,,,,,,,,4.2,
1965-06-22,,,,,,,,,4.2,
1965-06-23,,,,,,,,,4.2,
1965-06-24,,,,,,,,,4.19,
1965-06-25,,,,,,,,,4.19,
1965-06-28,,,,,,,,,4.19,
1965-06-29,,,,,,,,,4.2,
1965-06-30,,,,,,,,,4.2,
1965-07-01,31.58,4.4,749.323,31.7731,4.09,570.4,,1529.0,4.2,
1965-07-02,,,,,,,,,4.21,
1965-07-05,,,,,,,,,,
1965-07-06,,,,,,,,,4.21,
1965-07-07,,,,,,,,,4.21,
1965-07-08,,,,,,,,,4.2,
1965-07-09,,,,,,,,,4.21,
1965-07-12,,,,,,,,,4.21,
1965-07-13,,,,,,,,,4.21,
1965-07-14,,,,,,,,,4.21,
1965-07-15,,,,,,,,,4.2,
1965-07-16,,,,,,,,,4.2,
1965-07-19,,,,,,,,,4.2,
1965-07-20,,,,,,,,,4.2,
1965-07-21,,,,,,,,,4.2,
1965-07-22,,,,,,,,,4.2,
1965-07-23,,,,,,,,,4.2,
1965-07-26,,,,,,,,,4.2,
1965-07-27,,,,,,,,,4.2,
1965-07-28,,,,,,,,,4.2,
1965-07-29,,,,,,,,,4.21,
1965-07-30,,,,,,,,,4.22,
1965-08-01,31.55,4.4,,31.9075,4.12,572.9,,1432.0,,
1965-08-02,,,,,,,,,4.22,
1965-08-03,,,,,,,,,4.22,
1965-08-04,,,,,,,,,4.23,
1965-08-05,,,,,,,,,4.23,
1965-08-06,,,,,,,,,4.24,
1965-08-09,,,,,,,,,4.24,
1965-08-10,,,,,,,,,4.24,
1965-08-11,,,,,,,,,4.25,
1965-08-12,,,,,,,,,4.25,
1965-08-13,,,,,,,,,4.25,
1965-08-16,,,,,,,,,4.26,
1965-08-17,,,,,,,,,4.27,
1965-08-18,,,,,,,,,4.26,
1965-08-19,,,,,,,,,4.26,
1965-08-20,,,,,,,,,4.26,
1965-08-23,,,,,,,,,4.26,
1965-08-24,,,,,,,,,4.27,
1965-08-25,,,,,,,,,4.26,
1965-08-26,,,,,,,,,4.27,
1965-08-27,,,,,,,,,4.27,
1965-08-30,,,,,,,,,4.27,
1965-08-31,,,,,,,,,4.27,
1965-09-01,31.62,4.3,,31.9881,4.02,587.2,,1482.0,4.28,
1965-09-02,,,,,,,,,4.28,
1965-09-03,,,,,,,,,4.27,
1965-09-06,,,,,,,,,,
1965-09-07,,,,,,,,,4.27,
1965-09-08,,,,,,,,,4.27,
1965-09-09,,,,,,,,,4.27,
1965-09-10,,,,,,,,,4.28,
1965-09-13,,,,,,,,,4.28,
1965-09-14,,,,,,,,,4.28,
1965-09-15,,,,,,,,,4.28,
1965-09-16,,,,,,,,,4.27,
1965-09-17,,,,,,,,,4.27,
1965-09-20,,,,,,,,,4.27,
1965-09-21,,,,,,,,,4.28,
1965-09-22,,,,,,,,,4.29,
1965-09-23,,,,,,,,,4.3,
1965-09-24,,,,,,,,,4.31,
1965-09-27,,,,,,,,,4.31,
1965-09-28,,,,,,,,,4.33,
1965-09-29,,,,,,,,,4.36,
1965-09-30,,,,,,,,,4.35,
1965-10-01,31.65,4.2,771.857,32.3107,4.08,584.9,,1452.0,4.36,
1965-10-04,,,,,,,,,4.35,
1965-10-05,,,,,,,,,4.33,
1965-10-06,,,,,,,,,4.32,
1965-10-07,,,,,,,,,4.31,
1965-10-08,,,,,,,,,4.32,
1965-10-11,,,,,,,,,4.31,
1965-10-12,,,,,,,,,,
1965-10-13,,,,,,,,,4.3,
1965-10-14,,,,,,,,,4.31,
1965-10-15,,,,,,,,,4.34,
1965-10-18,,,,,,,,,4.34,
1965-10-19,,,,,,,,,4.35,
1965-10-20,,,,,,,,,4.36,
1965-10-21,,,,,,,,,4.37,
1965-10-22,,,,,,,,,4.36,
1965-10-25,,,,,,,,,4.38,
1965-10-26,,,,,,,,,4.38,
1965-10-27,,,,,,,,,4.39,
1965-10-28,,,,,,,,,4.4,
1965-10-29,,,,,,,,,4.41,
1965-11-01,31.75,4.1,,32.4451,4.1,590.2,,1460.0,4.43,
1965-11-02,,,,,,,,,,
1965-11-03,,,,,,,,,4.43,
1965-11-04,,,,,,,,,4.43,
1965-11-05,,,,,,,,,4.43,
1965-11-08,,,,,,,,,4.45,
1965-11-09,,,,,,,,,4.47,
1965-11-10,,,,,,,,,4.46,
1965-11-11,,,,,,,,,,
1965-11-12,,,,,,,,,4.44,
1965-11-15,,,,,,,,,4.45,
1965-11-16,,,,,,,,,4.44,
1965-11-17,,,,,,,,,4.45,
1965-11-18,,,,,,,,,4.45,
1965-11-19,,,,,,,,,4.46,
1965-11-22,,,,,,,,,4.45,
1965-11-23,,,,,,,,,4.45,
1965-11-24,,,,,,,,,4.45,
1965-11-25,,,,,,,,,,
1965-11-26,,,,,,,,,4.45,
1965-11-29,,,,,,,,,4.46,
1965-11-30,,,,,,,,,4.48,
1965-12-01,31.85,4.0,,32.8483,4.32,595.5,,1656.0,4.52,
1965-12-02,,,,,,,,,4.52,
1965-12-03,,,,,,,,,4.52,
1965-12-06,,,,,,,,,4.61,
1965-12-07,,,,,,,,,4.59,
1965-12-08,,,,,,,,,4.6,
1965-12-09,,,,,,,,,4.6,
1965-12-10,,,,,,,,,4.6,
1965-12-13,,,,,,,,,4.65,
1965-12-14,,,,,,,,,4.67,
1965-12-15,,,,,,,,,4.67,
1965-12-16,,,,,,,,,4.66,
1965-12-17,,,,,,,,,4.65,
1965-12-20,,,,,,,,,4.61,
1965-12-21,,,,,,,,,4.64,
1965-12-22,,,,,,,,,4.65,
1965-12-23,,,,,,,,,4.65,
1965-12-24,,,,,,,,,,
1965-12-27,,,,,,,,,4.62,
1965-12-28,,,,,,,,,4.61,
1965-12-29,,,,,,,,,4.62,
1965-12-30,,,,,,,,,4.63,
1965-12-31,,,,,,,,,4.65,
1966-01-01,31.88,4.0,795.734,33.1709,4.42,597.7,,1370.0,,
1966-01-03,,,,,,,,,4.63,
1966-01-04,,,,,,,,,4.65,
1966-01-05,,,,,,,,,4.63,
1966-01-06,,,,,,,,,4.6,
1966-01-07,,,,,,,,,4.6,
1966-01-10,,,,,,,,,4.61,
1966-01-11,,,,,,,,,4.6,
1966-01-12,,,,,,,,,4.56,
1966-01-13,,,,,,,,,4.58,
1966-01-14,,,,,,,,,4.59,
1966-01-17,,,,,,,,,4.61,
1966-01-18,,,,,,,,,4.61,
1966-01-19,,,,,,,,,4.61,
1966-01-20,,,,,,,,,4.6,
1966-01-21,,,,,,,,,4.59,
1966-01-24,,,,,,,,,4.6,
1966-01-25,,,,,,,,,4.61,
1966-01-26,,,,,,,,,4.61,
1966-01-27,,,,,,,,,4.63,
1966-01-28,,,,,,,,,4.65,
1966-01-31,,,,,,,,,4.69,
1966-02-01,32.08,3.8,,33.3859,4.6,603.1,,1378.0,4.69,
1966-02-02,,,,,,,,,4.7,
1966-02-03,,,,,,,,,4.7,
1966-02-04,,,,,,,,,4.71,
1966-02-07,,,,,,,,,4.73,
1966-02-08,,,,,,,,,4.72,
1966-02-09,,,,,,,,,4.74,
1966-02-10,,,,,,,,,4.78,
1966-02-11,,,,,,,,,4.86,
1966-02-14,,,,,,,,,4.87,
1966-02-15,,,,,,,,,4.88,
1966-02-16,,,,,,,,,4.89,
1966-02-17,,,,,,,,,4.88,
1966-02-18,,,,,,,,,4.9,
1966-02-21,,,,,,,,,4.92,
1966-02-22,,,,,,,,,,
1966-02-23,,,,,,,,,4.92,
1966-02-24,,,,,,,,,4.93,
1966-02-25,,,,,,,,,4.97,
1966-02-28,,,,,,,,,5.02,
1966-03-01,32.18,3.8,,33.8429,4.66,607.9,,1394.0,5.01,
1966-03-02,,,,,,,,,5.0,
1966-03-03,,,,,,,,,5.0,
1966-03-04,,,,,,,,,4.98,
1966-03-07,,,,,,,,,4.96,
1966-03-08,,,,,,,,,4.93,
1966-03-09,,,,,,,,,4.93,
1966-03-10,,,,,,,,,4.95,
1966-03-11,,,,,,,,,4.96,
1966-03-14,,,,,,,,,4.94,
1966-03-15,,,,,,,,,4.91,
1966-03-16,,,,,,,,,4.9,
1966-03-17,,,,,,,,,4.86,
1966-03-18,,,,,,,,,4.84,
1966-03-21,,,,,,,,,4.81,
1966-03-22,,,,,,,,,4.78,
1966-03-23,,,,,,,,,4.73,
1966-03-24,,,,,,,,,4.76,
1966-03-25,,,,,,,,,4.82,
1966-03-28,,,,,,,,,4.81,
1966-03-29,,,,,,,,,4.8,
1966-03-30,,,,,,,,,4.7,
1966-03-31,,,,,,,,,4.71,
1966-04-01,32.28,3.8,804.981,33.8967,4.67,609.5,,1352.0,4.7,
1966-04-04,,,,,,,,,4.69,
1966-04-05,,,,,,,,,4.66,
1966-04-06,,,,,,,,,4.71,
1966-04-07,,,,,,,,,4.73,
1966-04-08,,,,,,,,,,
1966-04-11,,,,,,,,,4.73,
1966-04-12,,,,,,,,,4.73,
1966-04-13,,,,,,,,,4.74,
1966-04-14,,,,,,,,,4.76,
1966-04-15,,,,,,,,,4.77,
1966-04-18,,,,,,,,,4.76,
1966-04-19,,,,,,,,,4.76,
1966-04-20,,,,,,,,,4.8,
1966-04-21,,,,,,,,,4.77,
1966-04-22,,,,,,,,,4.77,
1966-04-25,,,,,,,,,4.78,
1966-04-26,,,,,,,,,4.79,
1966-04-27,,,,,,,,,4.78,
1966-04-28,,,,,,,,,4.78,
1966-04-29,,,,,,,,,4.79,
1966-05-01,32.35,3.9,,34.2192,4.9,612.2,,1265.0,,
1966-05-02,,,,,,,,,4.8,
1966-05-03,,,,,,,,,4.81,
1966-05-04,,,,,,,,,4.81,
1966-05-05,,,,,,,,,4.81,
1966-05-06,,,,,,,,,4.79,
1966-05-09,,,,,,,,,4.75,
1966-05-10,,,,,,,,,4.75,
1966-05-11,,,,,,,,,4.77,
1966-05-12,,,,,,,,,4.77,
1966-05-13,,,,,,,,,4.77,
1966-05-16,,,,,,,,,4.77,
1966-05-17,,,,,,,,,4.75,
1966-05-18,,,,,,,,,4.75,
1966-05-19,,,,,,,,,4.75,
1966-05-20,,,,,,,,,4.75,
1966-05-23,,,,,,,,,4.77,
1966-05-24,,,,,,,,,4.79,
1966-05-25,,,,,,,,,4.78,
1966-05-26,,,,,,,,,4.8,
1966-05-27,,,,,,,,,4.81,
1966-05-30,,,,,,,,,,
1966-05-31,,,,,,,,,4.8,
1966-06-01,32.38,3.8,,34.3805,5.17,616.7,,1194.0,4.79,
1966-06-02,,,,,,,,,4.77,
1966-06-03,,,,,,,,,4.78,
1966-06-06,,,,,,,,,4.79,
1966-06-07,,,,,,,,,4.81,
1966-06-08,,,,,,,,,4.83,
1966-06-09,,,,,,,,,4.83,
1966-06-10,,,,,,,,,4.83,
1966-06-13,,,,,,,,,4.83,
1966-06-14,,,,,,,,,4.83,
1966-06-15,,,,,,,,,4.79,
1966-06-16,,,,,,,,,4.81,
1966-06-17,,,,,,,,,4.8,
1966-06-20,,,,,,,,,4.76,
1966-06-21,,,,,,,,,4.75,
1966-06-22,,,,,,,,,4.76,
1966-06-23,,,,,,,,,4.77,
1966-06-24,,,,,,,,,4.8,
1966-06-27,,,,,,,,,4.83,
1966-06-28,,,,,,,,,4.89,
1966-06-29,,,,,,,,,4.9,
1966-06-30,,,,,,,,,4.97,
1966-07-01,32.45,3.8,819.638,34.5687,5.3,620.4,,1086.0,4.99,
1966-07-04,,,,,,,,,,
1966-07-05,,,,,,,,,4.96,
1966-07-06,,,,,,,,,4.95,
1966-07-07,,,,,,,,,4.95,
1966-07-08,,,,,,,,,4.97,
1966-07-11,,,,,,,,,5.03,
1966-07-12,,,,,,,,,5.05,
1966-07-13,,,,,,,,,5.07,
1966-07-14,,,,,,,,,5.1,
1966-07-15,,,,,,,,,5.09,
1966-07-18,,,,,,,,,5.04,
1966-07-19,,,,,,,,,5.03,
1966-07-20,,,,,,,,,5.02,
1966-07-21,,,,,,,,,5.04,
1966-07-22,,,,,,,,,5.02,
1966-07-25,,,,,,,,,4.99,
1966-07-26,,,,,,,,,4.99,
1966-07-27,,,,,,,,,4.99,
1966-07-28,,,,,,,,,5.03,
1966-07-29,,,,,,,,,5.05,
1966-08-01,32.65,3.8,,34.5955,5.53,625.9,,1119.0,5.05,
1966-08-02,,,,,,,,,5.04,
1966-08-03,,,,,,,,,5.06,
1966-08-04,,,,,,,,,5.07,
1966-08-05,,,,,,,,,5.07,
1966-08-08,,,,,,,,,5.08,
1966-08-09,,,,,,,,,5.1,
1966-08-10,,,,,,,,,5.1,
1966-08-11,,,,,,,,,5.11,
1966-08-12,,,,,,,,,5.11,
1966-08-15,,,,,,,,,5.15,
1966-08-16,,,,,,,,,5.18,
1966-08-17,,,,,,,,,5.24,
1966-08-18,,,,,,,,,5.29,
1966-08-19,,,,,,,,,5.31,
1966-08-22,,,,,,,,,5.29,
1966-08-23,,,,,,,,,5.33,
1966-08-24,,,,,,,,,5.36,
1966-08-25,,,,,,,,,5.39,
1966-08-26,,,,,,,,,5.48,
1966-08-29,,,,,,,,,5.51,
1966-08-30,,,,,,,,,5.48,
1966-08-31,,,,,,,,,5.36,
1966-09-01,32.75,3.7,,34.9181,5.4,631.7,,1046.0,5.3,
1966-09-02,,,,,,,,,5.23,
1966-09-05,,,,,,,,,,
1966-09-06,,,,,,,,,5.19,
1966-09-07,,,,,,,,,5.2,
1966-09-08,,,,,,,,,5.18,
1966-09-09,,,,,,,,,5.17,
1966-09-12,,,,,,,,,5.18,
1966-09-13,,,,,,,,,5.16,
1966-09-14,,,,,,,,,5.21,
1966-09-15,,,,,,,,,5.25,
1966-09-16,,,,,,,,,5.24,
1966-09-19,,,,,,,,,5.32,
1966-09-20,,,,,,,,,5.27,
1966-09-21,,,,,,,,,5.21,
1966-09-22,,,,,,,,,5.15,
1966-09-23,,,,,,,,,5.17,
1966-09-26,,,,,,,,,5.17,
1966-09-27,,,,,,,,,5.13,
1966-09-28,,,,,,,,,5.09,
1966-09-29,,,,,,,,,4.99,
1966-09-30,,,,,,,,,5.02,
1966-10-01,32.85,3.7,833.302,35.16,5.53,636.0,,843.0,,
1966-10-03,,,,,,,,,5.08,
1966-10-04,,,,,,,,,5.06,
1966-10-05,,,,,,,,,5.05,
1966-10-06,,,,,,,,,5.03,
1966-10-07,,,,,,,,,5.02,
1966-10-10,,,,,,,,,5.05,
1966-10-11,,,,,,,,,5.05,
1966-10-12,,,,,,,,,,
1966-10-13,,,,,,,,,5.07,
1966-10-14,,,,,,,,,5.06,
1966-10-17,,,,,,,,,5.04,
1966-10-18,,,,,,,,,4.99,
1966-10-19,,,,,,,,,5.0,
1966-10-20,,,,,,,,,5.02,
1966-10-21,,,,,,,,,4.94,
1966-10-24,,,,,,,,,4.94,
1966-10-25,,,,,,,,,4.94,
1966-10-26,,,,,,,,,4.96,
1966-10-27,,,,,,,,,4.99,
1966-10-28,,,,,,,,,4.97,
1966-10-31,,,,,,,,,4.97,
1966-11-01,32.88,3.6,,34.9181,5.76,640.9,,961.0,4.99,
1966-11-02,,,,,,,,,5.04,
1966-11-03,,,,,,,,,5.06,
1966-11-04,,,,,,,,,5.11,
1966-11-07,,,,,,,,,5.11,
1966-11-08,,,,,,,,,,
1966-11-09,,,,,,,,,5.12,
1966-11-10,,,,,,,,,5.17,
1966-11-11,,,,,,,,,,
1966-11-14,,,,,,,,,5.19,
1966-11-15,,,,,,,,,5.21,
1966-11-16,,,,,,,,,5.22,
1966-11-17,,,,,,,,,5.23,
1966-11-18,,,,,,,,,5.22,
1966-11-21,,,,,,,,,5.17,
1966-11-22,,,,,,,,,5.2,
1966-11-23,,,,,,,,,5.22,
1966-11-24,,,,,,,,,,
1966-11-25,,,,,,,,,5.23,
1966-11-28,,,,,,,,,5.19,
1966-11-29,,,,,,,,,5.15,
1966-11-30,,,,,,,,,5.12,
1966-12-01,32.92,3.8,,34.9987,5.4,642.0,,990.0,5.09,
1966-12-02,,,,,,,,,5.03,
1966-12-05,,,,,,,,,5.06,
1966-12-06,,,,,,,,,5.07,
1966-12-07,,,,,,,,,5.07,
1966-12-08,,,,,,,,,5.1,
1966-12-09,,,,,,,,,5.05,
1966-12-12,,,,,,,,,4.93,
1966-12-13,,,,,,,,,4.86,
1966-12-14,,,,,,,,,4.83,
1966-12-15,,,,,,,,,4.76,
1966-12-16,,,,,,,,,4.78,
1966-12-19,,,,,,,,,4.72,
1966-12-20,,,,,,,,,4.69,
1966-12-21,,,,,,,,,4.66,
1966-12-22,,,,,,,,,4.68,
1966-12-23,,,,,,,,,4.67,
1966-12-26,,,,,,,,,,
1966-12-27,,,,,,,,,4.71,
1966-12-28,,,,,,,,,4.64,
1966-12-29,,,,,,,,,4.66,
1966-12-30,,,,,,,,,4.64,
1967-01-01,32.9,3.9,844.17,35.1638,4.94,648.0,,1067.0,,
1967-01-02,,,,,,,,,,
1967-01-03,,,,,,,,,4.69,
1967-01-04,,,,,,,,,4.65,
1967-01-05,,,,,,,,,4.63,
1967-01-06,,,,,,,,,4.64,
1967-01-09,,,,,,,,,4.71,
1967-01-10,,,,,,,,,4.69,
1967-01-11,,,,,,,,,4.54,
1967-01-12,,,,,,,,,4.55,
1967-01-13,,,,,,,,,4.51,
1967-01-16,,,,,,,,,4.49,
1967-01-17,,,,,,,,,4.51,
1967-01-18,,,,,,,,,4.53,
1967-01-19,,,,,,,,,4.58,
1967-01-20,,,,,,,,,4.6,
1967-01-23,,,,,,,,,4.6,
1967-01-24,,,,,,,,,4.65,
1967-01-25,,,,,,,,,4.62,
1967-01-26,,,,,,,,,4.5,
1967-01-27,,,,,,,,,4.47,
1967-01-30,,,,,,,,,4.48,
1967-01-31,,,,,,,,,4.52,
1967-02-01,33.0,3.8,,34.765,5.0,649.6,,1123.0,4.52,
1967-02-02,,,,,,,,,4.51,
1967-02-03,,,,,,,,,4.52,
1967-02-06,,,,,,,,,4.53,
1967-02-07,,,,,,,,,4.54,
1967-02-08,,,,,,,,,4.54,
1967-02-09,,,,,,,,,4.53,
1967-02-10,,,,,,,,,4.59,
1967-02-13,,,,,,,,,,
1967-02-14,,,,,,,,,4.64,
1967-02-15,,,,,,,,,4.69,
1967-02-16,,,,,,,,,4.67,
1967-02-17,,,,,,,,,4.68,
1967-02-20,,,,,,,,,4.7,
1967-02-21,,,,,,,,,4.71,
1967-02-22,,,,,,,,,,
1967-02-23,,,,,,,,,4.74,
1967-02-24,,,,,,,,,4.73,
1967-02-27,,,,,,,,,4.72,
1967-02-28,,,,,,,,,4.72,
1967-03-01,33.0,3.8,,34.5691,4.53,653.9,,1056.0,4.66,
1967-03-02,,,,,,,,,4.63,
1967-03-03,,,,,,,,,4.62,
1967-03-06,,,,,,,,,4.61,
1967-03-07,,,,,,,,,4.6,
1967-03-08,,,,,,,,,4.61,
1967-03-09,,,,,,,,,4.57,
1967-03-10,,,,,,,,,4.58,
1967-03-13,,,,,,,,,4.56,
1967-03-14,,,,,,,,,4.53,
1967-03-15,,,,,,,,,4.49,
1967-03-16,,,,,,,,,4.45,
1967-03-17,,,,,,,,,4.47,
1967-03-20,,,,,,,,,4.45,
1967-03-21,,,,,,,,,4.51,
1967-03-22,,,,,,,,,4.52,
1967-03-23,,,,,,,,,4.5,
1967-03-24,,,,,,,,,,
1967-03-27,,,,,,,,,4.52,
1967-03-28,,,,,,,,,4.52,
1967-03-29,,,,,,,,,4.52,
1967-03-30,,,,,,,,,4.5,
1967-03-31,,,,,,,,,4.5,
1967-04-01,33.1,3.8,848.983,34.8951,4.05,654.4,,1091.0,,
1967-04-03,,,,,,,,,4.5,
1967-04-04,,,,,,,,,4.49,
1967-04-05,,,,,,,,,4.5,
1967-04-06,,,,,,,,,4.49,
1967-04-07,,,,,,,,,4.48,
1967-04-10,,,,,,,,,4.5,
1967-04-11,,,,,,,,,4.51,
1967-04-12,,,,,,,,,4.51,
1967-04-13,,,,,,,,,4.54,
1967-04-14,,,,,,,,,4.56,
1967-04-17,,,,,,,,,4.61,
1967-04-18,,,,,,,,,4.63,
1967-04-19,,,,,,,,,4.63,
1967-04-20,,,,,,,,,4.63,
1967-04-21,,,,,,,,,4.66,
1967-04-24,,,,,,,,,4.68,
1967-04-25,,,,,,,,,4.71,
1967-04-26,,,,,,,,,4.73,
1967-04-27,,,,,,,,,4.73,
1967-04-28,,,,,,,,,4.78,
1967-05-01,33.1,3.8,,34.5907,3.94,656.9,,1304.0,4.77,
1967-05-02,,,,,,,,,4.75,
1967-05-03,,,,,,,,,4.75,
1967-05-04,,,,,,,,,4.76,
1967-05-05,,,,,,,,,4.77,
1967-05-08,,,,,,,,,4.83,
1967-05-09,,,,,,,,,4.87,
1967-05-10,,,,,,,,,4.87,
1967-05-11,,,,,,,,,4.84,
1967-05-12,,,,,,,,,4.82,
1967-05-15,,,,,,,,,4.86,
1967-05-16,,,,,,,,,4.87,
1967-05-17,,,,,,,,,4.88,
1967-05-18,,,,,,,,,4.88,
1967-05-19,,,,,,,,,4.89,
1967-05-22,,,,,,,,,4.94,
1967-05-23,,,,,,,,,4.94,
1967-05-24,,,,,,,,,4.93,
1967-05-25,,,,,,,,,4.92,
1967-05-26,,,,,,,,,4.86,
1967-05-29,,,,,,,,,4.84,
1967-05-30,,,,,,,,,,
1967-05-31,,,,,,,,,4.81,
1967-06-01,33.3,3.9,,34.5863,3.98,661.6,,1248.0,4.81,
1967-06-02,,,,,,,,,4.82,
1967-06-05,,,,,,,,,4.85,
1967-06-06,,,,,,,,,4.84,
1967-06-07,,,,,,,,,4.84,
1967-06-08,,,,,,,,,4.86,
1967-06-09,,,,,,,,,4.89,
1967-06-12,,,,,,,,,4.94,
1967-06-13,,,,,,,,,4.95,
1967-06-14,,,,,,,,,5.02,
1967-06-15,,,,,,,,,5.02,
1967-06-16,,,,,,,,,5.07,
1967-06-19,,,,,,,,,5.07,
1967-06-20,,,,,,,,,5.14,
1967-06-21,,,,,,,,,5.14,
1967-06-22,,,,,,,,,5.13,
1967-06-23,,,,,,,,,5.14,
1967-06-26,,,,,,,,,5.16,
1967-06-27,,,,,,,,,5.21,
1967-06-28,,,,,,,,,5.18,
1967-06-29,,,,,,,,,5.2,
1967-06-30,,,,,,,,,5.22,
1967-07-01,33.4,3.8,865.233,34.5076,3.79,667.2,,1364.0,,
1967-07-03,,,,,,,,,5.22,
1967-07-04,,,,,,,,,,
1967-07-05,,,,,,,,,5.17,
1967-07-06,,,,,,,,,5.11,
1967-07-07,,,,,,,,,5.15,
1967-07-10,,,,,,,,,5.16,
1967-07-11,,,,,,,,,5.09,
1967-07-12,,,,,,,,,5.06,
1967-07-13,,,,,,,,,5.08,
1967-07-14,,,,,,,,,5.08,
1967-07-17,,,,,,,,,5.09,
1967-07-18,,,,,,,,,5.16,
1967-07-19,,,,,,,,,5.18,
1967-07-20,,,,,,,,,5.2,
1967-07-21,,,,,,,,,5.2,
1967-07-24,,,,,,,,,5.23,
1967-07-25,,,,,,,,,5.23,
1967-07-26,,,,,,,,,5.23,
1967-07-27,,,,,,,,,5.2,
1967-07-28,,,,,,,,,5.18,
1967-07-31,,,,,,,,,5.16,
1967-08-01,33.5,3.8,,35.1687,3.9,672.5,,1407.0,5.18,
1967-08-02,,,,,,,,,5.21,
1967-08-03,,,,,,,,,5.2,
1967-08-04,,,,,,,,,5.26,
1967-08-07,,,,,,,,,5.3,
1967-08-08,,,,,,,,,5.28,
1967-08-09,,,,,,,,,5.27,
1967-08-10,,,,,,,,,5.28,
1967-08-11,,,,,,,,,5.29,
1967-08-14,,,,,,,,,5.29,
1967-08-15,,,,,,,,,5.29,
1967-08-16,,,,,,,,,5.28,
1967-08-17,,,,,,,,,5.28,
1967-08-18,,,,,,,,,5.28,
1967-08-21,,,,,,,,,5.3,
1967-08-22,,,,,,,,,5.3,
1967-08-23,,,,,,,,,5.31,
1967-08-24,,,,,,,,,5.31,
1967-08-25,,,,,,,,,5.32,
1967-08-28,,,,,,,,,5.29,
1967-08-29,,,,,,,,,5.27,
1967-08-30,,,,,,,,,5.28,
1967-08-31,,,,,,,,,5.27,
1967-09-01,33.6,3.8,,35.1116,3.99,675.0,,1421.0,5.25,
1967-09-04,,,,,,,,,,
1967-09-05,,,,,,,,,5.22,
1967-09-06,,,,,,,,,5.2,
1967-09-07,,,,,,,,,5.2,
1967-09-08,,,,,,,,,5.26,
1967-09-11,,,,,,,,,5.28,
1967-09-12,,,,,,,,,5.29,
1967-09-13,,,,,,,,,5.27,
1967-09-14,,,,,,,,,5.28,
1967-09-15,,,,,,,,,5.29,
1967-09-18,,,,,,,,,5.3,
1967-09-19,,,,,,,,,5.35,
1967-09-20,,,,,,,,,5.34,
1967-09-21,,,,,,,,,5.36,
1967-09-22,,,,,,,,,5.36,
1967-09-25,,,,,,,,,5.38,
1967-09-26,,,,,,,,,5.37,
1967-09-27,,,,,,,,,5.37,
1967-09-28,,,,,,,,,5.36,
1967-09-29,,,,,,,,,5.31,
1967-10-01,33.7,4.0,881.439,35.3976,3.88,677.8,,1491.0,,
1967-10-02,,,,,,,,,5.35,
1967-10-03,,,,,,,,,5.35,
1967-10-04,,,,,,,,,5.37,
1967-10-05,,,,,,,,,5.37,
1967-10-06,,,,,,,,,5.37,
1967-10-09,,,,,,,,,5.39,
1967-10-10,,,,,,,,,5.42,
1967-10-11,,,,,,,,,5.42,
1967-10-12,,,,,,,,,,
1967-10-13,,,,,,,,,5.45,
1967-10-16,,,,,,,,,5.47,
1967-10-17,,,,,,,,,5.49,
1967-10-18,,,,,,,,,5.52,
1967-10-19,,,,,,,,,5.53,
1967-10-20,,,,,,,,,5.52,
1967-10-23,,,,,,,,,5.56,
1967-10-24,,,,,,,,,5.56,
1967-10-25,,,,,,,,,5.57,
1967-10-26,,,,,,,,,5.58,
1967-10-27,,,,,,,,,5.57,
1967-10-30,,,,,,,,,5.6,
1967-10-31,,,,,,,,,5.64,
1967-11-01,33.9,3.9,,35.9038,4.13,684.4,,1538.0,5.7,
1967-11-02,,,,,,,,,5.71,
1967-11-03,,,,,,,,,5.75,
1967-11-06,,,,,,,,,5.77,
1967-11-07,,,,,,,,,,
1967-11-08,,,,,,,,,5.74,
1967-11-09,,,,,,,,,5.78,
1967-11-10,,,,,,,,,5.83,
1967-11-13,,,,,,,,,5.87,
1967-11-14,,,,,,,,,5.81,
1967-11-15,,,,,,,,,5.78,
1967-11-16,,,,,,,,,5.72,
1967-11-17,,,,,,,,,5.75,
1967-11-20,,,,,,,,,5.85,
1967-11-21,,,,,,,,,5.71,
1967-11-22,,,,,,,,,5.7,
1967-11-23,,,,,,,,,,
1967-11-24,,,,,,,,,5.78,
1967-11-27,,,,,,,,,5.76,
1967-11-28,,,,,,,,,5.65,
1967-11-29,,,,,,,,,5.67,
1967-11-30,,,,,,,,,5.74,
1967-12-01,34.0,3.8,,36.2905,4.51,687.4,,1308.0,5.78,
1967-12-04,,,,,,,,,5.76,
1967-12-05,,,,,,,,,5.74,
1967-12-06,,,,,,,,,5.69,
1967-12-07,,,,,,,,,5.71,
1967-12-08,,,,,,,,,5.72,
1967-12-11,,,,,,,,,5.74,
1967-12-12,,,,,,,,,5.75,
1967-12-13,,,,,,,,,5.71,
1967-12-14,,,,,,,,,5.7,
1967-12-15,,,,,,,,,5.71,
1967-12-18,,,,,,,,,5.68,
1967-12-19,,,,,,,,,5.66,
1967-12-20,,,,,,,,,5.62,
1967-12-21,,,,,,,,,5.64,
1967-12-22,,,,,,,,,5.69,
1967-12-25,,,,,,,,,,
1967-12-26,,,,,,,,,5.64,
1967-12-27,,,,,,,,,5.64,
1967-12-28,,,,,,,,,5.7,
1967-12-29,,,,,,,,,5.7,
1968-01-01,34.1,3.7,909.387,36.2514,4.61,694.3,,1380.0,,
1968-01-02,,,,,,,,,5.63,
1968-01-03,,,,,,,,,5.63,
1968-01-04,,,,,,,,,5.51,
1968-01-05,,,,,,,,,5.48,
1968-01-08,,,,,,,,,5.5,
1968-01-09,,,,,,,,,5.52,
1968-01-10,,,,,,,,,5.46,
1968-01-11,,,,,,,,,5.46,
1968-01-12,,,,,,,,,5.43,
1968-01-15,,,,,,,,,5.49,
1968-01-16,,,,,,,,,5.52,
1968-01-17,,,,,,,,,5.48,
1968-01-18,,,,,,,,,5.55,
1968-01-19,,,,,,,,,5.59,
1968-01-22,,,,,,,,,5.61,
1968-01-23,,,,,,,,,5.56,
1968-01-24,,,,,,,,,5.56,
1968-01-25,,,,,,,,,5.52,
1968-01-26,,,,,,,,,5.53,
1968-01-29,,,,,,,,,5.53,
1968-01-30,,,,,,,,,5.53,
1968-01-31,,,,,,,,,5.54,
1968-02-01,34.2,3.8,,36.3813,4.71,702.5,,1520.0,5.58,
1968-02-02,,,,,,,,,5.58,
1968-02-05,,,,,,,,,5.6,
1968-02-06,,,,,,,,,5.61,
1968-02-07,,,,,,,,,5.59,
1968-02-08,,,,,,,,,5.6,
1968-02-09,,,,,,,,,5.59,
1968-02-12,,,,,,,,,,
1968-02-13,,,,,,,,,5.55,
1968-02-14,,,,,,,,,5.54,
1968-02-15,,,,,,,,,5.51,
1968-02-16,,,,,,,,,5.5,
1968-02-19,,,,,,,,,5.53,
1968-02-20,,,,,,,,,5.54,
1968-02-21,,,,,,,,,5.54,
1968-02-22,,,,,,,,,,
1968-02-23,,,,,,,,,5.56,
1968-02-26,,,,,,,,,5.58,
1968-02-27,,,,,,,,,5.58,
1968-02-28,,,,,,,,,5.57,
1968-02-29,,,,,,,,,5.56,
1968-03-01,34.3,3.7,,36.4949,5.05,710.8,,1466.0,5.56,
1968-03-04,,,,,,,,,5.57,
1968-03-05,,,,,,,,,5.59,
1968-03-06,,,,,,,,,5.61,
1968-03-07,,,,,,,,,5.67,
1968-03-08,,,,,,,,,5.75,
1968-03-11,,,,,,,,,5.75,
1968-03-12,,,,,,,,,5.79,
1968-03-13,,,,,,,,,5.86,
1968-03-14,,,,,,,,,5.95,
1968-03-15,,,,,,,,,5.84,
1968-03-18,,,,,,,,,5.76,
1968-03-19,,,,,,,,,5.77,
1968-03-20,,,,,,,,,5.73,
1968-03-21,,,,,,,,,5.76,
1968-03-22,,,,,,,,,5.74,
1968-03-25,,,,,,,,,5.74,
1968-03-26,,,,,,,,,5.78,
1968-03-27,,,,,,,,,5.78,
1968-03-28,,,,,,,,,5.78,
1968-03-29,,,,,,,,,5.76,
1968-04-01,34.4,3.5,934.344,36.5477,5.76,716.2,,1554.0,5.64,
1968-04-02,,,,,,,,,5.62,
1968-04-03,,,,,,,,,5.49,
1968-04-04,,,,,,,,,5.52,
1968-04-05,,,,,,,,,5.52,
1968-04-08,,,,,,,,,5.54,
1968-04-09,,,,,,,,,,
1968-04-10,,,,,,,,,5.53,
1968-04-11,,,,,,,,,5.54,
1968-04-12,,,,,,,,,,
1968-04-15,,,,,,,,,5.6,
1968-04-16,,,,,,,,,5.62,
1968-04-17,,,,,,,,,5.62,
1968-04-18,,,,,,,,,5.64,
1968-04-19,,,,,,,,,5.76,
1968-04-22,,,,,,,,,5.78,
1968-04-23,,,,,,,,,5.73,
1968-04-24,,,,,,,,,5.72,
1968-04-25,,,,,,,,,5.72,
1968-04-26,,,,,,,,,5.71,
1968-04-29,,,,,,,,,5.73,
1968-04-30,,,,,,,,,5.74,
1968-05-01,34.5,3.5,,36.9577,6.12,722.6,,1408.0,5.73,
1968-05-02,,,,,,,,,5.76,
1968-05-03,,,,,,,,,5.8,
1968-05-06,,,,,,,,,5.78,
1968-05-07,,,,,,,,,5.79,
1968-05-08,,,,,,,,,5.8,
1968-05-09,,,,,,,,,5.79,
1968-05-10,,,,,,,,,5.79,
1968-05-13,,,,,,,,,5.79,
1968-05-14,,,,,,,,,5.82,
1968-05-15,,,,,,,,,5.85,
1968-05-16,,,,,,,,,5.9,
1968-05-17,,,,,,,,,5.92,
1968-05-20,,,,,,,,,5.96,
1968-05-21,,,,,,,,,6.02,
1968-05-22,,,,,,,,,6.02,
1968-05-23,,,,,,,,,5.98,
1968-05-24,,,,,,,,,5.96,
1968-05-27,,,,,,,,,5.92,
1968-05-28,,,,,,,,,5.94,
1968-05-29,,,,,,,,,5.95,
1968-05-30,,,,,,,,,,
1968-05-31,,,,,,,,,5.86,
1968-06-01,34.7,3.7,,37.0934,6.07,728.3,,1405.0,,
1968-06-03,,,,,,,,,5.79,
1968-06-04,,,,,,,,,5.78,
1968-06-05,,,,,,,,,5.81,
1968-06-06,,,,,,,,,5.83,
1968-06-07,,,,,,,,,5.82,
1968-06-10,,,,,,,,,5.8,
1968-06-11,,,,,,,,,5.79,
1968-06-12,,,,,,,,,5.77,
1968-06-13,,,,,,,,,5.76,
1968-06-14,,,,,,,,,5.72,
1968-06-17,,,,,,,,,5.71,
1968-06-18,,,,,,,,,5.71,
1968-06-19,,,,,,,,,5.67,
1968-06-20,,,,,,,,,5.62,
1968-06-21,,,,,,,,,5.6,
1968-06-24,,,,,,,,,5.61,
1968-06-25,,,,,,,,,5.64,
1968-06-26,,,,,,,,,5.64,
1968-06-27,,,,,,,,,5.65,
1968-06-28,,,,,,,,,5.64,
1968-07-01,34.9,3.7,950.825,37.0366,6.03,735.0,,1512.0,5.62,
1968-07-02,,,,,,,,,5.58,
1968-07-03,,,,,,,,,5.57,
1968-07-04,,,,,,,,,,
1968-07-05,,,,,,,,,5.56,
1968-07-08,,,,,,,,,5.53,
1968-07-09,,,,,,,,,5.51,
1968-07-10,,,,,,,,,5.52,
1968-07-11,,,,,,,,,5.52,
1968-07-12,,,,,,,,,5.53,
1968-07-15,,,,,,,,,5.56,
1968-07-16,,,,,,,,,5.57,
1968-07-17,,,,,,,,,5.55,
1968-07-18,,,,,,,,,5.56,
1968-07-19,,,,,,,,,5.53,
1968-07-22,,,,,,,,,5.45,
1968-07-23,,,,,,,,,5.38,
1968-07-24,,,,,,,,,5.39,
1968-07-25,,,,,,,,,5.37,
1968-07-26,,,,,,,,,5.39,
1968-07-29,,,,,,,,,5.41,
1968-07-30,,,,,,,,,5.41,
1968-07-31,,,,,,,,,5.39,
1968-08-01,35.0,3.5,,37.1399,6.03,741.4,,1495.0,5.38,
1968-08-02,,,,,,,,,5.34,
1968-08-05,,,,,,,,,5.37,
1968-08-06,,,,,,,,,5.38,
1968-08-07,,,,,,,,,5.36,
1968-08-08,,,,,,,,,5.37,
1968-08-09,,,,,,,,,5.39,
1968-08-12,,,,,,,,,5.42,
1968-08-13,,,,,,,,,5.43,
1968-08-14,,,,,,,,,5.43,
1968-08-15,,,,,,,,,5.45,
1968-08-16,,,,,,,,,5.42,
1968-08-19,,,,,,,,,5.43,
1968-08-20,,,,,,,,,5.43,
1968-08-21,,,,,,,,,5.46,
1968-08-22,,,,,,,,,5.5,
1968-08-23,,,,,,,,,5.47,
1968-08-26,,,,,,,,,5.46,
1968-08-27,,,,,,,,,5.46,
1968-08-28,,,,,,,,,5.45,
1968-08-29,,,,,,,,,5.43,
1968-08-30,,,,,,,,,5.42,
1968-09-01,35.1,3.4,,37.2806,5.78,747.4,,1556.0,,
1968-09-02,,,,,,,,,,
1968-09-03,,,,,,,,,5.41,
1968-09-04,,,,,,,,,5.43,
1968-09-05,,,,,,,,,5.46,
1968-09-06,,,,,,,,,5.48,
1968-09-09,,,,,,,,,5.49,
1968-09-10,,,,,,,,,5.51,
1968-09-11,,,,,,,,,5.5,
1968-09-12,,,,,,,,,5.49,
1968-09-13,,,,,,,,,5.48,
1968-09-16,,,,,,,,,5.46,
1968-09-17,,,,,,,,,5.46,
1968-09-18,,,,,,,,,5.42,
1968-09-19,,,,,,,,,5.43,
1968-09-20,,,,,,,,,5.45,
1968-09-23,,,,,,,,,5.45,
1968-09-24,,,,,,,,,5.44,
1968-09-25,,,,,,,,,5.44,
1968-09-26,,,,,,,,,5.45,
1968-09-27,,,,,,,,,5.46,
1968-09-30,,,,,,,,,5.49,
1968-10-01,35.3,3.4,968.03,37.3546,5.91,752.0,,1569.0,5.49,
1968-10-02,,,,,,,,,5.49,
1968-10-03,,,,,,,,,5.5,
1968-10-04,,,,,,,,,5.52,
1968-10-07,,,,,,,,,5.55,
1968-10-08,,,,,,,,,5.57,
1968-10-09,,,,,,,,,5.6,
1968-10-10,,,,,,,,,5.61,
1968-10-11,,,,,,,,,5.61,
1968-10-14,,,,,,,,,5.62,
1968-10-15,,,,,,,,,5.65,
1968-10-16,,,,,,,,,5.62,
1968-10-17,,,,,,,,,5.58,
1968-10-18,,,,,,,,,5.57,
1968-10-21,,,,,,,,,5.58,
1968-10-22,,,,,,,,,5.58,
1968-10-23,,,,,,,,,5.58,
1968-10-24,,,,,,,,,5.61,
1968-10-25,,,,,,,,,5.6,
1968-10-28,,,,,,,,,5.61,
1968-10-29,,,,,,,,,5.62,
1968-10-30,,,,,,,,,5.63,
1968-10-31,,,,,,,,,5.61,
1968-11-01,35.4,3.4,,37.8378,5.82,758.0,,1630.0,5.61,
1968-11-04,,,,,,,,,5.63,
1968-11-05,,,,,,,,,,
1968-11-06,,,,,,,,,5.62,
1968-11-07,,,,,,,,,5.63,
1968-11-08,,,,,,,,,5.65,
1968-11-11,,,,,,,,,,
1968-11-12,,,,,,,,,5.68,
1968-11-13,,,,,,,,,5.66,
1968-11-14,,,,,,,,,5.66,
1968-11-15,,,,,,,,,5.68,
1968-11-18,,,,,,,,,5.71,
1968-11-19,,,,,,,,,5.74,
1968-11-20,,,,,,,,,5.74,
1968-11-21,,,,,,,,,5.73,
1968-11-22,,,,,,,,,5.74,
1968-11-25,,,,,,,,,5.75,
1968-11-26,,,,,,,,,5.76,
1968-11-27,,,,,,,,,5.76,
1968-11-28,,,,,,,,,,
1968-11-29,,,,,,,,,5.78,
1968-12-01,35.6,3.4,,37.9573,6.02,762.6,,1548.0,,
1968-12-02,,,,,,,,,5.89,
1968-12-03,,,,,,,,,5.96,
1968-12-04,,,,,,,,,5.95,
1968-12-05,,,,,,,,,5.93,
1968-12-06,,,,,,,,,5.91,
1968-12-09,,,,,,,,,5.92,
1968-12-10,,,,,,,,,5.93,
1968-12-11,,,,,,,,,5.93,
1968-12-12,,,,,,,,,5.94,
1968-12-13,,,,,,,,,5.93,
1968-12-16,,,,,,,,,5.96,
1968-12-17,,,,,,,,,5.97,
1968-12-18,,,,,,,,,6.0,
1968-12-19,,,,,,,,,6.07,
1968-12-20,,,,,,,,,6.14,
1968-12-23,,,,,,,,,6.23,
1968-12-24,,,,,,,,,6.27,
1968-12-25,,,,,,,,,,
1968-12-26,,,,,,,,,6.17,
1968-12-27,,,,,,,,,6.2,
1968-12-30,,,,,,,,,6.21,
1968-12-31,,,,,,,,,6.16,
1969-01-01,35.7,3.4,993.337,38.1869,6.3,766.3,,1769.0,,
1969-01-02,,,,,,,,,6.04,
1969-01-03,,,,,,,,,6.01,
1969-01-06,,,,,,,,,6.04,
1969-01-07,,,,,,,,,6.14,
1969-01-08,,,,,,,,,6.09,
1969-01-09,,,,,,,,,6.04,
1969-01-10,,,,,,,,,6.03,
1969-01-13,,,,,,,,,6.04,
1969-01-14,,,,,,,,,6.04,
1969-01-15,,,,,,,,,6.02,
1969-01-16,,,,,,,,,5.98,
1969-01-17,,,,,,,,,5.97,
1969-01-20,,,,,,,,,5.95,
1969-01-21,,,,,,,,,5.97,
1969-01-22,,,,,,,,,6.03,
1969-01-23,,,,,,,,,6.02,
1969-01-24,,,,,,,,,6.01,
1969-01-27,,,,,,,,,6.03,
1969-01-28,,,,,,,,,6.05,
1969-01-29,,,,,,,,,6.09,
1969-01-30,,,,,,,,,6.14,
1969-01-31,,,,,,,,,6.19,
1969-02-01,35.8,3.4,,38.4313,6.61,771.8,,1705.0,,
1969-02-03,,,,,,,,,6.22,
1969-02-04,,,,,,,,,6.2,
1969-02-05,,,,,,,,,6.19,
1969-02-06,,,,,,,,,6.2,
1969-02-07,,,,,,,,,6.14,
1969-02-10,,,,,,,,,6.14,
1969-02-11,,,,,,,,,6.1,
1969-02-12,,,,,,,,,,
1969-02-13,,,,,,,,,6.09,
1969-02-14,,,,,,,,,6.11,
1969-02-17,,,,,,,,,6.14,
1969-02-18,,,,,,,,,6.16,
1969-02-19,,,,,,,,,6.2,
1969-02-20,,,,,,,,,6.23,
1969-02-21,,,,,,,,,6.24,
1969-02-24,,,,,,,,,6.22,
1969-02-25,,,,,,,,,6.24,
1969-02-26,,,,,,,,,6.24,
1969-02-27,,,,,,,,,6.27,
1969-02-28,,,,,,,,,6.26,
1969-03-01,36.1,3.4,,38.7326,6.79,779.0,,1561.0,,
1969-03-03,,,,,,,,,6.25,
1969-03-04,,,,,,,,,6.24,
1969-03-05,,,,,,,,,6.24,
1969-03-06,,,,,,,,,6.26,
1969-03-07,,,,,,,,,6.27,
1969-03-10,,,,,,,,,6.27,
1969-03-11,,,,,,,,,6.3,
1969-03-12,,,,,,,,,6.31,
1969-03-13,,,,,,,,,6.32,
1969-03-14,,,,,,,,,6.31,
1969-03-17,,,,,,,,,6.35,
1969-03-18,,,,,,,,,6.35,
1969-03-19,,,,,,,,,6.32,
1969-03-20,,,,,,,,,6.31,
1969-03-21,,,,,,,,,6.29,
1969-03-24,,,,,,,,,6.28,
1969-03-25,,,,,,,,,6.3,
1969-03-26,,,,,,,,,6.32,
1969-03-27,,,,,,,,,6.33,
1969-03-28,,,,,,,,,6.3,
1969-03-31,,,,,,,,,,
1969-04-01,36.3,3.4,1009.02,38.5901,7.41,784.3,,1524.0,6.25,
1969-04-02,,,,,,,,,6.25,
1969-04-03,,,,,,,,,6.26,
1969-04-04,,,,,,,,,,
1969-04-07,,,,,,,,,6.28,
1969-04-08,,,,,,,,,6.25,
1969-04-09,,,,,,,,,6.19,
1969-04-10,,,,,,,,,6.18,
1969-04-11,,,,,,,,,6.15,
1969-04-14,,,,,,,,,6.06,
1969-04-15,,,,,,,,,6.11,
1969-04-16,,,,,,,,,6.1,
1969-04-17,,,,,,,,,6.13,
1969-04-18,,,,,,,,,6.16,
1969-04-21,,,,,,,,,6.14,
1969-04-22,,,,,,,,,6.12,
1969-04-23,,,,,,,,,6.12,
1969-04-24,,,,,,,,,6.14,
1969-04-25,,,,,,,,,6.15,
1969-04-28,,,,,,,,,6.19,
1969-04-29,,,,,,,,,6.21,
1969-04-30,,,,,,,,,6.2,
1969-05-01,36.4,3.4,,38.4443,8.67,790.5,,1583.0,6.25,
1969-05-02,,,,,,,,,6.23,
1969-05-05,,,,,,,,,6.19,
1969-05-06,,,,,,,,,6.22,
1969-05-07,,,,,,,,,6.22,
1969-05-08,,,,,,,,,6.2,
1969-05-09,,,,,,,,,6.23,
1969-05-12,,,,,,,,,6.27,
1969-05-13,,,,,,,,,6.25,
1969-05-14,,,,,,,,,6.24,
1969-05-15,,,,,,,,,6.26,
1969-05-16,,,,,,,,,6.31,
1969-05-19,,,,,,,,,6.36,
1969-05-20,,,,,,,,,6.36,
1969-05-21,,,,,,,,,6.36,
1969-05-22,,,,,,,,,6.36,
1969-05-23,,,,,,,,,6.38,
1969-05-26,,,,,,,,,6.44,
1969-05-27,,,,,,,,,6.54,
1969-05-28,,,,,,,,,6.56,
1969-05-29,,,,,,,,,6.56,
1969-05-30,,,,,,,,,,
1969-06-01,36.6,3.5,,38.8198,8.9,797.1,,1528.0,,
1969-06-02,,,,,,,,,6.56,
1969-06-03,,,,,,,,,6.55,
1969-06-04,,,,,,,,,6.56,
1969-06-05,,,,,,,,,6.54,
1969-06-06,,,,,,,,,6.52,
1969-06-09,,,,,,,,,6.59,
1969-06-10,,,,,,,,,6.56,
1969-06-11,,,,,,,,,6.56,
1969-06-12,,,,,,,,,6.54,
1969-06-13,,,,,,,,,6.51,
1969-06-16,,,,,,,,,6.49,
1969-06-17,,,,,,,,,6.52,
1969-06-18,,,,,,,,,6.53,
1969-06-19,,,,,,,,,6.57,
1969-06-20,,,,,,,,,6.59,
1969-06-23,,,,,,,,,6.6,
1969-06-24,,,,,,,,,6.63,
1969-06-25,,,,,,,,,6.63,
1969-06-26,,,,,,,,,6.62,
1969-06-27,,,,,,,,,6.66,
1969-06-30,,,,,,,,,6.73,
1969-07-01,36.8,3.5,1029.956,39.0248,8.61,805.0,,1368.0,6.75,
1969-07-02,,,,,,,,,6.77,
1969-07-03,,,,,,,,,6.75,
1969-07-04,,,,,,,,,,
1969-07-07,,,,,,,,,6.76,
1969-07-08,,,,,,,,,6.79,
1969-07-09,,,,,,,,,6.82,
1969-07-10,,,,,,,,,6.78,
1969-07-11,,,,,,,,,6.64,
1969-07-14,,,,,,,,,6.69,
1969-07-15,,,,,,,,,6.72,
1969-07-16,,,,,,,,,6.67,
1969-07-17,,,,,,,,,6.69,
1969-07-18,,,,,,,,,6.7,
1969-07-21,,,,,,,,,,
1969-07-22,,,,,,,,,6.66,
1969-07-23,,,,,,,,,6.68,
1969-07-24,,,,,,,,,6.7,
1969-07-25,,,,,,,,,6.71,
1969-07-28,,,,,,,,,6.73,
1969-07-29,,,,,,,,,6.72,
1969-07-30,,,,,,,,,6.72,
1969-07-31,,,,,,,,,6.66,
1969-08-01,36.9,3.5,,39.1145,9.19,812.2,,1358.0,6.66,
1969-08-04,,,,,,,,,6.63,
1969-08-05,,,,,,,,,6.6,
1969-08-06,,,,,,,,,6.62,
1969-08-07,,,,,,,,,6.63,
1969-08-08,,,,,,,,,6.64,
1969-08-11,,,,,,,,,6.69,
1969-08-12,,,,,,,,,6.7,
1969-08-13,,,,,,,,,6.7,
1969-08-14,,,,,,,,,6.68,
1969-08-15,,,,,,,,,6.68,
1969-08-18,,,,,,,,,6.66,
1969-08-19,,,,,,,,,6.65,
1969-08-20,,,,,,,,,6.66,
1969-08-21,,,,,,,,,6.68,
1969-08-22,,,,,,,,,6.71,
1969-08-25,,,,,,,,,6.72,
1969-08-26,,,,,,,,,6.76,
1969-08-27,,,,,,,,,6.79,
1969-08-28,,,,,,,,,6.83,
1969-08-29,,,,,,,,,6.83,
1969-09-01,37.1,3.7,,39.1057,9.15,817.7,,1507.0,,
1969-09-02,,,,,,,,,6.87,
1969-09-03,,,,,,,,,6.94,
1969-09-04,,,,,,,,,6.96,
1969-09-05,,,,,,,,,6.99,
1969-09-08,,,,,,,,,7.03,
1969-09-09,,,,,,,,,7.04,
1969-09-10,,,,,,,,,7.02,
1969-09-11,,,,,,,,,7.05,
1969-09-12,,,,,,,,,7.08,
1969-09-15,,,,,,,,,7.09,
1969-09-16,,,,,,,,,7.14,
1969-09-17,,,,,,,,,7.14,
1969-09-18,,,,,,,,,7.27,
1969-09-19,,,,,,,,,7.28,
1969-09-22,,,,,,,,,7.26,
1969-09-23,,,,,,,,,7.26,
1969-09-24,,,,,,,,,7.27,
1969-09-25,,,,,,,,,7.3,
1969-09-26,,,,,,,,,7.4,
1969-09-29,,,,,,,,,7.45,
1969-09-30,,,,,,,,,7.51,
1969-10-01,37.3,3.7,1038.147,39.1171,9.0,822.0,,1381.0,7.52,
1969-10-02,,,,,,,,,7.45,
1969-10-03,,,,,,,,,7.38,
1969-10-06,,,,,,,,,7.35,
1969-10-07,,,,,,,,,7.31,
1969-10-08,,,,,,,,,7.29,
1969-10-09,,,,,,,,,7.3,
1969-10-10,,,,,,,,,7.22,
1969-10-13,,,,,,,,,,
1969-10-14,,,,,,,,,7.1,
1969-10-15,,,,,,,,,7.12,
1969-10-16,,,,,,,,,7.04,
1969-10-17,,,,,,,,,6.99,
1969-10-20,,,,,,,,,6.83,
1969-10-21,,,,,,,,,6.77,
1969-10-22,,,,,,,,,6.8,
1969-10-23,,,,,,,,,6.9,
1969-10-24,,,,,,,,,6.9,
1969-10-27,,,,,,,,,6.93,
1969-10-28,,,,,,,,,7.0,
1969-10-29,,,,,,,,,7.0,
1969-10-30,,,,,,,,,6.96,
1969-10-31,,,,,,,,,6.94,
1969-11-01,37.5,3.5,,38.7484,8.85,826.4,,1229.0,,
1969-11-03,,,,,,,,,6.9,
1969-11-04,,,,,,,,,,
1969-11-05,,,,,,,,,6.97,
1969-11-06,,,,,,,,,7.01,
1969-11-07,,,,,,,,,6.99,
1969-11-10,,,,,,,,,6.99,
1969-11-11,,,,,,,,,,
1969-11-12,,,,,,,,,7.06,
1969-11-13,,,,,,,,,7.12,
1969-11-14,,,,,,,,,7.08,
1969-11-17,,,,,,,,,7.13,
1969-11-18,,,,,,,,,7.22,
1969-11-19,,,,,,,,,7.25,
1969-11-20,,,,,,,,,7.31,
1969-11-21,,,,,,,,,7.28,
1969-11-24,,,,,,,,,7.27,
1969-11-25,,,,,,,,,7.28,
1969-11-26,,,,,,,,,7.3,
1969-11-27,,,,,,,,,,
1969-11-28,,,,,,,,,7.29,
1969-12-01,37.7,3.5,,38.6444,8.97,831.9,,1327.0,7.29,
1969-12-02,,,,,,,,,7.35,
1969-12-03,,,,,,,,,7.39,
1969-12-04,,,,,,,,,7.35,
1969-12-05,,,,,,,,,7.35,
1969-12-08,,,,,,,,,7.4,
1969-12-09,,,,,,,,,7.5,
1969-12-10,,,,,,,,,7.59,
1969-12-11,,,,,,,,,7.62,
1969-12-12,,,,,,,,,7.6,
1969-12-15,,,,,,,,,7.63,
1969-12-16,,,,,,,,,7.72,
1969-12-17,,,,,,,,,7.76,
1969-12-18,,,,,,,,,7.81,
1969-12-19,,,,,,,,,7.79,
1969-12-22,,,,,,,,,7.76,
1969-12-23,,,,,,,,,7.82,
1969-12-24,,,,,,,,,7.89,
1969-12-25,,,,,,,,,,
1969-12-26,,,,,,,,,7.87,
1969-12-29,,,,,,,,,8.05,
1969-12-30,,,,,,,,,7.97,
1969-12-31,,,,,,,,,7.88,
1970-01-01,37.9,3.9,1051.2,37.9288,8.98,836.4,,1085.0,,
1970-01-02,,,,,,,,,7.86,
1970-01-05,,,,,,,,,7.88,
1970-01-06,,,,,,,,,7.96,
1970-01-07,,,,,,,,,7.99,
1970-01-08,,,,,,,,,7.96,
1970-01-09,,,,,,,,,7.86,
1970-01-12,,,,,,,,,7.82,
1970-01-13,,,,,,,,,7.81,
1970-01-14,,,,,,,,,7.86,
1970-01-15,,,,,,,,,7.85,
1970-01-16,,,,,,,,,7.75,
1970-01-19,,,,,,,,,7.69,
1970-01-20,,,,,,,,,7.72,
1970-01-21,,,,,,,,,7.69,
1970-01-22,,,,,,,,,7.67,
1970-01-23,,,,,,,,,7.69,
1970-01-26,,,,,,,,,7.71,
1970-01-27,,,,,,,,,7.7,
1970-01-28,,,,,,,,,7.7,
1970-01-29,,,,,,,,,7.77,
1970-01-30,,,,,,,,,7.75,
1970-02-01,38.1,4.2,,37.9038,8.98,841.8,,1305.0,,
1970-02-02,,,,,,,,,7.65,
1970-02-03,,,,,,,,,7.58,
1970-02-04,,,,,,,,,7.5,
1970-02-05,,,,,,,,,7.45,
1970-02-06,,,,,,,,,7.36,
1970-02-09,,,,,,,,,7.28,
1970-02-10,,,,,,,,,7.32,
1970-02-11,,,,,,,,,7.33,
1970-02-12,,,,,,,,,,
1970-02-13,,,,,,,,,7.15,
1970-02-16,,,,,,,,,7.17,
1970-02-17,,,,,,,,,7.15,
1970-02-18,,,,,,,,,7.12,
1970-02-19,,,,,,,,,7.09,
1970-02-20,,,,,,,,,7.12,
1970-02-23,,,,,,,,,,
1970-02-24,,,,,,,,,7.14,
1970-02-25,,,,,,,,,7.04,
1970-02-26,,,,,,,,,6.94,
1970-02-27,,,,,,,,,6.9,
1970-03-01,38.3,4.4,,37.8546,7.76,847.1,,1319.0,,
1970-03-02,,,,,,,,,6.95,
1970-03-03,,,,,,,,,6.99,
1970-03-04,,,,,,,,,6.97,
1970-03-05,,,,,,,,,6.98,
1970-03-06,,,,,,,,,6.96,
1970-03-09,,,,,,,,,6.99,
1970-03-10,,,,,,,,,7.04,
1970-03-11,,,,,,,,,7.11,
1970-03-12,,,,,,,,,7.16,
1970-03-13,,,,,,,,,7.23,
1970-03-16,,,,,,,,,7.24,
1970-03-17,,,,,,,,,7.36,
1970-03-18,,,,,,,,,7.28,
1970-03-19,,,,,,,,,7.07,
1970-03-20,,,,,,,,,7.06,
1970-03-23,,,,,,,,,7.05,
1970-03-24,,,,,,,,,7.02,
1970-03-25,,,,,,,,,6.96,
1970-03-26,,,,,,,,,6.98,
1970-03-27,,,,,,,,,,
1970-03-30,,,,,,,,,7.05,
1970-03-31,,,,,,,,,7.08,
1970-04-01,38.5,4.6,1067.375,37.7573,8.1,859.9,,1264.0,7.04,
1970-04-02,,,,,,,,,7.08,
1970-04-03,,,,,,,,,7.14,
1970-04-06,,,,,,,,,7.17,
1970-04-07,,,,,,,,,7.18,
1970-04-08,,,,,,,,,7.17,
1970-04-09,,,,,,,,,7.18,
1970-04-10,,,,,,,,,7.17,
1970-04-13,,,,,,,,,7.2,
1970-04-14,,,,,,,,,7.22,
1970-04-15,,,,,,,,,7.27,
1970-04-16,,,,,,,,,7.34,
1970-04-17,,,,,,,,,7.4,
1970-04-20,,,,,,,,,7.44,
1970-04-21,,,,,,,,,7.5,
1970-04-22,,,,,,,,,7.61,
1970-04-23,,,,,,,,,7.64,
1970-04-24,,,,,,,,,7.72,
1970-04-27,,,,,,,,,7.74,
1970-04-28,,,,,,,,,7.79,
1970-04-29,,,,,,,,,7.78,
1970-04-30,,,,,,,,,7.82,
1970-05-01,38.6,4.8,,37.7133,7.95,857.7,,1290.0,7.85,
1970-05-04,,,,,,,,,7.94,
1970-05-05,,,,,,,,,7.92,
1970-05-06,,,,,,,,,7.86,
1970-05-07,,,,,,,,,7.82,
1970-05-08,,,,,,,,,7.78,
1970-05-11,,,,,,,,,7.82,
1970-05-12,,,,,,,,,7.84,
1970-05-13,,,,,,,,,7.85,
1970-05-14,,,,,,,,,7.86,
1970-05-15,,,,,,,,,7.83,
1970-05-18,,,,,,,,,7.8,
1970-05-19,,,,,,,,,7.8,
1970-05-20,,,,,,,,,7.85,
1970-05-21,,,,,,,,,7.9,
1970-05-22,,,,,,,,,7.99,
1970-05-25,,,,,,,,,8.15,
1970-05-26,,,,,,,,,8.22,
1970-05-27,,,,,,,,,8.02,
1970-05-28,,,,,,,,,7.98,
1970-05-29,,,,,,,,,7.95,
1970-06-01,38.8,4.9,,37.5913,7.61,862.6,,1385.0,7.84,
1970-06-02,,,,,,,,,7.78,
1970-06-03,,,,,,,,,7.76,
1970-06-04,,,,,,,,,7.8,
1970-06-05,,,,,,,,,7.88,
1970-06-08,,,,,,,,,7.89,
1970-06-09,,,,,,,,,7.88,
1970-06-10,,,,,,,,,7.87,
1970-06-11,,,,,,,,,7.92,
1970-06-12,,,,,,,,,7.98,
1970-06-15,,,,,,,,,7.98,
1970-06-16,,,,,,,,,7.87,
1970-06-17,,,,,,,,,7.9,
1970-06-18,,,,,,,,,7.9,
1970-06-19,,,,,,,,,7.9,
1970-06-22,,,,,,,,,7.86,
1970-06-23,,,,,,,,,7.79,
1970-06-24,,,,,,,,,7.74,
1970-06-25,,,,,,,,,7.76,
1970-06-26,,,,,,,,,7.78,
1970-06-29,,,,,,,,,7.76,
1970-06-30,,,,,,,,,7.68,
1970-07-01,38.9,5.0,1086.059,37.6836,7.21,870.6,,1517.0,7.64,
1970-07-02,,,,,,,,,7.55,
1970-07-03,,,,,,,,,,
1970-07-06,,,,,,,,,7.49,
1970-07-07,,,,,,,,,7.46,
1970-07-08,,,,,,,,,7.49,
1970-07-09,,,,,,,,,7.49,
1970-07-10,,,,,,,,,7.54,
1970-07-13,,,,,,,,,7.55,
1970-07-14,,,,,,,,,7.53,
1970-07-15,,,,,,,,,7.49,
1970-07-16,,,,,,,,,7.46,
1970-07-17,,,,,,,,,7.45,
1970-07-20,,,,,,,,,7.46,
1970-07-21,,,,,,,,,7.45,
1970-07-22,,,,,,,,,7.43,
1970-07-23,,,,,,,,,7.32,
1970-07-24,,,,,,,,,7.34,
1970-07-27,,,,,,,,,7.36,
1970-07-28,,,,,,,,,7.41,
1970-07-29,,,,,,,,,7.39,
1970-07-30,,,,,,,,,7.38,
1970-07-31,,,,,,,,,7.38,
1970-08-01,39.0,5.1,,37.6164,6.62,875.1,,1399.0,,
1970-08-03,,,,,,,,,7.39,
1970-08-04,,,,,,,,,7.4,
1970-08-05,,,,,,,,,7.42,
1970-08-06,,,,,,,,,7.43,
1970-08-07,,,,,,,,,7.45,
1970-08-10,,,,,,,,,7.5,
1970-08-11,,,,,,,,,7.54,
1970-08-12,,,,,,,,,7.56,
1970-08-13,,,,,,,,,7.58,
1970-08-14,,,,,,,,,7.67,
1970-08-17,,,,,,,,,7.71,
1970-08-18,,,,,,,,,7.68,
1970-08-19,,,,,,,,,7.65,
1970-08-20,,,,,,,,,7.64,
1970-08-21,,,,,,,,,7.6,
1970-08-24,,,,,,,,,7.48,
1970-08-25,,,,,,,,,7.46,
1970-08-26,,,,,,,,,7.45,
1970-08-27,,,,,,,,,7.48,
1970-08-28,,,,,,,,,7.49,
1970-08-31,,,,,,,,,7.49,
1970-09-01,39.2,5.4,,37.3571,6.29,878.4,,1534.0,7.47,
1970-09-02,,,,,,,,,7.48,
1970-09-03,,,,,,,,,7.48,
1970-09-04,,,,,,,,,7.47,
1970-09-07,,,,,,,,,,
1970-09-08,,,,,,,,,7.5,
1970-09-09,,,,,,,,,7.54,
1970-09-10,,,,,,,,,7.52,
1970-09-11,,,,,,,,,7.5,
1970-09-14,,,,,,,,,7.48,
1970-09-15,,,,,,,,,7.46,
1970-09-16,,,,,,,,,7.4,
1970-09-17,,,,,,,,,7.32,
1970-09-18,,,,,,,,,7.31,
1970-09-21,,,,,,,,,7.29,
1970-09-22,,,,,,,,,7.28,
1970-09-23,,,,,,,,,7.24,
1970-09-24,,,,,,,,,7.26,
1970-09-25,,,,,,,,,7.28,
1970-09-28,,,,,,,,,7.31,
1970-09-29,,,,,,,,,7.3,
1970-09-30,,,,,,,,,7.29,
1970-10-01,39.4,5.5,1088.608,36.6098,6.2,879.7,,1580.0,7.29,
1970-10-02,,,,,,,,,7.26,
1970-10-05,,,,,,,,,7.26,
1970-10-06,,,,,,,,,7.24,
1970-10-07,,,,,,,,,7.23,
1970-10-08,,,,,,,,,7.25,
1970-10-09,,,,,,,,,7.25,
1970-10-12,,,,,,,,,,
1970-10-13,,,,,,,,,7.25,
1970-10-14,,,,,,,,,7.3,
1970-10-15,,,,,,,,,7.3,
1970-10-16,,,,,,,,,7.31,
1970-10-19,,,,,,,,,7.35,
1970-10-20,,,,,,,,,7.37,
1970-10-21,,,,,,,,,7.42,
1970-10-22,,,,,,,,,7.46,
1970-10-23,,,,,,,,,7.44,
1970-10-26,,,,,,,,,7.44,
1970-10-27,,,,,,,,,7.42,
1970-10-28,,,,,,,,,7.38,
1970-10-29,,,,,,,,,7.31,
1970-10-30,,,,,,,,,7.33,
1970-11-01,39.6,5.9,,36.3881,5.6,882.3,,1647.0,,
1970-11-02,,,,,,,,,7.24,
1970-11-03,,,,,,,,,,
1970-11-04,,,,,,,,,7.23,
1970-11-05,,,,,,,,,7.2,
1970-11-06,,,,,,,,,7.15,
1970-11-09,,,,,,,,,7.06,
1970-11-10,,,,,,,,,7.06,
1970-11-11,,,,,,,,,,
1970-11-12,,,,,,,,,7.03,
1970-11-13,,,,,,,,,7.0,
1970-11-16,,,,,,,,,6.96,
1970-11-17,,,,,,,,,6.93,
1970-11-18,,,,,,,,,6.86,
1970-11-19,,,,,,,,,6.72,
1970-11-20,,,,,,,,,6.48,
1970-11-23,,,,,,,,,6.32,
1970-11-24,,,,,,,,,6.45,
1970-11-25,,,,,,,,,6.48,
1970-11-26,,,,,,,,,,
1970-11-27,,,,,,,,,6.48,
1970-11-30,,,,,,,,,6.49,
1970-12-01,39.8,6.1,,37.2237,4.9,889.2,,1893.0,6.48,
1970-12-02,,,,,,,,,6.41,
1970-12-03,,,,,,,,,6.31,
1970-12-04,,,,,,,,,6.21,
1970-12-07,,,,,,,,,6.27,
1970-12-08,,,,,,,,,6.29,
1970-12-09,,,,,,,,,6.34,
1970-12-10,,,,,,,,,6.34,
1970-12-11,,,,,,,,,6.31,
1970-12-14,,,,,,,,,6.26,
1970-12-15,,,,,,,,,6.29,
1970-12-16,,,,,,,,,6.29,
1970-12-17,,,,,,,,,6.3,
1970-12-18,,,,,,,,,6.33,
1970-12-21,,,,,,,,,6.45,
1970-12-22,,,,,,,,,6.52,
1970-12-23,,,,,,,,,6.57,
1970-12-24,,,,,,,,,6.53,
1970-12-25,,,,,,,,,,
1970-12-28,,,,,,,,,6.54,
1970-12-29,,,,,,,,,6.56,
1970-12-30,,,,,,,,,6.51,
1970-12-31,,,,,,,,,6.5,
1971-01-01,39.9,5.9,1135.156,37.5101,4.14,898.8,,1828.0,,
1971-01-04,,,,,,,,,6.46,
1971-01-05,,,,,,,,,6.47,
1971-01-06,,,,,,,,,6.47,
1971-01-07,,,,,,,,,6.45,
1971-01-08,,,,,,,,,6.44,
1971-01-11,,,,,,,,,6.39,
1971-01-12,,,,,,,,,6.35,
1971-01-13,,,,,,,,,6.29,
1971-01-14,,,,,,,,,6.22,
1971-01-15,,,,,,,,,6.22,
1971-01-18,,,,,,,,,6.16,
1971-01-19,,,,,,,,,6.17,
1971-01-20,,,,,,,,,6.15,
1971-01-21,,,,,,,,,6.09,
1971-01-22,,,,,,,,,6.06,
1971-01-25,,,,,,,,,6.05,
1971-01-26,,,,,,,,,6.07,
1971-01-27,,,,,,,,,6.09,
1971-01-28,,,,,,,,,6.08,
1971-01-29,,,,,,,,,6.09,
1971-02-01,39.9,5.9,,37.4386,3.72,903.2,,1741.0,6.09,
1971-02-02,,,,,,,,,6.11,
1971-02-03,,,,,,,,,6.11,
1971-02-04,,,,,,,,,6.1,
1971-02-05,,,,,,,,,6.1,
1971-02-08,,,,,,,,,6.09,
1971-02-09,,,,,,,,,6.07,
1971-02-10,,,,,,,,,6.08,
1971-02-11,,,,,,,,,6.08,
1971-02-12,,,,,,,,,,
1971-02-15,,,,,,,,,,
1971-02-16,,,,,,,,,6.11,
1971-02-17,,,,,,,,,6.11,
1971-02-18,,,,,,,,,6.11,
1971-02-19,,,,,,,,,6.12,
1971-02-22,,,,,,,,,6.15,
1971-02-23,,,,,,,,,6.18,
1971-02-24,,,,,,,,,6.16,
1971-02-25,,,,,,,,,6.11,
1971-02-26,,,,,,,,,6.14,
1971-03-01,40.0,6.0,,37.398,3.71,909.0,,1910.0,6.12,
1971-03-02,,,,,,,,,6.09,
1971-03-03,,,,,,,,,6.05,
1971-03-04,,,,,,,,,6.05,
1971-03-05,,,,,,,,,6.03,
1971-03-08,,,,,,,,,5.99,
1971-03-09,,,,,,,,,5.9,
1971-03-10,,,,,,,,,5.8,
1971-03-11,,,,,,,,,5.69,
1971-03-12,,,,,,,,,5.72,
1971-03-15,,,,,,,,,5.7,
1971-03-16,,,,,,,,,5.68,
1971-03-17,,,,,,,,,5.61,
1971-03-18,,,,,,,,,5.55,
1971-03-19,,,,,,,,,5.51,
1971-03-22,,,,,,,,,5.42,
1971-03-23,,,,,,,,,5.38,
1971-03-24,,,,,,,,,5.41,
1971-03-25,,,,,,,,,5.43,
1971-03-26,,,,,,,,,5.48,
1971-03-29,,,,,,,,,5.54,
1971-03-30,,,,,,,,,5.5,
1971-03-31,,,,,,,,,5.53,
1971-04-01,40.1,5.9,1156.271,37.608,4.16,915.0,,1986.0,5.58,
1971-04-02,,,,,,,,,5.6,
1971-04-05,,,,,,,,,5.63,
1971-04-06,,,,,,,,,5.6,
1971-04-07,,,,,,,,,5.58,
1971-04-08,,,,,,,,,5.62,
1971-04-09,,,,,,,,,,
1971-04-12,,,,,,,,,5.73,
1971-04-13,,,,,,,,,5.72,
1971-04-14,,,,,,,,,5.77,
1971-04-15,,,,,,,,,5.8,
1971-04-16,,,,,,,,,5.82,
1971-04-19,,,,,,,,,5.88,
1971-04-20,,,,,,,,,5.97,
1971-04-21,,,,,,,,,6.04,
1971-04-22,,,,,,,,,6.02,
1971-04-23,,,,,,,,,6.01,
1971-04-26,,,,,,,,,6.0,
1971-04-27,,,,,,,,,6.0,
1971-04-28,,,,,,,,,5.99,
1971-04-29,,,,,,,,,6.07,
1971-04-30,,,,,,,,,6.08,
1971-05-01,40.3,5.9,,37.7989,4.63,922.4,,2049.0,,
1971-05-03,,,,,,,,,6.15,
1971-05-04,,,,,,,,,6.25,
1971-05-05,,,,,,,,,6.26,
1971-05-06,,,,,,,,,6.28,
1971-05-07,,,,,,,,,6.25,
1971-05-10,,,,,,,,,6.22,
1971-05-11,,,,,,,,,6.26,
1971-05-12,,,,,,,,,6.35,
1971-05-13,,,,,,,,,6.47,
1971-05-14,,,,,,,,,6.49,
1971-05-17,,,,,,,,,6.57,
1971-05-18,,,,,,,,,6.65,
1971-05-19,,,,,,,,,6.6,
1971-05-20,,,,,,,,,6.49,
1971-05-21,,,,,,,,,6.53,
1971-05-24,,,,,,,,,6.49,
1971-05-25,,,,,,,,,6.44,
1971-05-26,,,,,,,,,6.37,
1971-05-27,,,,,,,,,6.35,
1971-05-28,,,,,,,,,6.38,
1971-05-31,,,,,,,,,,
1971-06-01,40.5,5.9,,37.9574,4.91,943.8,,2026.0,6.36,
1971-06-02,,,,,,,,,6.24,
1971-06-03,,,,,,,,,6.19,
1971-06-04,,,,,,,,,6.26,
1971-06-07,,,,,,,,,6.34,
1971-06-08,,,,,,,,,6.38,
1971-06-09,,,,,,,,,6.44,
1971-06-10,,,,,,,,,6.48,
1971-06-11,,,,,,,,,6.5,
1971-06-14,,,,,,,,,6.63,
1971-06-15,,,,,,,,,6.73,
1971-06-16,,,,,,,,,6.68,
1971-06-17,,,,,,,,,6.68,
1971-06-18,,,,,,,,,6.58,
1971-06-21,,,,,,,,,6.53,
1971-06-22,,,,,,,,,6.62,
1971-06-23,,,,,,,,,6.61,
1971-06-24,,,,,,,,,6.61,
1971-06-25,,,,,,,,,6.62,
1971-06-28,,,,,,,,,6.64,
1971-06-29,,,,,,,,,6.67,
1971-06-30,,,,,,,,,6.7,
1971-07-01,40.6,6.0,1177.675,37.8472,5.31,934.8,,2083.0,6.69,
1971-07-02,,,,,,,,,6.69,
1971-07-05,,,,,,,,,,
1971-07-06,,,,,,,,,6.68,
1971-07-07,,,,,,,,,6.66,
1971-07-08,,,,,,,,,6.67,
1971-07-09,,,,,,,,,6.68,
1971-07-12,,,,,,,,,6.6,
1971-07-13,,,,,,,,,6.61,
1971-07-14,,,,,,,,,6.6,
1971-07-15,,,,,,,,,6.59,
1971-07-16,,,,,,,,,6.66,
1971-07-19,,,,,,,,,6.71,
1971-07-20,,,,,,,,,6.7,
1971-07-21,,,,,,,,,6.7,
1971-07-22,,,,,,,,,6.79,
1971-07-23,,,,,,,,,6.84,
1971-07-26,,,,,,,,,6.86,
1971-07-27,,,,,,,,,6.91,
1971-07-28,,,,,,,,,6.95,
1971-07-29,,,,,,,,,6.88,
1971-07-30,,,,,,,,,6.85,
1971-08-01,40.7,6.1,,37.6276,5.57,940.8,,2158.0,,
1971-08-02,,,,,,,,,6.86,
1971-08-03,,,,,,,,,6.91,
1971-08-04,,,,,,,,,6.89,
1971-08-05,,,,,,,,,6.86,
1971-08-06,,,,,,,,,6.86,
1971-08-09,,,,,,,,,6.88,
1971-08-10,,,,,,,,,6.89,
1971-08-11,,,,,,,,,6.86,
1971-08-12,,,,,,,,,6.8,
1971-08-13,,,,,,,,,6.68,
1971-08-16,,,,,,,,,6.41,
1971-08-17,,,,,,,,,6.3,
1971-08-18,,,,,,,,,6.35,
1971-08-19,,,,,,,,,6.34,
1971-08-20,,,,,,,,,6.37,
1971-08-23,,,,,,,,,6.48,
1971-08-24,,,,,,,,,6.38,
1971-08-25,,,,,,,,,6.4,
1971-08-26,,,,,,,,,6.37,
1971-08-27,,,,,,,,,6.33,
1971-08-30,,,,,,,,,6.32,
1971-08-31,,,,,,,,,6.28,
1971-09-01,40.8,6.0,,38.2391,5.55,947.7,,2041.0,6.22,
1971-09-02,,,,,,,,,6.17,
1971-09-03,,,,,,,,,6.12,
1971-09-06,,,,,,,,,,
1971-09-07,,,,,,,,,6.07,
1971-09-08,,,,,,,,,6.08,
1971-09-09,,,,,,,,,6.13,
1971-09-10,,,,,,,,,6.12,
1971-09-13,,,,,,,,,6.2,
1971-09-14,,,,,,,,,6.18,
1971-09-15,,,,,,,,,6.17,
1971-09-16,,,,,,,,,6.14,
1971-09-17,,,,,,,,,6.13,
1971-09-20,,,,,,,,,6.15,
1971-09-21,,,,,,,,,6.17,
1971-09-22,,,,,,,,,6.19,
1971-09-23,,,,,,,,,6.2,
1971-09-24,,,,,,,,,6.16,
1971-09-27,,,,,,,,,6.13,
1971-09-28,,,,,,,,,6.12,
1971-09-29,,,,,,,,,6.08,
1971-09-30,,,,,,,,,6.0,
1971-10-01,40.9,5.8,1190.297,38.5253,5.2,951.8,,2128.0,6.0,
1971-10-04,,,,,,,,,5.98,
1971-10-05,,,,,,,,,6.01,
1971-10-06,,,,,,,,,5.98,
1971-10-07,,,,,,,,,5.97,
1971-10-08,,,,,,,,,5.94,
1971-10-11,,,,,,,,,,
1971-10-12,,,,,,,,,5.88,
1971-10-13,,,,,,,,,5.86,
1971-10-14,,,,,,,,,5.88,
1971-10-15,,,,,,,,,5.9,
1971-10-18,,,,,,,,,5.95,
1971-10-19,,,,,,,,,5.96,
1971-10-20,,,,,,,,,5.92,
1971-10-21,,,,,,,,,5.88,
1971-10-22,,,,,,,,,5.9,
1971-10-25,,,,,,,,,,
1971-10-26,,,,,,,,,5.89,
1971-10-27,,,,,,,,,5.92,
1971-10-28,,,,,,,,,5.9,
1971-10-29,,,,,,,,,5.87,
1971-11-01,41.0,6.0,,38.6888,4.91,958.6,,2182.0,5.8,
1971-11-02,,,,,,,,,,
1971-11-03,,,,,,,,,5.72,
1971-11-04,,,,,,,,,5.72,
1971-11-05,,,,,,,,,5.72,
1971-11-08,,,,,,,,,5.77,
1971-11-09,,,,,,,,,5.77,
1971-11-10,,,,,,,,,5.82,
1971-11-11,,,,,,,,,5.79,
1971-11-12,,,,,,,,,5.77,
1971-11-15,,,,,,,,,5.77,
1971-11-16,,,,,,,,,5.76,
1971-11-17,,,,,,,,,5.75,
1971-11-18,,,,,,,,,5.77,
1971-11-19,,,,,,,,,5.79,
1971-11-22,,,,,,,,,5.82,
1971-11-23,,,,,,,,,5.89,
1971-11-24,,,,,,,,,5.95,
1971-11-25,,,,,,,,,,
1971-11-26,,,,,,,,,5.94,
1971-11-29,,,,,,,,,5.95,
1971-11-30,,,,,,,,,5.93,
1971-12-01,41.1,6.0,,39.1355,4.14,967.4,,2295.0,5.92,
1971-12-02,,,,,,,,,5.9,
1971-12-03,,,,,,,,,5.88,
1971-12-06,,,,,,,,,5.88,
1971-12-07,,,,,,,,,5.92,
1971-12-08,,,,,,,,,5.92,
1971-12-09,,,,,,,,,5.94,
1971-12-10,,,,,,,,,5.93,
1971-12-13,,,,,,,,,5.9,
1971-12-14,,,,,,,,,5.94,
1971-12-15,,,,,,,,,5.96,
1971-12-16,,,,,,,,,5.95,
1971-12-17,,,,,,,,,5.93,
1971-12-20,,,,,,,,,5.97,
1971-12-21,,,,,,,,,6.0,
1971-12-22,,,,,,,,,6.01,
1971-12-23,,,,,,,,,5.97,
1971-12-24,,,,,,,,,,
1971-12-27,,,,,,,,,5.91,
1971-12-28,,,,,,,,,5.86,
1971-12-29,,,,,,,,,5.9,
1971-12-30,,,,,,,,,5.9,
1971-12-31,,,,,,,,,5.89,
1972-01-01,41.2,5.8,1230.609,40.0728,3.51,976.1,,2494.0,,
1972-01-03,,,,,,,,,5.94,
1972-01-04,,,,,,,,,5.93,
1972-01-05,,,,,,,,,5.91,
1972-01-06,,,,,,,,,5.9,
1972-01-07,,,,,,,,,5.88,
1972-01-10,,,,,,,,,5.86,
1972-01-11,,,,,,,,,5.88,
1972-01-12,,,,,,,,,5.88,
1972-01-13,,,,,,,,,5.86,
1972-01-14,,,,,,,,,5.85,
1972-01-17,,,,,,,,,5.89,
1972-01-18,,,,,,,,,5.92,
1972-01-19,,,,,,,,,5.96,
1972-01-20,,,,,,,,,5.98,
1972-01-21,,,,,,,,,5.99,
1972-01-24,,,,,,,,,6.02,
1972-01-25,,,,,,,,,6.02,
1972-01-26,,,,,,,,,6.01,
1972-01-27,,,,,,,,,6.05,
1972-01-28,,,,,,,,,6.08,
1972-01-31,,,,,,,,,6.09,
1972-02-01,41.4,5.7,,40.4789,3.3,987.9,,2390.0,6.09,
1972-02-02,,,,,,,,,6.08,
1972-02-03,,,,,,,,,6.08,
1972-02-04,,,,,,,,,6.08,
1972-02-07,,,,,,,,,6.09,
1972-02-08,,,,,,,,,6.11,
1972-02-09,,,,,,,,,6.12,
1972-02-10,,,,,,,,,6.11,
1972-02-11,,,,,,,,,6.12,
1972-02-14,,,,,,,,,6.1,
1972-02-15,,,,,,,,,6.1,
1972-02-16,,,,,,,,,6.08,
1972-02-17,,,,,,,,,6.06,
1972-02-18,,,,,,,,,6.06,
1972-02-21,,,,,,,,,,
1972-02-22,,,,,,,,,6.06,
1972-02-23,,,,,,,,,6.07,
1972-02-24,,,,,,,,,6.07,
1972-02-25,,,,,,,,,6.06,
1972-02-28,,,,,,,,,6.04,
1972-02-29,,,,,,,,,6.04,
1972-03-01,41.4,5.8,,40.761,3.83,995.6,,2334.0,6.04,
1972-03-02,,,,,,,,,6.03,
1972-03-03,,,,,,,,,6.02,
1972-03-06,,,,,,,,,6.01,
1972-03-07,,,,,,,,,6.02,
1972-03-08,,,,,,,,,6.02,
1972-03-09,,,,,,,,,6.02,
1972-03-10,,,,,,,,,6.03,
1972-03-13,,,,,,,,,6.07,
1972-03-14,,,,,,,,,6.06,
1972-03-15,,,,,,,,,6.11,
1972-03-16,,,,,,,,,6.08,
1972-03-17,,,,,,,,,6.08,
1972-03-20,,,,,,,,,6.09,
1972-03-21,,,,,,,,,6.08,
1972-03-22,,,,,,,,,6.08,
1972-03-23,,,,,,,,,6.1,
1972-03-24,,,,,,,,,6.12,
1972-03-27,,,,,,,,,6.1,
1972-03-28,,,,,,,,,6.11,
1972-03-29,,,,,,,,,6.12,
1972-03-30,,,,,,,,,6.12,
1972-03-31,,,,,,,,,,
1972-04-01,41.5,5.7,1266.369,41.1654,4.17,998.5,,2249.0,,
1972-04-03,,,,,,,,,6.14,
1972-04-04,,,,,,,,,6.18,
1972-04-05,,,,,,,,,6.18,
1972-04-06,,,,,,,,,6.18,
1972-04-07,,,,,,,,,6.18,
1972-04-10,,,,,,,,,6.17,
1972-04-11,,,,,,,,,6.18,
1972-04-12,,,,,,,,,6.21,
1972-04-13,,,,,,,,,6.25,
1972-04-14,,,,,,,,,6.25,
1972-04-17,,,,,,,,,6.24,
1972-04-18,,,,,,,,,6.24,
1972-04-19,,,,,,,,,6.22,
1972-04-20,,,,,,,,,6.21,
1972-04-21,,,,,,,,,6.2,
1972-04-24,,,,,,,,,6.21,
1972-04-25,,,,,,,,,6.21,
1972-04-26,,,,,,,,,6.19,
1972-04-27,,,,,,,,,6.11,
1972-04-28,,,,,,,,,6.14,
1972-05-01,41.6,5.7,,41.1693,4.27,1004.9,,2221.0,6.14,
1972-05-02,,,,,,,,,6.16,
1972-05-03,,,,,,,,,6.17,
1972-05-04,,,,,,,,,6.17,
1972-05-05,,,,,,,,,6.17,
1972-05-08,,,,,,,,,6.17,
1972-05-09,,,,,,,,,6.2,
1972-05-10,,,,,,,,,6.19,
1972-05-11,,,,,,,,,6.19,
1972-05-12,,,,,,,,,6.16,
1972-05-15,,,,,,,,,6.16,
1972-05-16,,,,,,,,,6.16,
1972-05-17,,,,,,,,,6.15,
1972-05-18,,,,,,,,,6.13,
1972-05-19,,,,,,,,,6.1,
1972-05-22,,,,,,,,,6.07,
1972-05-23,,,,,,,,,6.05,
1972-05-24,,,,,,,,,6.06,
1972-05-25,,,,,,,,,6.04,
1972-05-26,,,,,,,,,6.04,
1972-05-29,,,,,,,,,,
1972-05-30,,,,,,,,,6.05,
1972-05-31,,,,,,,,,6.05,
1972-06-01,41.7,5.7,,41.2778,4.46,1009.2,,2254.0,6.07,
1972-06-02,,,,,,,,,6.09,
1972-06-05,,,,,,,,,6.1,
1972-06-06,,,,,,,,,6.13,
1972-06-07,,,,,,,,,6.12,
1972-06-08,,,,,,,,,6.12,
1972-06-09,,,,,,,,,6.11,
1972-06-12,,,,,,,,,6.1,
1972-06-13,,,,,,,,,6.1,
1972-06-14,,,,,,,,,6.1,
1972-06-15,,,,,,,,,6.1,
1972-06-16,,,,,,,,,6.1,
1972-06-19,,,,,,,,,6.08,
1972-06-20,,,,,,,,,6.08,
1972-06-21,,,,,,,,,6.09,
1972-06-22,,,,,,,,,6.11,
1972-06-23,,,,,,,,,6.1,
1972-06-26,,,,,,,,,6.12,
1972-06-27,,,,,,,,,6.12,
1972-06-28,,,,,,,,,6.12,
1972-06-29,,,,,,,,,6.14,
1972-06-30,,,,,,,,,6.15,
1972-07-01,41.8,5.6,1290.566,41.2389,4.55,1019.0,,2252.0,,
1972-07-03,,,,,,,,,6.14,
1972-07-04,,,,,,,,,,
1972-07-05,,,,,,,,,6.13,
1972-07-06,,,,,,,,,6.13,
1972-07-07,,,,,,,,,6.13,
1972-07-10,,,,,,,,,6.13,
1972-07-11,,,,,,,,,6.13,
1972-07-12,,,,,,,,,6.12,
1972-07-13,,,,,,,,,6.11,
1972-07-14,,,,,,,,,6.1,
1972-07-17,,,,,,,,,6.11,
1972-07-18,,,,,,,,,6.11,
1972-07-19,,,,,,,,,6.09,
1972-07-20,,,,,,,,,6.09,
1972-07-21,,,,,,,,,6.1,
1972-07-24,,,,,,,,,6.1,
1972-07-25,,,,,,,,,6.09,
1972-07-26,,,,,,,,,6.08,
1972-07-27,,,,,,,,,6.13,
1972-07-28,,,,,,,,,6.12,
1972-07-31,,,,,,,,,6.12,
1972-08-01,41.9,5.6,,41.805,4.81,1031.4,,2382.0,6.14,
1972-08-02,,,,,,,,,6.14,
1972-08-03,,,,,,,,,6.15,
1972-08-04,,,,,,,,,6.16,
1972-08-07,,,,,,,,,6.16,
1972-08-08,,,,,,,,,6.15,
1972-08-09,,,,,,,,,6.14,
1972-08-10,,,,,,,,,6.14,
1972-08-11,,,,,,,,,6.14,
1972-08-14,,,,,,,,,6.16,
1972-08-15,,,,,,,,,6.17,
1972-08-16,,,,,,,,,6.18,
1972-08-17,,,,,,,,,6.2,
1972-08-18,,,,,,,,,6.21,
1972-08-21,,,,,,,,,6.21,
1972-08-22,,,,,,,,,6.2,
1972-08-23,,,,,,,,,6.22,
1972-08-24,,,,,,,,,6.23,
1972-08-25,,,,,,,,,6.26,
1972-08-28,,,,,,,,,6.3,
1972-08-29,,,,,,,,,6.34,
1972-08-30,,,,,,,,,6.42,
1972-08-31,,,,,,,,,6.42,
1972-09-01,42.1,5.5,,42.1288,4.87,1040.0,,2481.0,6.43,
1972-09-04,,,,,,,,,,
1972-09-05,,,,,,,,,6.46,
1972-09-06,,,,,,,,,6.49,
1972-09-07,,,,,,,,,6.52,
1972-09-08,,,,,,,,,6.56,
1972-09-11,,,,,,,,,6.54,
1972-09-12,,,,,,,,,6.54,
1972-09-13,,,,,,,,,6.54,
1972-09-14,,,,,,,,,6.57,
1972-09-15,,,,,,,,,6.56,
1972-09-18,,,,,,,,,6.55,
1972-09-19,,,,,,,,,6.55,
1972-09-20,,,,,,,,,6.56,
1972-09-21,,,,,,,,,6.59,
1972-09-22,,,,,,,,,6.62,
1972-09-25,,,,,,,,,6.62,
1972-09-26,,,,,,,,,6.6,
1972-09-27,,,,,,,,,6.59,
1972-09-28,,,,,,,,,6.56,
1972-09-29,,,,,,,,,6.54,
1972-10-01,42.2,5.6,1328.904,42.6703,5.05,1065.1,,2485.0,,
1972-10-02,,,,,,,,,6.54,
1972-10-03,,,,,,,,,6.54,
1972-10-04,,,,,,,,,6.53,
1972-10-05,,,,,,,,,6.53,
1972-10-06,,,,,,,,,6.52,
1972-10-09,,,,,,,,,,
1972-10-10,,,,,,,,,6.48,
1972-10-11,,,,,,,,,6.47,
1972-10-12,,,,,,,,,6.5,
1972-10-13,,,,,,,,,6.5,
1972-10-16,,,,,,,,,6.49,
1972-10-17,,,,,,,,,6.49,
1972-10-18,,,,,,,,,6.49,
1972-10-19,,,,,,,,,6.48,
1972-10-20,,,,,,,,,6.47,
1972-10-23,,,,,,,,,,
1972-10-24,,,,,,,,,6.45,
1972-10-25,,,,,,,,,6.44,
1972-10-26,,,,,,,,,6.42,
1972-10-27,,,,,,,,,6.42,
1972-10-30,,,,,,,,,6.42,
1972-10-31,,,,,,,,,6.41,
1972-11-01,42.4,5.3,,43.1755,5.06,1079.2,,2421.0,6.39,
1972-11-02,,,,,,,,,6.34,
1972-11-03,,,,,,,,,6.3,
1972-11-06,,,,,,,,,6.27,
1972-11-07,,,,,,,,,,
1972-11-08,,,,,,,,,6.3,
1972-11-09,,,,,,,,,6.3,
1972-11-10,,,,,,,,,6.3,
1972-11-13,,,,,,,,,6.27,
1972-11-14,,,,,,,,,6.26,
1972-11-15,,,,,,,,,6.23,
1972-11-16,,,,,,,,,6.24,
1972-11-17,,,,,,,,,6.24,
1972-11-20,,,,,,,,,6.23,
1972-11-21,,,,,,,,,6.26,
1972-11-22,,,,,,,,,6.27,
1972-11-23,,,,,,,,,,
1972-11-24,,,,,,,,,6.27,
1972-11-27,,,,,,,,,6.3,
1972-11-28,,,,,,,,,6.29,
1972-11-29,,,,,,,,,6.27,
1972-11-30,,,,,,,,,6.28,
1972-12-01,42.5,5.2,,43.6617,5.33,1086.6,,2366.0,6.29,
1972-12-04,,,,,,,,,6.3,
1972-12-05,,,,,,,,,6.31,
1972-12-06,,,,,,,,,6.31,
1972-12-07,,,,,,,,,6.31,
1972-12-08,,,,,,,,,6.32,
1972-12-11,,,,,,,,,6.34,
1972-12-12,,,,,,,,,6.35,
1972-12-13,,,,,,,,,6.35,
1972-12-14,,,,,,,,,6.35,
1972-12-15,,,,,,,,,6.35,
1972-12-18,,,,,,,,,6.38,
1972-12-19,,,,,,,,,6.4,
1972-12-20,,,,,,,,,6.4,
1972-12-21,,,,,,,,,6.4,
1972-12-22,,,,,,,,,6.4,
1972-12-25,,,,,,,,,,
1972-12-26,,,,,,,,,6.39,
1972-12-27,,,,,,,,,6.4,
1972-12-28,,,,,,,,,6.41,
1972-12-29,,,,,,,,,6.41,
1973-01-01,42.7,4.9,1377.49,43.9783,5.94,1085.6,,2481.0,,
1973-01-02,,,,,,,,,6.43,
1973-01-03,,,,,,,,,6.42,
1973-01-04,,,,,,,,,6.4,
1973-01-05,,,,,,,,,6.42,
1973-01-08,,,,,,,,,6.43,
1973-01-09,,,,,,,,,6.42,
1973-01-10,,,,,,,,,6.43,
1973-01-11,,,,,,,,,6.43,
1973-01-12,,,,,,,,,6.44,
1973-01-15,,,,,,,,,6.44,
1973-01-16,,,,,,,,,6.44,
1973-01-17,,,,,,,,,6.45,
1973-01-18,,,,,,,,,6.46,
1973-01-19,,,,,,,,,6.49,
1973-01-22,,,,,,,,,6.5,
1973-01-23,,,,,,,,,6.48,
1973-01-24,,,,,,,,,6.49,
1973-01-25,,,,,,,,,6.51,
1973-01-26,,,,,,,,,6.53,
1973-01-29,,,,,,,,,6.55,
1973-01-30,,,,,,,,,6.52,
1973-01-31,,,,,,,,,6.54,
1973-02-01,43.0,5.0,,44.6103,6.58,1095.3,,2289.0,6.6,
1973-02-02,,,,,,,,,6.64,
1973-02-05,,,,,,,,,6.64,
1973-02-06,,,,,,,,,6.64,
1973-02-07,,,,,,,,,6.64,
1973-02-08,,,,,,,,,6.66,
1973-02-09,,,,,,,,,6.63,
1973-02-12,,,,,,,,,,
1973-02-13,,,,,,,,,6.61,
1973-02-14,,,,,,,,,6.62,
1973-02-15,,,,,,,,,6.62,
1973-02-16,,,,,,,,,6.63,
1973-02-19,,,,,,,,,,
1973-02-20,,,,,,,,,6.66,
1973-02-21,,,,,,,,,6.66,
1973-02-22,,,,,,,,,6.65,
1973-02-23,,,,,,,,,6.61,
1973-02-26,,,,,,,,,6.65,
1973-02-27,,,,,,,,,6.64,
1973-02-28,,,,,,,,,6.64,
1973-03-01,43.4,4.9,,44.6294,7.09,1104.4,,2365.0,6.65,
1973-03-02,,,,,,,,,6.67,
1973-03-05,,,,,,,,,6.68,
1973-03-06,,,,,,,,,6.68,
1973-03-07,,,,,,,,,6.66,
1973-03-08,,,,,,,,,6.67,
1973-03-09,,,,,,,,,6.68,
1973-03-12,,,,,,,,,6.68,
1973-03-13,,,,,,,,,6.7,
1973-03-14,,,,,,,,,6.71,
1973-03-15,,,,,,,,,6.73,
1973-03-16,,,,,,,,,6.77,
1973-03-19,,,,,,,,,6.75,
1973-03-20,,,,,,,,,6.76,
1973-03-21,,,,,,,,,6.76,
1973-03-22,,,,,,,,,6.76,
1973-03-23,,,,,,,,,6.76,
1973-03-26,,,,,,,,,6.73,
1973-03-27,,,,,,,,,6.72,
1973-03-28,,,,,,,,,6.67,
1973-03-29,,,,,,,,,6.68,
1973-03-30,,,,,,,,,6.73,
1973-04-01,43.7,5.0,1413.887,44.568,7.12,1114.7,,2084.0,,
1973-04-02,,,,,,,,,6.74,
1973-04-03,,,,,,,,,6.73,
1973-04-04,,,,,,,,,6.7,
1973-04-05,,,,,,,,,6.68,
1973-04-06,,,,,,,,,6.64,
1973-04-09,,,,,,,,,6.62,
1973-04-10,,,,,,,,,6.64,
1973-04-11,,,,,,,,,6.65,
1973-04-12,,,,,,,,,6.66,
1973-04-13,,,,,,,,,6.63,
1973-04-16,,,,,,,,,6.62,
1973-04-17,,,,,,,,,6.64,
1973-04-18,,,,,,,,,6.64,
1973-04-19,,,,,,,,,6.66,
1973-04-20,,,,,,,,,,
1973-04-23,,,,,,,,,6.73,
1973-04-24,,,,,,,,,6.66,
1973-04-25,,,,,,,,,6.66,
1973-04-26,,,,,,,,,6.68,
1973-04-27,,,,,,,,,6.69,
1973-04-30,,,,,,,,,6.7,
1973-05-01,43.9,4.9,,44.8608,7.84,1125.1,,2266.0,6.72,
1973-05-02,,,,,,,,,6.76,
1973-05-03,,,,,,,,,6.77,
1973-05-04,,,,,,,,,6.79,
1973-05-07,,,,,,,,,6.81,
1973-05-08,,,,,,,,,6.8,
1973-05-09,,,,,,,,,6.8,
1973-05-10,,,,,,,,,6.81,
1973-05-11,,,,,,,,,6.82,
1973-05-14,,,,,,,,,6.83,
1973-05-15,,,,,,,,,6.86,
1973-05-16,,,,,,,,,6.84,
1973-05-17,,,,,,,,,6.85,
1973-05-18,,,,,,,,,6.86,
1973-05-21,,,,,,,,,6.89,
1973-05-22,,,,,,,,,6.9,
1973-05-23,,,,,,,,,6.92,
1973-05-24,,,,,,,,,6.91,
1973-05-25,,,,,,,,,6.91,
1973-05-28,,,,,,,,,,
1973-05-29,,,,,,,,,6.93,
1973-05-30,,,,,,,,,6.93,
1973-05-31,,,,,,,,,6.93,
1973-06-01,44.2,4.9,,44.9186,8.49,1134.7,,2067.0,6.96,
1973-06-04,,,,,,,,,6.98,
1973-06-05,,,,,,,,,6.95,
1973-06-06,,,,,,,,,6.89,
1973-06-07,,,,,,,,,6.89,
1973-06-08,,,,,,,,,6.87,
1973-06-11,,,,,,,,,6.87,
1973-06-12,,,,,,,,,6.86,
1973-06-13,,,,,,,,,6.85,
1973-06-14,,,,,,,,,6.85,
1973-06-15,,,,,,,,,6.86,
1973-06-18,,,,,,,,,6.87,
1973-06-19,,,,,,,,,6.87,
1973-06-20,,,,,,,,,6.89,
1973-06-21,,,,,,,,,6.89,
1973-06-22,,,,,,,,,6.91,
1973-06-25,,,,,,,,,6.93,
1973-06-26,,,,,,,,,6.93,
1973-06-27,,,,,,,,,6.92,
1973-06-28,,,,,,,,,6.92,
1973-06-29,,,,,,,,,6.94,
1973-07-01,44.2,4.8,1433.838,45.085,10.4,1142.2,,2123.0,,
1973-07-02,,,,,,,,,7.01,
1973-07-03,,,,,,,,,7.01,
1973-07-04,,,,,,,,,,
1973-07-05,,,,,,,,,7.01,
1973-07-06,,,,,,,,,7.03,
1973-07-09,,,,,,,,,7.05,
1973-07-10,,,,,,,,,7.05,
1973-07-11,,,,,,,,,7.05,
1973-07-12,,,,,,,,,7.04,
1973-07-13,,,,,,,,,7.05,
1973-07-16,,,,,,,,,7.06,
1973-07-17,,,,,,,,,7.06,
1973-07-18,,,,,,,,,7.07,
1973-07-19,,,,,,,,,7.11,
1973-07-20,,,,,,,,,7.17,
1973-07-23,,,,,,,,,7.17,
1973-07-24,,,,,,,,,7.19,
1973-07-25,,,,,,,,,7.19,
1973-07-26,,,,,,,,,7.28,
1973-07-27,,,,,,,,,7.35,
1973-07-30,,,,,,,,,7.37,
1973-07-31,,,,,,,,,7.43,
1973-08-01,45.0,4.8,,45.0221,10.5,1152.0,,2051.0,7.55,
1973-08-02,,,,,,,,,7.52,
1973-08-03,,,,,,,,,7.53,
1973-08-06,,,,,,,,,7.54,
1973-08-07,,,,,,,,,7.58,
1973-08-08,,,,,,,,,7.52,
1973-08-09,,,,,,,,,7.54,
1973-08-10,,,,,,,,,7.52,
1973-08-13,,,,,,,,,7.47,
1973-08-14,,,,,,,,,7.46,
1973-08-15,,,,,,,,,7.45,
1973-08-16,,,,,,,,,7.37,
1973-08-17,,,,,,,,,7.28,
1973-08-20,,,,,,,,,7.38,
1973-08-21,,,,,,,,,7.36,
1973-08-22,,,,,,,,,7.39,
1973-08-23,,,,,,,,,7.31,
1973-08-24,,,,,,,,,7.23,
1973-08-27,,,,,,,,,7.26,
1973-08-28,,,,,,,,,7.29,
1973-08-29,,,,,,,,,7.26,
1973-08-30,,,,,,,,,7.25,
1973-08-31,,,,,,,,,7.25,
1973-09-01,45.2,4.8,,45.3801,10.78,1163.4,,1874.0,,
1973-09-03,,,,,,,,,,
1973-09-04,,,,,,,,,7.21,
1973-09-05,,,,,,,,,7.11,
1973-09-06,,,,,,,,,7.1,
1973-09-07,,,,,,,,,7.11,
1973-09-10,,,,,,,,,7.16,
1973-09-11,,,,,,,,,7.19,
1973-09-12,,,,,,,,,7.2,
1973-09-13,,,,,,,,,7.21,
1973-09-14,,,,,,,,,7.21,
1973-09-17,,,,,,,,,7.16,
1973-09-18,,,,,,,,,7.08,
1973-09-19,,,,,,,,,7.1,
1973-09-20,,,,,,,,,7.09,
1973-09-21,,,,,,,,,7.02,
1973-09-24,,,,,,,,,7.0,
1973-09-25,,,,,,,,,6.96,
1973-09-26,,,,,,,,,6.97,
1973-09-27,,,,,,,,,6.94,
1973-09-28,,,,,,,,,6.9,
1973-10-01,45.6,4.6,1476.289,45.7462,10.01,1180.2,,1677.0,6.91,
1973-10-02,,,,,,,,,6.89,
1973-10-03,,,,,,,,,6.9,
1973-10-04,,,,,,,,,6.88,
1973-10-05,,,,,,,,,6.86,
1973-10-08,,,,,,,,,,
1973-10-09,,,,,,,,,6.78,
1973-10-10,,,,,,,,,6.77,
1973-10-11,,,,,,,,,6.78,
1973-10-12,,,,,,,,,6.75,
1973-10-15,,,,,,,,,6.77,
1973-10-16,,,,,,,,,6.81,
1973-10-17,,,,,,,,,6.82,
1973-10-18,,,,,,,,,6.81,
1973-10-19,,,,,,,,,6.8,
1973-10-22,,,,,,,,,,
1973-10-23,,,,,,,,,6.8,
1973-10-24,,,,,,,,,6.75,
1973-10-25,,,,,,,,,6.73,
1973-10-26,,,,,,,,,6.72,
1973-10-29,,,,,,,,,6.72,
1973-10-30,,,,,,,,,6.72,
1973-10-31,,,,,,,,,6.71,
1973-11-01,45.9,4.8,,45.9548,10.03,1192.6,,1724.0,6.71,
1973-11-02,,,,,,,,,6.72,
1973-11-05,,,,,,,,,6.74,
1973-11-06,,,,,,,,,,
1973-11-07,,,,,,,,,6.76,
1973-11-08,,,,,,,,,6.77,
1973-11-09,,,,,,,,,6.76,
1973-11-12,,,,,,,,,6.76,
1973-11-13,,,,,,,,,6.76,
1973-11-14,,,,,,,,,6.79,
1973-11-15,,,,,,,,,6.76,
1973-11-16,,,,,,,,,6.72,
1973-11-19,,,,,,,,,6.71,
1973-11-20,,,,,,,,,6.72,
1973-11-21,,,,,,,,,6.71,
1973-11-22,,,,,,,,,,
1973-11-23,,,,,,,,,6.7,
1973-11-26,,,,,,,,,6.69,
1973-11-27,,,,,,,,,6.7,
1973-11-28,,,,,,,,,6.7,
1973-11-29,,,,,,,,,6.7,
1973-11-30,,,,,,,,,6.69,
1973-12-01,46.3,4.9,,45.8252,9.95,1199.2,,1526.0,,
1973-12-03,,,,,,,,,6.69,
1973-12-04,,,,,,,,,6.69,
1973-12-05,,,,,,,,,6.72,
1973-12-06,,,,,,,,,6.75,
1973-12-07,,,,,,,,,6.74,
1973-12-10,,,,,,,,,6.71,
1973-12-11,,,,,,,,,6.69,
1973-12-12,,,,,,,,,6.69,
1973-12-13,,,,,,,,,6.68,
1973-12-14,,,,,,,,,6.68,
1973-12-17,,,,,,,,,6.67,
1973-12-18,,,,,,,,,6.68,
1973-12-19,,,,,,,,,6.71,
1973-12-20,,,,,,,,,6.73,
1973-12-21,,,,,,,,,6.78,
1973-12-24,,,,,,,,,,
1973-12-25,,,,,,,,,,
1973-12-26,,,,,,,,,6.83,
1973-12-27,,,,,,,,,6.88,
1973-12-28,,,,,,,,,6.91,
1973-12-31,,,,,,,,,6.9,
1974-01-01,46.8,5.1,1491.209,45.5207,9.65,1200.4,,1451.0,,
1974-01-02,,,,,,,,,6.94,
1974-01-03,,,,,,,,,6.96,
1974-01-04,,,,,,,,,6.94,
1974-01-07,,,,,,,,,6.96,
1974-01-08,,,,,,,,,6.96,
1974-01-09,,,,,,,,,6.96,
1974-01-10,,,,,,,,,7.0,
1974-01-11,,,,,,,,,7.01,
1974-01-14,,,,,,,,,7.01,
1974-01-15,,,,,,,,,6.99,
1974-01-16,,,,,,,,,6.99,
1974-01-17,,,,,,,,,6.97,
1974-01-18,,,,,,,,,6.98,
1974-01-21,,,,,,,,,6.99,
1974-01-22,,,,,,,,,7.0,
1974-01-23,,,,,,,,,7.01,
1974-01-24,,,,,,,,,7.02,
1974-01-25,,,,,,,,,7.02,
1974-01-28,,,,,,,,,7.01,
1974-01-29,,,,,,,,,7.02,
1974-01-30,,,,,,,,,7.01,
1974-01-31,,,,,,,,,7.0,
1974-02-01,47.3,5.2,,45.3825,8.97,1207.1,,1752.0,7.0,
1974-02-04,,,,,,,,,6.98,
1974-02-05,,,,,,,,,6.95,
1974-02-06,,,,,,,,,6.93,
1974-02-07,,,,,,,,,6.93,
1974-02-08,,,,,,,,,6.93,
1974-02-11,,,,,,,,,6.93,
1974-02-12,,,,,,,,,,
1974-02-13,,,,,,,,,6.93,
1974-02-14,,,,,,,,,6.93,
1974-02-15,,,,,,,,,6.93,
1974-02-18,,,,,,,,,,
1974-02-19,,,,,,,,,6.93,
1974-02-20,,,,,,,,,6.96,
1974-02-21,,,,,,,,,6.98,
1974-02-22,,,,,,,,,6.97,
1974-02-25,,,,,,,,,6.96,
1974-02-26,,,,,,,,,6.98,
1974-02-27,,,,,,,,,7.0,
1974-02-28,,,,,,,,,7.01,
1974-03-01,47.8,5.1,,45.3798,9.35,1213.1,,1555.0,7.08,
1974-03-04,,,,,,,,,7.09,
1974-03-05,,,,,,,,,7.1,
1974-03-06,,,,,,,,,7.09,
1974-03-07,,,,,,,,,7.06,
1974-03-08,,,,,,,,,7.06,
1974-03-11,,,,,,,,,7.08,
1974-03-12,,,,,,,,,7.09,
1974-03-13,,,,,,,,,7.13,
1974-03-14,,,,,,,,,7.13,
1974-03-15,,,,,,,,,7.18,
1974-03-18,,,,,,,,,7.23,
1974-03-19,,,,,,,,,7.24,
1974-03-20,,,,,,,,,7.27,
1974-03-21,,,,,,,,,7.3,
1974-03-22,,,,,,,,,7.35,
1974-03-25,,,,,,,,,7.39,
1974-03-26,,,,,,,,,7.38,
1974-03-27,,,,,,,,,7.35,
1974-03-28,,,,,,,,,7.38,
1974-03-29,,,,,,,,,7.41,
1974-04-01,48.1,5.1,1530.056,45.247,10.51,1220.9,,1607.0,7.42,
1974-04-02,,,,,,,,,7.43,
1974-04-03,,,,,,,,,7.43,
1974-04-04,,,,,,,,,7.51,
1974-04-05,,,,,,,,,7.54,
1974-04-08,,,,,,,,,7.5,
1974-04-09,,,,,,,,,7.49,
1974-04-10,,,,,,,,,7.46,
1974-04-11,,,,,,,,,7.45,
1974-04-12,,,,,,,,,,
1974-04-15,,,,,,,,,7.42,
1974-04-16,,,,,,,,,7.43,
1974-04-17,,,,,,,,,7.45,
1974-04-18,,,,,,,,,7.5,
1974-04-19,,,,,,,,,7.51,
1974-04-22,,,,,,,,,7.52,
1974-04-23,,,,,,,,,7.54,
1974-04-24,,,,,,,,,7.58,
1974-04-25,,,,,,,,,7.63,
1974-04-26,,,,,,,,,7.64,
1974-04-29,,,,,,,,,7.65,
1974-04-30,,,,,,,,,7.66,
1974-05-01,48.6,5.1,,45.6083,11.31,1234.1,,1426.0,7.62,
1974-05-02,,,,,,,,,7.58,
1974-05-03,,,,,,,,,7.65,
1974-05-06,,,,,,,,,7.65,
1974-05-07,,,,,,,,,7.65,
1974-05-08,,,,,,,,,7.65,
1974-05-09,,,,,,,,,7.7,
1974-05-10,,,,,,,,,7.63,
1974-05-13,,,,,,,,,7.54,
1974-05-14,,,,,,,,,7.57,
1974-05-15,,,,,,,,,7.55,
1974-05-16,,,,,,,,,7.54,
1974-05-17,,,,,,,,,7.57,
1974-05-20,,,,,,,,,7.58,
1974-05-21,,,,,,,,,7.57,
1974-05-22,,,,,,,,,7.56,
1974-05-23,,,,,,,,,7.52,
1974-05-24,,,,,,,,,7.49,
1974-05-27,,,,,,,,,,
1974-05-28,,,,,,,,,7.5,
1974-05-29,,,,,,,,,7.52,
1974-05-30,,,,,,,,,7.51,
1974-05-31,,,,,,,,,7.52,
1974-06-01,49.0,5.4,,45.5216,11.93,1243.7,,1513.0,,
1974-06-03,,,,,,,,,7.53,
1974-06-04,,,,,,,,,7.52,
1974-06-05,,,,,,,,,7.52,
1974-06-06,,,,,,,,,7.5,
1974-06-07,,,,,,,,,7.46,
1974-06-10,,,,,,,,,7.47,
1974-06-11,,,,,,,,,7.48,
1974-06-12,,,,,,,,,7.5,
1974-06-13,,,,,,,,,7.5,
1974-06-14,,,,,,,,,7.5,
1974-06-17,,,,,,,,,7.49,
1974-06-18,,,,,,,,,7.52,
1974-06-19,,,,,,,,,7.52,
1974-06-20,,,,,,,,,7.55,
1974-06-21,,,,,,,,,7.55,
1974-06-24,,,,,,,,,7.58,
1974-06-25,,,,,,,,,7.62,
1974-06-26,,,,,,,,,7.62,
1974-06-27,,,,,,,,,7.64,
1974-06-28,,,,,,,,,7.64,
1974-07-01,49.3,5.5,1560.026,45.6136,12.92,1257.8,,1316.0,7.65,
1974-07-02,,,,,,,,,7.65,
1974-07-03,,,,,,,,,7.7,
1974-07-04,,,,,,,,,,
1974-07-05,,,,,,,,,7.71,
1974-07-08,,,,,,,,,7.77,
1974-07-09,,,,,,,,,7.81,
1974-07-10,,,,,,,,,7.82,
1974-07-11,,,,,,,,,7.84,
1974-07-12,,,,,,,,,7.85,
1974-07-15,,,,,,,,,7.86,
1974-07-16,,,,,,,,,7.88,
1974-07-17,,,,,,,,,7.91,
1974-07-18,,,,,,,,,7.9,
1974-07-19,,,,,,,,,7.87,
1974-07-22,,,,,,,,,7.77,
1974-07-23,,,,,,,,,7.79,
1974-07-24,,,,,,,,,7.76,
1974-07-25,,,,,,,,,7.75,
1974-07-26,,,,,,,,,7.79,
1974-07-29,,,,,,,,,7.85,
1974-07-30,,,,,,,,,7.89,
1974-07-31,,,,,,,,,7.89,
1974-08-01,49.9,5.5,,45.1303,12.01,1268.8,,1142.0,7.92,
1974-08-02,,,,,,,,,7.96,
1974-08-05,,,,,,,,,7.99,
1974-08-06,,,,,,,,,7.97,
1974-08-07,,,,,,,,,7.97,
1974-08-08,,,,,,,,,7.97,
1974-08-09,,,,,,,,,8.03,
1974-08-12,,,,,,,,,8.05,
1974-08-13,,,,,,,,,8.06,
1974-08-14,,,,,,,,,8.05,
1974-08-15,,,,,,,,,8.02,
1974-08-16,,,,,,,,,8.0,
1974-08-19,,,,,,,,,7.98,
1974-08-20,,,,,,,,,7.99,
1974-08-21,,,,,,,,,8.05,
1974-08-22,,,,,,,,,8.09,
1974-08-23,,,,,,,,,8.15,
1974-08-26,,,,,,,,,8.16,
1974-08-27,,,,,,,,,8.15,
1974-08-28,,,,,,,,,8.15,
1974-08-29,,,,,,,,,8.15,
1974-08-30,,,,,,,,,8.11,
1974-09-01,50.6,5.9,,45.1377,11.34,1280.7,,1150.0,,
1974-09-02,,,,,,,,,,
1974-09-03,,,,,,,,,8.11,
1974-09-04,,,,,,,,,8.12,
1974-09-05,,,,,,,,,8.1,
1974-09-06,,,,,,,,,8.09,
1974-09-09,,,,,,,,,8.02,
1974-09-10,,,,,,,,,8.04,
1974-09-11,,,,,,,,,8.05,
1974-09-12,,,,,,,,,8.13,
1974-09-13,,,,,,,,,8.13,
1974-09-16,,,,,,,,,8.1,
1974-09-17,,,,,,,,,8.09,
1974-09-18,,,,,,,,,8.08,
1974-09-19,,,,,,,,,8.04,
1974-09-20,,,,,,,,,8.02,
1974-09-23,,,,,,,,,7.91,
1974-09-24,,,,,,,,,7.94,
1974-09-25,,,,,,,,,7.94,
1974-09-26,,,,,,,,,7.96,
1974-09-27,,,,,,,,,7.94,
1974-09-30,,,,,,,,,7.94,
1974-10-01,51.0,6.0,1599.679,44.995,10.06,1294.0,,1070.0,7.97,
1974-10-02,,,,,,,,,7.98,
1974-10-03,,,,,,,,,8.04,
1974-10-04,,,,,,,,,8.02,
1974-10-07,,,,,,,,,8.01,
1974-10-08,,,,,,,,,7.95,
1974-10-09,,,,,,,,,7.95,
1974-10-10,,,,,,,,,7.93,
1974-10-11,,,,,,,,,7.88,
1974-10-14,,,,,,,,,,
1974-10-15,,,,,,,,,7.87,
1974-10-16,,,,,,,,,7.87,
1974-10-17,,,,,,,,,7.88,
1974-10-18,,,,,,,,,7.86,
1974-10-21,,,,,,,,,7.81,
1974-10-22,,,,,,,,,7.81,
1974-10-23,,,,,,,,,7.85,
1974-10-24,,,,,,,,,7.87,
1974-10-25,,,,,,,,,7.86,
1974-10-28,,,,,,,,,7.88,
1974-10-29,,,,,,,,,7.84,
1974-10-30,,,,,,,,,7.81,
1974-10-31,,,,,,,,,7.79,
1974-11-01,51.5,6.6,,43.5148,9.45,1296.0,,1026.0,7.8,
1974-11-04,,,,,,,,,7.8,
1974-11-05,,,,,,,,,,
1974-11-06,,,,,,,,,7.76,
1974-11-07,,,,,,,,,7.74,
1974-11-08,,,,,,,,,7.72,
1974-11-11,,,,,,,,,,
1974-11-12,,,,,,,,,7.78,
1974-11-13,,,,,,,,,7.75,
1974-11-14,,,,,,,,,7.72,
1974-11-15,,,,,,,,,7.61,
1974-11-18,,,,,,,,,7.63,
1974-11-19,,,,,,,,,7.63,
1974-11-20,,,,,,,,,7.59,
1974-11-21,,,,,,,,,7.6,
1974-11-22,,,,,,,,,7.6,
1974-11-25,,,,,,,,,7.62,
1974-11-26,,,,,,,,,7.63,
1974-11-27,,,,,,,,,7.64,
1974-11-28,,,,,,,,,,
1974-11-29,,,,,,,,,7.64,
1974-12-01,51.9,7.2,,41.9503,8.53,1305.4,,975.0,,
1974-12-02,,,,,,,,,7.71,
1974-12-03,,,,,,,,,7.74,
1974-12-04,,,,,,,,,7.68,
1974-12-05,,,,,,,,,7.64,
1974-12-06,,,,,,,,,7.59,
1974-12-09,,,,,,,,,7.4,
1974-12-10,,,,,,,,,7.42,
1974-12-11,,,,,,,,,7.38,
1974-12-12,,,,,,,,,7.39,
1974-12-13,,,,,,,,,7.38,
1974-12-16,,,,,,,,,7.34,
1974-12-17,,,,,,,,,7.28,
1974-12-18,,,,,,,,,7.25,
1974-12-19,,,,,,,,,7.25,
1974-12-20,,,,,,,,,7.27,
1974-12-23,,,,,,,,,7.41,
1974-12-24,,,,,,,,,7.43,
1974-12-25,,,,,,,,,,
1974-12-26,,,,,,,,,7.37,
1974-12-27,,,,,,,,,7.39,
1974-12-30,,,,,,,,,7.39,
1974-12-31,,,,,,,,,7.4,
1975-01-01,52.3,8.1,1616.116,41.3689,7.13,1312.3,,1032.0,,
1975-01-02,,,,,,,,,7.42,
1975-01-03,,,,,,,,,7.43,
1975-01-06,,,,,,,,,7.39,
1975-01-07,,,,,,,,,7.38,
1975-01-08,,,,,,,,,7.39,
1975-01-09,,,,,,,,,7.35,
1975-01-10,,,,,,,,,7.37,
1975-01-13,,,,,,,,,7.46,
1975-01-14,,,,,,,,,7.49,
1975-01-15,,,,,,,,,7.54,
1975-01-16,,,,,,,,,7.54,
1975-01-17,,,,,,,,,7.53,
1975-01-20,,,,,,,,,7.59,
1975-01-21,,,,,,,,,7.55,
1975-01-22,,,,,,,,,7.51,
1975-01-23,,,,,,,,,7.57,
1975-01-24,,,,,,,,,7.64,
1975-01-27,,,,,,,,,7.61,
1975-01-28,,,,,,,,,7.61,
1975-01-29,,,,,,,,,7.59,
1975-01-30,,,,,,,,,7.54,
1975-01-31,,,,,,,,,7.53,
1975-02-01,52.6,8.1,,40.4252,6.24,1318.8,,904.0,,
1975-02-03,,,,,,,,,7.49,
1975-02-04,,,,,,,,,7.47,
1975-02-05,,,,,,,,,7.35,
1975-02-06,,,,,,,,,7.43,
1975-02-07,,,,,,,,,7.38,
1975-02-10,,,,,,,,,7.45,
1975-02-11,,,,,,,,,7.42,
1975-02-12,,,,,,,,,,
1975-02-13,,,,,,,,,7.44,
1975-02-14,,,,,,,,,7.35,
1975-02-17,,,,,,,,,,
1975-02-18,,,,,,,,,7.28,
1975-02-19,,,,,,,,,7.26,
1975-02-20,,,,,,,,,7.3,
1975-02-21,,,,,,,,,7.22,
1975-02-24,,,,,,,,,7.36,
1975-02-25,,,,,,,,,7.43,
1975-02-26,,,,,,,,,7.5,
1975-02-27,,,,,,,,,7.47,
1975-02-28,,,,,,,,,7.46,
1975-03-01,52.8,8.6,,39.9804,5.54,1324.2,,993.0,,
1975-03-03,,,,,,,,,7.5,
1975-03-04,,,,,,,,,7.53,
1975-03-05,,,,,,,,,7.48,
1975-03-06,,,,,,,,,7.49,
1975-03-07,,,,,,,,,7.52,
1975-03-10,,,,,,,,,7.56,
1975-03-11,,,,,,,,,7.58,
1975-03-12,,,,,,,,,7.58,
1975-03-13,,,,,,,,,7.56,
1975-03-14,,,,,,,,,7.58,
1975-03-17,,,,,,,,,7.7,
1975-03-18,,,,,,,,,7.7,
1975-03-19,,,,,,,,,7.8,
1975-03-20,,,,,,,,,7.95,
1975-03-21,,,,,,,,,7.84,
1975-03-24,,,,,,,,,8.05,
1975-03-25,,,,,,,,,8.03,
1975-03-26,,,,,,,,,8.02,
1975-03-27,,,,,,,,,8.08,
1975-03-28,,,,,,,,,,
1975-03-31,,,,,,,,,8.01,
1975-04-01,53.0,8.8,1651.853,40.0572,5.49,1330.3,,1005.0,8.08,
1975-04-02,,,,,,,,,8.22,
1975-04-03,,,,,,,,,8.13,
1975-04-04,,,,,,,,,8.15,
1975-04-07,,,,,,,,,8.26,
1975-04-08,,,,,,,,,8.21,
1975-04-09,,,,,,,,,8.17,
1975-04-10,,,,,,,,,8.19,
1975-04-11,,,,,,,,,8.22,
1975-04-14,,,,,,,,,8.16,
1975-04-15,,,,,,,,,8.16,
1975-04-16,,,,,,,,,8.15,
1975-04-17,,,,,,,,,8.21,
1975-04-18,,,,,,,,,8.27,
1975-04-21,,,,,,,,,8.32,
1975-04-22,,,,,,,,,8.32,
1975-04-23,,,,,,,,,8.27,
1975-04-24,,,,,,,,,8.25,
1975-04-25,,,,,,,,,8.25,
1975-04-28,,,,,,,,,8.35,
1975-04-29,,,,,,,,,8.34,
1975-04-30,,,,,,,,,8.31,
1975-05-01,53.1,9.0,,39.9402,5.22,1343.8,,1121.0,8.31,
1975-05-02,,,,,,,,,8.11,
1975-05-05,,,,,,,,,8.08,
1975-05-06,,,,,,,,,8.11,
1975-05-07,,,,,,,,,8.07,
1975-05-08,,,,,,,,,8.09,
1975-05-09,,,,,,,,,8.08,
1975-05-12,,,,,,,,,8.07,
1975-05-13,,,,,,,,,8.06,
1975-05-14,,,,,,,,,8.02,
1975-05-15,,,,,,,,,8.02,
1975-05-16,,,,,,,,,8.01,
1975-05-19,,,,,,,,,8.0,
1975-05-20,,,,,,,,,7.98,
1975-05-21,,,,,,,,,7.98,
1975-05-22,,,,,,,,,8.02,
1975-05-23,,,,,,,,,8.02,
1975-05-26,,,,,,,,,,
1975-05-27,,,,,,,,,7.98,
1975-05-28,,,,,,,,,8.02,
1975-05-29,,,,,,,,,8.18,
1975-05-30,,,,,,,,,8.04,
1975-06-01,53.5,8.8,,40.1927,5.55,1375.8,,1087.0,,
1975-06-02,,,,,,,,,8.02,
1975-06-03,,,,,,,,,8.0,
1975-06-04,,,,,,,,,7.99,
1975-06-05,,,,,,,,,7.97,
1975-06-06,,,,,,,,,7.88,
1975-06-09,,,,,,,,,7.78,
1975-06-10,,,,,,,,,7.77,
1975-06-11,,,,,,,,,7.65,
1975-06-12,,,,,,,,,7.67,
1975-06-13,,,,,,,,,7.69,
1975-06-16,,,,,,,,,7.66,
1975-06-17,,,,,,,,,7.72,
1975-06-18,,,,,,,,,7.83,
1975-06-19,,,,,,,,,7.8,
1975-06-20,,,,,,,,,7.94,
1975-06-23,,,,,,,,,7.9,
1975-06-24,,,,,,,,,7.9,
1975-06-25,,,,,,,,,8.02,
1975-06-26,,,,,,,,,7.98,
1975-06-27,,,,,,,,,7.95,
1975-06-30,,,,,,,,,7.96,
1975-07-01,54.0,8.6,1709.82,40.6115,6.1,1372.3,,1226.0,7.97,
1975-07-02,,,,,,,,,8.05,
1975-07-03,,,,,,,,,8.05,
1975-07-04,,,,,,,,,,
1975-07-07,,,,,,,,,8.06,
1975-07-08,,,,,,,,,8.01,
1975-07-09,,,,,,,,,8.02,
1975-07-10,,,,,,,,,8.02,
1975-07-11,,,,,,,,,7.99,
1975-07-14,,,,,,,,,7.99,
1975-07-15,,,,,,,,,7.98,
1975-07-16,,,,,,,,,8.03,
1975-07-17,,,,,,,,,8.04,
1975-07-18,,,,,,,,,8.06,
1975-07-21,,,,,,,,,8.07,
1975-07-22,,,,,,,,,8.1,
1975-07-23,,,,,,,,,8.09,
1975-07-24,,,,,,,,,8.09,
1975-07-25,,,,,,,,,8.12,
1975-07-28,,,,,,,,,8.12,
1975-07-29,,,,,,,,,8.13,
1975-07-30,,,,,,,,,8.16,
1975-07-31,,,,,,,,,8.2,
1975-08-01,54.2,8.4,,41.0114,6.14,1388.5,,1260.0,8.26,
1975-08-04,,,,,,,,,8.37,
1975-08-05,,,,,,,,,8.37,
1975-08-06,,,,,,,,,8.4,
1975-08-07,,,,,,,,,8.48,
1975-08-08,,,,,,,,,8.4,
1975-08-11,,,,,,,,,8.38,
1975-08-12,,,,,,,,,8.4,
1975-08-13,,,,,,,,,8.39,
1975-08-14,,,,,,,,,8.45,
1975-08-15,,,,,,,,,8.48,
1975-08-18,,,,,,,,,8.46,
1975-08-19,,,,,,,,,8.42,
1975-08-20,,,,,,,,,8.42,
1975-08-21,,,,,,,,,8.48,
1975-08-22,,,,,,,,,8.46,
1975-08-25,,,,,,,,,8.46,
1975-08-26,,,,,,,,,8.4,
1975-08-27,,,,,,,,,8.37,
1975-08-28,,,,,,,,,8.28,
1975-08-29,,,,,,,,,8.22,
1975-09-01,54.6,8.4,,41.5422,6.24,1398.7,,1264.0,,
1975-09-02,,,,,,,,,8.26,
1975-09-03,,,,,,,,,8.29,
1975-09-04,,,,,,,,,8.29,
1975-09-05,,,,,,,,,8.35,
1975-09-08,,,,,,,,,8.36,
1975-09-09,,,,,,,,,8.4,
1975-09-10,,,,,,,,,8.46,
1975-09-11,,,,,,,,,8.55,
1975-09-12,,,,,,,,,8.57,
1975-09-15,,,,,,,,,8.58,
1975-09-16,,,,,,,,,8.59,
1975-09-17,,,,,,,,,8.53,
1975-09-18,,,,,,,,,8.5,
1975-09-19,,,,,,,,,8.42,
1975-09-22,,,,,,,,,8.38,
1975-09-23,,,,,,,,,8.35,
1975-09-24,,,,,,,,,8.31,
1975-09-25,,,,,,,,,8.38,
1975-09-26,,,,,,,,,8.45,
1975-09-29,,,,,,,,,8.46,
1975-09-30,,,,,,,,,8.48,
1975-10-01,54.9,8.4,1761.831,41.7224,5.82,1413.4,,1344.0,8.47,
1975-10-02,,,,,,,,,8.44,
1975-10-03,,,,,,,,,8.33,
1975-10-06,,,,,,,,,8.3,
1975-10-07,,,,,,,,,8.33,
1975-10-08,,,,,,,,,8.3,
1975-10-09,,,,,,,,,8.23,
1975-10-10,,,,,,,,,8.15,
1975-10-13,,,,,,,,,,
1975-10-14,,,,,,,,,8.19,
1975-10-15,,,,,,,,,8.19,
1975-10-16,,,,,,,,,8.07,
1975-10-17,,,,,,,,,8.07,
1975-10-20,,,,,,,,,8.07,
1975-10-21,,,,,,,,,8.05,
1975-10-22,,,,,,,,,8.05,
1975-10-23,,,,,,,,,7.99,
1975-10-24,,,,,,,,,8.0,
1975-10-27,,,,,,,,,8.0,
1975-10-28,,,,,,,,,7.99,
1975-10-29,,,,,,,,,7.98,
1975-10-30,,,,,,,,,7.92,
1975-10-31,,,,,,,,,7.91,
1975-11-01,55.3,8.3,,41.7797,5.22,1422.4,,1360.0,,
1975-11-03,,,,,,,,,7.97,
1975-11-04,,,,,,,,,,
1975-11-05,,,,,,,,,7.91,
1975-11-06,,,,,,,,,7.94,
1975-11-07,,,,,,,,,7.91,
1975-11-10,,,,,,,,,7.9,
1975-11-11,,,,,,,,,,
1975-11-12,,,,,,,,,7.95,
1975-11-13,,,,,,,,,7.97,
1975-11-14,,,,,,,,,8.06,
1975-11-17,,,,,,,,,8.08,
1975-11-18,,,,,,,,,8.13,
1975-11-19,,,,,,,,,8.14,
1975-11-20,,,,,,,,,8.12,
1975-11-21,,,,,,,,,8.21,
1975-11-24,,,,,,,,,8.16,
1975-11-25,,,,,,,,,8.16,
1975-11-26,,,,,,,,,8.15,
1975-11-27,,,,,,,,,,
1975-11-28,,,,,,,,,8.14,
1975-12-01,55.6,8.2,,42.3462,5.2,1432.3,,1321.0,8.12,
1975-12-02,,,,,,,,,8.1,
1975-12-03,,,,,,,,,8.1,
1975-12-04,,,,,,,,,8.15,
1975-12-05,,,,,,,,,8.13,
1975-12-08,,,,,,,,,8.19,
1975-12-09,,,,,,,,,8.23,
1975-12-10,,,,,,,,,8.23,
1975-12-11,,,,,,,,,8.16,
1975-12-12,,,,,,,,,8.12,
1975-12-15,,,,,,,,,8.06,
1975-12-16,,,,,,,,,8.0,
1975-12-17,,,,,,,,,7.95,
1975-12-18,,,,,,,,,7.96,
1975-12-19,,,,,,,,,7.88,
1975-12-22,,,,,,,,,7.87,
1975-12-23,,,,,,,,,7.87,
1975-12-24,,,,,,,,,7.82,
1975-12-25,,,,,,,,,,
1975-12-26,,,,,,,,,7.75,
1975-12-29,,,,,,,,,7.75,
1975-12-30,,,,,,,,,7.73,
1975-12-31,,,,,,,,,7.76,
1976-01-01,55.8,7.9,1820.487,42.9082,4.87,1447.2,,1367.0,,
1976-01-02,,,,,,,,,7.77,
1976-01-05,,,,,,,,,7.74,
1976-01-06,,,,,,,,,7.64,
1976-01-07,,,,,,,,,7.69,
1976-01-08,,,,,,,,,7.74,
1976-01-09,,,,,,,,,7.64,
1976-01-12,,,,,,,,,7.63,
1976-01-13,,,,,,,,,7.64,
1976-01-14,,,,,,,,,7.71,
1976-01-15,,,,,,,,,7.73,
1976-01-16,,,,,,,,,7.79,
1976-01-19,,,,,,,,,7.76,
1976-01-20,,,,,,,,,7.71,
1976-01-21,,,,,,,,,7.78,
1976-01-22,,,,,,,,,7.8,
1976-01-23,,,,,,,,,7.78,
1976-01-26,,,,,,,,,7.79,
1976-01-27,,,,,,,,,7.8,
1976-01-28,,,,,,,,,7.83,
1976-01-29,,,,,,,,,7.82,
1976-01-30,,,,,,,,,7.8,
1976-02-01,55.9,7.7,,43.3407,4.77,1457.5,,1538.0,,
1976-02-02,,,,,,,,,7.8,
1976-02-03,,,,,,,,,7.82,
1976-02-04,,,,,,,,,7.85,
1976-02-05,,,,,,,,,7.83,
1976-02-06,,,,,,,,,7.88,
1976-02-09,,,,,,,,,7.86,
1976-02-10,,,,,,,,,7.88,
1976-02-11,,,,,,,,,7.85,
1976-02-12,,,,,,,,,,
1976-02-13,,,,,,,,,7.82,
1976-02-16,,,,,,,,,,
1976-02-17,,,,,,,,,7.78,
1976-02-18,,,,,,,,,7.79,
1976-02-19,,,,,,,,,7.8,
1976-02-20,,,,,,,,,7.77,
1976-02-23,,,,,,,,,7.72,
1976-02-24,,,,,,,,,7.69,
1976-02-25,,,,,,,,,7.68,
1976-02-26,,,,,,,,,7.68,
1976-02-27,,,,,,,,,7.77,
1976-03-01,56.0,7.6,,43.4281,4.84,1463.6,,1421.0,7.86,
1976-03-02,,,,,,,,,7.82,
1976-03-03,,,,,,,,,7.82,
1976-03-04,,,,,,,,,7.85,
1976-03-05,,,,,,,,,7.8,
1976-03-08,,,,,,,,,7.76,
1976-03-09,,,,,,,,,7.78,
1976-03-10,,,,,,,,,7.76,
1976-03-11,,,,,,,,,7.77,
1976-03-12,,,,,,,,,7.71,
1976-03-15,,,,,,,,,7.74,
1976-03-16,,,,,,,,,7.76,
1976-03-17,,,,,,,,,7.76,
1976-03-18,,,,,,,,,7.73,
1976-03-19,,,,,,,,,7.74,
1976-03-22,,,,,,,,,7.68,
1976-03-23,,,,,,,,,7.67,
1976-03-24,,,,,,,,,7.65,
1976-03-25,,,,,,,,,7.64,
1976-03-26,,,,,,,,,7.64,
1976-03-29,,,,,,,,,7.64,
1976-03-30,,,,,,,,,7.65,
1976-03-31,,,,,,,,,7.66,
1976-04-01,56.1,7.7,1852.332,43.6518,4.82,1472.5,,1395.0,7.68,
1976-04-02,,,,,,,,,7.67,
1976-04-05,,,,,,,,,7.62,
1976-04-06,,,,,,,,,7.59,
1976-04-07,,,,,,,,,7.56,
1976-04-08,,,,,,,,,7.55,
1976-04-09,,,,,,,,,7.52,
1976-04-12,,,,,,,,,7.52,
1976-04-13,,,,,,,,,7.5,
1976-04-14,,,,,,,,,7.47,
1976-04-15,,,,,,,,,7.47,
1976-04-16,,,,,,,,,,
1976-04-19,,,,,,,,,7.51,
1976-04-20,,,,,,,,,7.5,
1976-04-21,,,,,,,,,7.47,
1976-04-22,,,,,,,,,7.52,
1976-04-23,,,,,,,,,7.59,
1976-04-26,,,,,,,,,7.61,
1976-04-27,,,,,,,,,7.62,
1976-04-28,,,,,,,,,7.6,
1976-04-29,,,,,,,,,7.61,
1976-04-30,,,,,,,,,7.67,
1976-05-01,56.4,7.4,,43.8315,5.29,1481.2,,1459.0,,
1976-05-03,,,,,,,,,7.69,
1976-05-04,,,,,,,,,7.66,
1976-05-05,,,,,,,,,7.68,
1976-05-06,,,,,,,,,7.78,
1976-05-07,,,,,,,,,7.87,
1976-05-10,,,,,,,,,7.92,
1976-05-11,,,,,,,,,7.92,
1976-05-12,,,,,,,,,7.94,
1976-05-13,,,,,,,,,7.92,
1976-05-14,,,,,,,,,7.93,
1976-05-17,,,,,,,,,7.94,
1976-05-18,,,,,,,,,7.94,
1976-05-19,,,,,,,,,7.94,
1976-05-20,,,,,,,,,7.95,
1976-05-21,,,,,,,,,8.0,
1976-05-24,,,,,,,,,7.98,
1976-05-25,,,,,,,,,7.94,
1976-05-26,,,,,,,,,7.95,
1976-05-27,,,,,,,,,7.99,
1976-05-28,,,,,,,,,7.96,
1976-05-31,,,,,,,,,,
1976-06-01,56.7,7.6,,43.8775,5.48,1489.9,,1495.0,7.94,7.26
1976-06-02,,,,,,,,,7.94,7.23
1976-06-03,,,,,,,,,7.92,7.22
1976-06-04,,,,,,,,,7.89,7.12
1976-06-07,,,,,,,,,7.88,7.09
1976-06-08,,,,,,,,,7.9,7.11
1976-06-09,,,,,,,,,7.9,7.08
1976-06-10,,,,,,,,,7.86,7.0
1976-06-11,,,,,,,,,7.86,7.03
1976-06-14,,,,,,,,,7.84,7.01
1976-06-15,,,,,,,,,7.85,7.02
1976-06-16,,,,,,,,,7.87,7.06
1976-06-17,,,,,,,,,7.85,7.06
1976-06-18,,,,,,,,,7.81,6.99
1976-06-21,,,,,,,,,7.8,6.95
1976-06-22,,,,,,,,,7.81,7.01
1976-06-23,,,,,,,,,7.81,7.01
1976-06-24,,,,,,,,,7.81,6.99
1976-06-25,,,,,,,,,7.83,7.02
1976-06-28,,,,,,,,,7.86,7.02
1976-06-29,,,,,,,,,7.86,7.02
1976-06-30,,,,,,,,,7.86,7.02
1976-07-01,57.0,7.8,1886.558,44.1248,5.31,1506.7,,1401.0,7.88,7.02
1976-07-02,,,,,,,,,7.84,6.99
1976-07-05,,,,,,,,,,
1976-07-06,,,,,,,,,7.82,6.96
1976-07-07,,,,,,,,,7.84,6.99
1976-07-08,,,,,,,,,7.82,6.92
1976-07-09,,,,,,,,,7.78,6.77
1976-07-12,,,,,,,,,7.76,6.72
1976-07-13,,,,,,,,,7.77,6.74
1976-07-14,,,,,,,,,7.79,6.76
1976-07-15,,,,,,,,,7.77,6.72
1976-07-16,,,,,,,,,7.83,6.85
1976-07-19,,,,,,,,,7.86,6.89
1976-07-20,,,,,,,,,7.87,6.91
1976-07-21,,,,,,,,,7.86,6.9
1976-07-22,,,,,,,,,7.86,6.91
1976-07-23,,,,,,,,,7.84,6.9
1976-07-26,,,,,,,,,7.87,6.86
1976-07-27,,,,,,,,,7.85,6.76
1976-07-28,,,,,,,,,7.85,6.79
1976-07-29,,,,,,,,,7.85,6.75
1976-07-30,,,,,,,,,7.86,6.74
1976-08-01,57.3,7.8,,44.4262,5.29,1519.3,,1550.0,,
1976-08-02,,,,,,,,,7.85,6.75
1976-08-03,,,,,,,,,7.82,6.72
1976-08-04,,,,,,,,,7.81,6.73
1976-08-05,,,,,,,,,7.82,6.74
1976-08-06,,,,,,,,,7.84,6.71
1976-08-09,,,,,,,,,7.84,6.68
1976-08-10,,,,,,,,,7.84,6.68
1976-08-11,,,,,,,,,7.82,6.66
1976-08-12,,,,,,,,,7.81,6.64
1976-08-13,,,,,,,,,7.78,6.6
1976-08-16,,,,,,,,,7.74,6.57
1976-08-17,,,,,,,,,7.75,6.57
1976-08-18,,,,,,,,,7.76,6.59
1976-08-19,,,,,,,,,7.76,6.61
1976-08-20,,,,,,,,,7.76,6.68
1976-08-23,,,,,,,,,7.73,6.62
1976-08-24,,,,,,,,,7.72,6.6
1976-08-25,,,,,,,,,7.69,6.53
1976-08-26,,,,,,,,,7.68,6.54
1976-08-27,,,,,,,,,7.72,6.6
1976-08-30,,,,,,,,,7.71,6.57
1976-08-31,,,,,,,,,7.66,6.5
1976-09-01,57.6,7.6,,44.5711,5.25,1529.2,,1720.0,7.64,6.5
1976-09-02,,,,,,,,,7.67,6.54
1976-09-03,,,,,,,,,7.65,6.52
1976-09-06,,,,,,,,,,
1976-09-07,,,,,,,,,7.64,6.46
1976-09-08,,,,,,,,,7.64,6.44
1976-09-09,,,,,,,,,7.66,6.49
1976-09-10,,,,,,,,,7.64,6.46
1976-09-13,,,,,,,,,7.64,6.47
1976-09-14,,,,,,,,,7.64,6.49
1976-09-15,,,,,,,,,7.62,6.45
1976-09-16,,,,,,,,,7.6,6.41
1976-09-17,,,,,,,,,7.49,6.26
1976-09-20,,,,,,,,,7.52,6.34
1976-09-21,,,,,,,,,7.51,6.3
1976-09-22,,,,,,,,,7.53,6.36
1976-09-23,,,,,,,,,7.54,6.35
1976-09-24,,,,,,,,,7.58,6.44
1976-09-27,,,,,,,,,7.6,6.41
1976-09-28,,,,,,,,,7.56,6.36
1976-09-29,,,,,,,,,7.56,6.36
1976-09-30,,,,,,,,,7.55,6.33
1976-10-01,57.9,7.7,1934.273,44.56,5.02,1536.7,,1629.0,7.49,6.24
1976-10-04,,,,,,,,,7.46,6.19
1976-10-05,,,,,,,,,7.47,6.19
1976-10-06,,,,,,,,,7.44,6.11
1976-10-07,,,,,,,,,7.43,6.09
1976-10-08,,,,,,,,,7.38,5.87
1976-10-11,,,,,,,,,,
1976-10-12,,,,,,,,,7.35,5.8
1976-10-13,,,,,,,,,7.35,5.82
1976-10-14,,,,,,,,,7.34,5.81
1976-10-15,,,,,,,,,7.31,5.75
1976-10-18,,,,,,,,,7.31,5.77
1976-10-19,,,,,,,,,7.35,5.85
1976-10-20,,,,,,,,,7.38,5.95
1976-10-21,,,,,,,,,7.39,5.98
1976-10-22,,,,,,,,,7.48,6.07
1976-10-25,,,,,,,,,7.53,6.11
1976-10-26,,,,,,,,,7.48,6.05
1976-10-27,,,,,,,,,7.45,6.01
1976-10-28,,,,,,,,,7.41,5.99
1976-10-29,,,,,,,,,7.42,6.03
1976-11-01,58.1,7.8,,45.2454,4.95,1557.2,,1641.0,7.38,6.03
1976-11-02,,,,,,,,,,
1976-11-03,,,,,,,,,7.44,6.07
1976-11-04,,,,,,,,,7.38,5.95
1976-11-05,,,,,,,,,7.41,6.01
1976-11-08,,,,,,,,,7.46,6.04
1976-11-09,,,,,,,,,7.46,6.07
1976-11-10,,,,,,,,,7.45,6.03
1976-11-11,,,,,,,,,,
1976-11-12,,,,,,,,,7.43,6.01
1976-11-15,,,,,,,,,7.41,6.0
1976-11-16,,,,,,,,,7.33,5.86
1976-11-17,,,,,,,,,7.32,5.82
1976-11-18,,,,,,,,,7.33,5.83
1976-11-19,,,,,,,,,7.24,5.67
1976-11-22,,,,,,,,,7.17,5.56
1976-11-23,,,,,,,,,7.16,5.59
1976-11-24,,,,,,,,,7.14,5.56
1976-11-25,,,,,,,,,,
1976-11-26,,,,,,,,,6.99,5.41
1976-11-29,,,,,,,,,7.02,5.46
1976-11-30,,,,,,,,,7.01,5.42
1976-12-01,58.4,7.8,,45.731,4.65,1570.7,,1804.0,6.97,5.4
1976-12-02,,,,,,,,,6.92,5.34
1976-12-03,,,,,,,,,6.86,5.31
1976-12-06,,,,,,,,,6.87,5.37
1976-12-07,,,,,,,,,6.88,5.41
1976-12-08,,,,,,,,,6.91,5.43
1976-12-09,,,,,,,,,6.92,5.44
1976-12-10,,,,,,,,,6.82,5.31
1976-12-13,,,,,,,,,6.9,5.43
1976-12-14,,,,,,,,,6.89,5.39
1976-12-15,,,,,,,,,6.88,5.38
1976-12-16,,,,,,,,,6.88,5.4
1976-12-17,,,,,,,,,6.88,5.4
1976-12-20,,,,,,,,,6.84,5.34
1976-12-21,,,,,,,,,6.85,5.37
1976-12-22,,,,,,,,,6.86,5.34
1976-12-23,,,,,,,,,6.84,5.36
1976-12-24,,,,,,,,,,
1976-12-27,,,,,,,,,6.84,5.37
1976-12-28,,,,,,,,,6.86,5.39
1976-12-29,,,,,,,,,6.84,5.39
1976-12-30,,,,,,,,,6.8,5.38
1976-12-31,,,,,,,,,6.81,5.34
1977-01-01,58.7,7.5,1988.648,45.4156,4.61,1572.2,,1527.0,,
1977-01-03,,,,,,,,,6.84,5.42
1977-01-04,,,,,,,,,6.9,5.5
1977-01-05,,,,,,,,,6.88,5.48
1977-01-06,,,,,,,,,6.93,5.57
1977-01-07,,,,,,,,,7.07,5.68
1977-01-10,,,,,,,,,7.2,5.79
1977-01-11,,,,,,,,,7.28,5.87
1977-01-12,,,,,,,,,7.26,5.84
1977-01-13,,,,,,,,,7.18,5.79
1977-01-14,,,,,,,,,7.28,5.96
1977-01-17,,,,,,,,,7.28,5.98
1977-01-18,,,,,,,,,7.34,6.04
1977-01-19,,,,,,,,,7.28,6.02
1977-01-20,,,,,,,,,7.26,6.01
1977-01-21,,,,,,,,,7.28,6.02
1977-01-24,,,,,,,,,7.34,6.09
1977-01-25,,,,,,,,,7.32,6.08
1977-01-26,,,,,,,,,7.33,6.09
1977-01-27,,,,,,,,,7.43,6.26
1977-01-28,,,,,,,,,7.4,6.22
1977-01-31,,,,,,,,,7.4,6.18
1977-02-01,59.3,7.6,,46.1358,4.68,1589.6,,1943.0,7.41,6.2
1977-02-02,,,,,,,,,7.47,6.28
1977-02-03,,,,,,,,,7.46,6.2
1977-02-04,,,,,,,,,7.28,6.03
1977-02-07,,,,,,,,,7.34,6.04
1977-02-08,,,,,,,,,7.35,6.06
1977-02-09,,,,,,,,,7.34,6.01
1977-02-10,,,,,,,,,7.34,6.04
1977-02-11,,,,,,,,,7.36,6.02
1977-02-14,,,,,,,,,7.38,6.06
1977-02-15,,,,,,,,,7.36,6.04
1977-02-16,,,,,,,,,7.34,6.02
1977-02-17,,,,,,,,,7.26,5.99
1977-02-18,,,,,,,,,7.41,6.06
1977-02-21,,,,,,,,,,
1977-02-22,,,,,,,,,7.42,6.09
1977-02-23,,,,,,,,,7.48,6.12
1977-02-24,,,,,,,,,7.5,6.2
1977-02-25,,,,,,,,,7.48,6.14
1977-02-28,,,,,,,,,7.45,6.08
1977-03-01,59.6,7.4,,46.7158,4.69,1604.7,,2063.0,7.49,6.16
1977-03-02,,,,,,,,,7.45,6.12
1977-03-03,,,,,,,,,7.43,6.08
1977-03-04,,,,,,,,,7.48,6.1
1977-03-07,,,,,,,,,7.5,6.12
1977-03-08,,,,,,,,,7.52,6.14
1977-03-09,,,,,,,,,7.5,6.12
1977-03-10,,,,,,,,,7.49,6.11
1977-03-11,,,,,,,,,7.44,6.09
1977-03-14,,,,,,,,,7.45,6.06
1977-03-15,,,,,,,,,7.44,6.06
1977-03-16,,,,,,,,,7.44,6.08
1977-03-17,,,,,,,,,7.47,6.14
1977-03-18,,,,,,,,,7.44,6.08
1977-03-21,,,,,,,,,7.43,6.03
1977-03-22,,,,,,,,,7.43,6.04
1977-03-23,,,,,,,,,7.44,6.04
1977-03-24,,,,,,,,,7.46,6.07
1977-03-25,,,,,,,,,7.48,6.1
1977-03-28,,,,,,,,,7.47,6.11
1977-03-29,,,,,,,,,7.47,6.08
1977-03-30,,,,,,,,,7.44,6.05
1977-03-31,,,,,,,,,7.42,6.01
1977-04-01,60.0,7.2,2055.909,47.1719,4.73,1620.9,,1892.0,7.43,6.02
1977-04-04,,,,,,,,,7.44,6.03
1977-04-05,,,,,,,,,7.47,6.01
1977-04-06,,,,,,,,,7.46,6.04
1977-04-07,,,,,,,,,7.43,6.02
1977-04-08,,,,,,,,,,
1977-04-11,,,,,,,,,7.39,5.96
1977-04-12,,,,,,,,,7.39,5.98
1977-04-13,,,,,,,,,7.36,5.96
1977-04-14,,,,,,,,,7.22,5.73
1977-04-15,,,,,,,,,7.25,5.78
1977-04-18,,,,,,,,,7.25,5.8
1977-04-19,,,,,,,,,7.3,5.87
1977-04-20,,,,,,,,,7.32,5.95
1977-04-21,,,,,,,,,7.33,5.94
1977-04-22,,,,,,,,,7.36,5.99
1977-04-25,,,,,,,,,7.4,6.01
1977-04-26,,,,,,,,,7.38,6.0
1977-04-27,,,,,,,,,7.38,6.01
1977-04-28,,,,,,,,,7.4,6.03
1977-04-29,,,,,,,,,7.45,6.14
1977-05-01,60.2,7.0,,47.541,5.35,1633.2,,1971.0,,
1977-05-02,,,,,,,,,7.45,6.15
1977-05-03,,,,,,,,,7.44,6.15
1977-05-04,,,,,,,,,7.45,6.11
1977-05-05,,,,,,,,,7.47,6.16
1977-05-06,,,,,,,,,7.5,6.24
1977-05-09,,,,,,,,,7.5,6.25
1977-05-10,,,,,,,,,7.52,6.27
1977-05-11,,,,,,,,,7.52,6.34
1977-05-12,,,,,,,,,7.5,6.32
1977-05-13,,,,,,,,,7.48,6.28
1977-05-16,,,,,,,,,7.46,6.26
1977-05-17,,,,,,,,,7.45,6.25
1977-05-18,,,,,,,,,7.43,6.24
1977-05-19,,,,,,,,,7.49,6.37
1977-05-20,,,,,,,,,7.49,6.43
1977-05-23,,,,,,,,,7.46,6.38
1977-05-24,,,,,,,,,7.41,6.3
1977-05-25,,,,,,,,,7.39,6.23
1977-05-26,,,,,,,,,7.42,6.24
1977-05-27,,,,,,,,,7.38,6.2
1977-05-30,,,,,,,,,,
1977-05-31,,,,,,,,,7.38,6.18
1977-06-01,60.5,7.2,,47.9063,5.39,1644.9,,1893.0,7.38,6.24
1977-06-02,,,,,,,,,7.39,6.2
1977-06-03,,,,,,,,,7.36,6.19
1977-06-06,,,,,,,,,7.37,6.18
1977-06-07,,,,,,,,,7.36,6.17
1977-06-08,,,,,,,,,7.36,6.15
1977-06-09,,,,,,,,,7.35,6.16
1977-06-10,,,,,,,,,7.3,6.15
1977-06-13,,,,,,,,,7.27,6.13
1977-06-14,,,,,,,,,7.22,6.08
1977-06-15,,,,,,,,,7.23,6.11
1977-06-16,,,,,,,,,7.24,6.12
1977-06-17,,,,,,,,,7.24,6.1
1977-06-20,,,,,,,,,7.27,6.11
1977-06-21,,,,,,,,,7.26,6.12
1977-06-22,,,,,,,,,7.25,6.12
1977-06-23,,,,,,,,,7.26,6.12
1977-06-24,,,,,,,,,7.2,6.1
1977-06-27,,,,,,,,,7.2,6.06
1977-06-28,,,,,,,,,7.16,6.06
1977-06-29,,,,,,,,,7.19,6.05
1977-06-30,,,,,,,,,7.2,6.08
1977-07-01,60.8,6.9,2118.473,47.9714,5.42,1662.6,,2058.0,7.34,6.12
1977-07-04,,,,,,,,,,
1977-07-05,,,,,,,,,7.35,6.12
1977-07-06,,,,,,,,,7.37,6.14
1977-07-07,,,,,,,,,7.29,6.15
1977-07-08,,,,,,,,,7.31,6.19
1977-07-11,,,,,,,,,7.33,6.22
1977-07-12,,,,,,,,,7.32,6.22
1977-07-13,,,,,,,,,7.28,6.19
1977-07-14,,,,,,,,,,
1977-07-15,,,,,,,,,7.31,6.26
1977-07-18,,,,,,,,,7.34,6.3
1977-07-19,,,,,,,,,7.33,6.31
1977-07-20,,,,,,,,,7.32,6.35
1977-07-21,,,,,,,,,7.32,6.38
1977-07-22,,,,,,,,,7.31,6.35
1977-07-25,,,,,,,,,7.28,6.29
1977-07-26,,,,,,,,,7.28,6.28
1977-07-27,,,,,,,,,7.36,6.37
1977-07-28,,,,,,,,,7.41,6.48
1977-07-29,,,,,,,,,7.42,6.5
1977-08-01,61.1,7.0,,48.0157,5.9,1676.9,,2020.0,7.43,6.49
1977-08-02,,,,,,,,,7.44,6.54
1977-08-03,,,,,,,,,7.42,6.53
1977-08-04,,,,,,,,,7.43,6.52
1977-08-05,,,,,,,,,7.42,6.53
1977-08-08,,,,,,,,,7.41,6.52
1977-08-09,,,,,,,,,7.45,6.58
1977-08-10,,,,,,,,,7.46,6.59
1977-08-11,,,,,,,,,7.47,6.64
1977-08-12,,,,,,,,,7.48,6.68
1977-08-15,,,,,,,,,7.48,6.71
1977-08-16,,,,,,,,,7.48,6.74
1977-08-17,,,,,,,,,7.44,6.72
1977-08-18,,,,,,,,,7.42,6.68
1977-08-19,,,,,,,,,7.4,6.67
1977-08-22,,,,,,,,,7.39,6.66
1977-08-23,,,,,,,,,7.36,6.64
1977-08-24,,,,,,,,,7.35,6.67
1977-08-25,,,,,,,,,7.32,6.62
1977-08-26,,,,,,,,,7.27,6.62
1977-08-29,,,,,,,,,7.25,6.56
1977-08-30,,,,,,,,,7.27,6.56
1977-08-31,,,,,,,,,7.28,6.59
1977-09-01,61.3,6.8,,48.2097,6.14,1693.7,,1949.0,7.3,6.57
1977-09-02,,,,,,,,,7.24,6.53
1977-09-05,,,,,,,,,,
1977-09-06,,,,,,,,,7.24,6.52
1977-09-07,,,,,,,,,7.26,6.54
1977-09-08,,,,,,,,,7.28,6.54
1977-09-09,,,,,,,,,7.36,6.76
1977-09-12,,,,,,,,,7.38,6.78
1977-09-13,,,,,,,,,7.37,6.75
1977-09-14,,,,,,,,,7.34,6.74
1977-09-15,,,,,,,,,7.33,6.7
1977-09-16,,,,,,,,,7.32,6.68
1977-09-19,,,,,,,,,7.32,6.66
1977-09-20,,,,,,,,,7.36,6.7
1977-09-21,,,,,,,,,7.36,6.71
1977-09-22,,,,,,,,,7.39,6.85
1977-09-23,,,,,,,,,7.39,6.86
1977-09-26,,,,,,,,,7.42,6.89
1977-09-27,,,,,,,,,7.38,6.8
1977-09-28,,,,,,,,,7.38,6.81
1977-09-29,,,,,,,,,7.39,6.79
1977-09-30,,,,,,,,,7.41,6.82
1977-10-01,61.6,6.8,2164.27,48.2839,6.47,1716.3,,2042.0,,
1977-10-03,,,,,,,,,7.41,6.84
1977-10-04,,,,,,,,,7.4,6.84
1977-10-05,,,,,,,,,7.4,6.86
1977-10-06,,,,,,,,,7.44,6.89
1977-10-07,,,,,,,,,7.48,6.96
1977-10-10,,,,,,,,,,
1977-10-11,,,,,,,,,7.54,7.06
1977-10-12,,,,,,,,,7.54,7.14
1977-10-13,,,,,,,,,7.54,7.19
1977-10-14,,,,,,,,,7.54,7.17
1977-10-17,,,,,,,,,7.55,7.22
1977-10-18,,,,,,,,,7.55,7.23
1977-10-19,,,,,,,,,7.54,7.22
1977-10-20,,,,,,,,,7.54,7.2
1977-10-21,,,,,,,,,7.55,7.22
1977-10-24,,,,,,,,,7.56,7.2
1977-10-25,,,,,,,,,7.58,7.2
1977-10-26,,,,,,,,,7.57,7.17
1977-10-27,,,,,,,,,7.56,7.14
1977-10-28,,,,,,,,,7.56,7.14
1977-10-31,,,,,,,,,7.62,7.23
1977-11-01,62.0,6.8,,48.3755,6.51,1739.8,,2042.0,7.63,7.23
1977-11-02,,,,,,,,,7.69,7.24
1977-11-03,,,,,,,,,7.68,7.22
1977-11-04,,,,,,,,,7.64,7.2
1977-11-07,,,,,,,,,7.62,7.17
1977-11-08,,,,,,,,,,
1977-11-09,,,,,,,,,7.6,7.16
1977-11-10,,,,,,,,,7.59,7.15
1977-11-11,,,,,,,,,,
1977-11-14,,,,,,,,,7.56,7.1
1977-11-15,,,,,,,,,7.56,7.11
1977-11-16,,,,,,,,,7.55,7.12
1977-11-17,,,,,,,,,7.54,7.1
1977-11-18,,,,,,,,,7.54,7.11
1977-11-21,,,,,,,,,7.56,7.12
1977-11-22,,,,,,,,,7.54,7.14
1977-11-23,,,,,,,,,7.52,7.11
1977-11-24,,,,,,,,,,
1977-11-25,,,,,,,,,7.52,7.1
1977-11-28,,,,,,,,,7.53,7.11
1977-11-29,,,,,,,,,7.55,7.11
1977-11-30,,,,,,,,,7.55,7.11
1977-12-01,62.3,6.4,,48.4573,6.56,1756.0,,2142.0,7.58,7.13
1977-12-02,,,,,,,,,7.59,7.15
1977-12-05,,,,,,,,,7.6,7.15
1977-12-06,,,,,,,,,7.63,7.15
1977-12-07,,,,,,,,,7.63,7.16
1977-12-08,,,,,,,,,7.64,7.16
1977-12-09,,,,,,,,,7.63,7.15
1977-12-12,,,,,,,,,7.64,7.16
1977-12-13,,,,,,,,,7.65,7.16
1977-12-14,,,,,,,,,7.66,7.16
1977-12-15,,,,,,,,,7.67,7.14
1977-12-16,,,,,,,,,7.67,7.13
1977-12-19,,,,,,,,,7.69,7.13
1977-12-20,,,,,,,,,7.74,7.14
1977-12-21,,,,,,,,,7.72,7.16
1977-12-22,,,,,,,,,7.75,7.26
1977-12-23,,,,,,,,,7.75,7.24
1977-12-26,,,,,,,,,,
1977-12-27,,,,,,,,,7.77,7.25
1977-12-28,,,,,,,,,7.78,7.25
1977-12-29,,,,,,,,,7.82,7.26
1977-12-30,,,,,,,,,7.78,7.22
1978-01-01,62.7,6.4,2202.76,47.7512,6.7,1760.1,,1718.0,,
1978-01-02,,,,,,,,,,
1978-01-03,,,,,,,,,7.83,7.24
1978-01-04,,,,,,,,,7.82,7.24
1978-01-05,,,,,,,,,7.83,7.26
1978-01-06,,,,,,,,,7.85,7.28
1978-01-09,,,,,,,,,8.01,7.58
1978-01-10,,,,,,,,,8.02,7.58
1978-01-11,,,,,,,,,8.03,7.6
1978-01-12,,,,,,,,,8.02,7.6
1978-01-13,,,,,,,,,7.98,7.57
1978-01-16,,,,,,,,,7.98,7.55
1978-01-17,,,,,,,,,7.98,7.54
1978-01-18,,,,,,,,,7.98,7.54
1978-01-19,,,,,,,,,7.97,7.55
1978-01-20,,,,,,,,,7.97,7.55
1978-01-23,,,,,,,,,7.97,7.53
1978-01-24,,,,,,,,,7.99,7.53
1978-01-25,,,,,,,,,8.0,7.53
1978-01-26,,,,,,,,,7.98,7.51
1978-01-27,,,,,,,,,7.97,7.48
1978-01-30,,,,,,,,,7.96,7.47
1978-01-31,,,,,,,,,7.94,7.47
1978-02-01,63.0,6.3,,48.0098,6.78,1776.2,,1738.0,7.96,7.47
1978-02-02,,,,,,,,,7.96,7.48
1978-02-03,,,,,,,,,7.97,7.48
1978-02-06,,,,,,,,,7.99,7.5
1978-02-07,,,,,,,,,7.99,7.52
1978-02-08,,,,,,,,,8.0,7.52
1978-02-09,,,,,,,,,8.01,7.52
1978-02-10,,,,,,,,,8.02,7.53
1978-02-13,,,,,,,,,,
1978-02-14,,,,,,,,,8.05,7.57
1978-02-15,,,,,,,,,8.08,7.59
1978-02-16,,,,,,,,,8.1,7.64
1978-02-17,,,,,,,,,8.09,7.63
1978-02-20,,,,,,,,,,
1978-02-21,,,,,,,,,8.1,7.65
1978-02-22,,,,,,,,,8.1,7.65
1978-02-23,,,,,,,,,8.08,7.65
1978-02-24,,,,,,,,,8.04,7.61
1978-02-27,,,,,,,,,8.02,7.59
1978-02-28,,,,,,,,,8.04,7.57
1978-03-01,63.4,6.3,,48.9358,6.79,1797.9,,2032.0,8.05,7.59
1978-03-02,,,,,,,,,8.04,7.59
1978-03-03,,,,,,,,,8.04,7.59
1978-03-06,,,,,,,,,8.05,7.58
1978-03-07,,,,,,,,,8.03,7.56
1978-03-08,,,,,,,,,8.03,7.54
1978-03-09,,,,,,,,,8.02,7.56
1978-03-10,,,,,,,,,8.0,7.54
1978-03-13,,,,,,,,,7.99,7.54
1978-03-14,,,,,,,,,7.99,7.54
1978-03-15,,,,,,,,,8.0,7.54
1978-03-16,,,,,,,,,8.0,7.54
1978-03-17,,,,,,,,,8.0,7.55
1978-03-20,,,,,,,,,7.97,7.53
1978-03-21,,,,,,,,,7.97,7.53
1978-03-22,,,,,,,,,7.98,7.54
1978-03-23,,,,,,,,,8.01,7.56
1978-03-24,,,,,,,,,,
1978-03-27,,,,,,,,,8.12,7.61
1978-03-28,,,,,,,,,8.12,7.64
1978-03-29,,,,,,,,,8.11,7.64
1978-03-30,,,,,,,,,8.12,7.64
1978-03-31,,,,,,,,,8.15,7.7
1978-04-01,63.9,6.1,2331.633,49.9074,6.89,1821.9,,2197.0,,
1978-04-03,,,,,,,,,8.13,7.69
1978-04-04,,,,,,,,,8.12,7.69
1978-04-05,,,,,,,,,8.14,7.72
1978-04-06,,,,,,,,,8.16,7.73
1978-04-07,,,,,,,,,8.14,7.72
1978-04-10,,,,,,,,,8.15,7.72
1978-04-11,,,,,,,,,8.16,7.71
1978-04-12,,,,,,,,,8.16,7.69
1978-04-13,,,,,,,,,8.15,7.67
1978-04-14,,,,,,,,,8.12,7.61
1978-04-17,,,,,,,,,8.08,7.6
1978-04-18,,,,,,,,,8.08,7.62
1978-04-19,,,,,,,,,8.13,7.77
1978-04-20,,,,,,,,,8.14,7.79
1978-04-21,,,,,,,,,8.16,7.81
1978-04-24,,,,,,,,,8.18,7.82
1978-04-25,,,,,,,,,8.18,7.8
1978-04-26,,,,,,,,,8.22,7.85
1978-04-27,,,,,,,,,8.24,7.89
1978-04-28,,,,,,,,,8.24,7.97
1978-05-01,64.5,6.0,,50.1513,7.36,1837.0,,2075.0,8.24,7.91
1978-05-02,,,,,,,,,8.25,7.91
1978-05-03,,,,,,,,,8.28,7.91
1978-05-04,,,,,,,,,8.27,7.9
1978-05-05,,,,,,,,,8.34,7.96
1978-05-08,,,,,,,,,8.35,7.98
1978-05-09,,,,,,,,,8.34,7.98
1978-05-10,,,,,,,,,8.34,7.98
1978-05-11,,,,,,,,,8.34,8.0
1978-05-12,,,,,,,,,8.36,8.0
1978-05-15,,,,,,,,,8.35,7.98
1978-05-16,,,,,,,,,8.34,7.97
1978-05-17,,,,,,,,,8.33,7.98
1978-05-18,,,,,,,,,8.37,8.04
1978-05-19,,,,,,,,,8.38,8.07
1978-05-22,,,,,,,,,8.38,8.07
1978-05-23,,,,,,,,,8.37,8.07
1978-05-24,,,,,,,,,8.39,8.1
1978-05-25,,,,,,,,,8.4,8.1
1978-05-26,,,,,,,,,8.42,8.1
1978-05-29,,,,,,,,,,
1978-05-30,,,,,,,,,,
1978-05-31,,,,,,,,,8.42,8.12
1978-06-01,65.0,5.9,,50.4751,7.6,1855.8,,2070.0,8.41,8.12
1978-06-02,,,,,,,,,8.39,8.09
1978-06-05,,,,,,,,,8.38,8.07
1978-06-06,,,,,,,,,8.37,8.07
1978-06-07,,,,,,,,,8.37,8.07
1978-06-08,,,,,,,,,8.38,8.07
1978-06-09,,,,,,,,,8.41,8.09
1978-06-12,,,,,,,,,8.4,8.11
1978-06-13,,,,,,,,,8.41,8.11
1978-06-14,,,,,,,,,8.41,8.12
1978-06-15,,,,,,,,,8.41,8.12
1978-06-16,,,,,,,,,8.43,8.19
1978-06-19,,,,,,,,,8.45,8.25
1978-06-20,,,,,,,,,8.47,8.27
1978-06-21,,,,,,,,,8.5,8.41
1978-06-22,,,,,,,,,8.5,8.41
1978-06-23,,,,,,,,,8.55,8.44
1978-06-26,,,,,,,,,8.59,8.48
1978-06-27,,,,,,,,,8.58,8.44
1978-06-28,,,,,,,,,8.57,8.44
1978-06-29,,,,,,,,,8.57,8.42
1978-06-30,,,,,,,,,8.62,8.48
1978-07-01,65.5,6.2,2395.053,50.4371,7.81,1876.2,,2092.0,,
1978-07-03,,,,,,,,,8.59,8.44
1978-07-04,,,,,,,,,,
1978-07-05,,,,,,,,,8.62,8.44
1978-07-06,,,,,,,,,8.62,8.44
1978-07-07,,,,,,,,,8.66,8.48
1978-07-10,,,,,,,,,8.68,8.5
1978-07-11,,,,,,,,,8.68,8.48
1978-07-12,,,,,,,,,8.67,8.48
1978-07-13,,,,,,,,,8.68,8.5
1978-07-14,,,,,,,,,8.68,8.51
1978-07-17,,,,,,,,,8.65,8.48
1978-07-18,,,,,,,,,8.63,8.46
1978-07-19,,,,,,,,,8.62,8.46
1978-07-20,,,,,,,,,8.66,8.5
1978-07-21,,,,,,,,,8.67,8.59
1978-07-24,,,,,,,,,8.67,8.57
1978-07-25,,,,,,,,,8.67,8.55
1978-07-26,,,,,,,,,8.66,8.52
1978-07-27,,,,,,,,,8.58,8.47
1978-07-28,,,,,,,,,8.55,8.45
1978-07-31,,,,,,,,,8.56,8.47
1978-08-01,65.9,5.9,,50.6393,8.04,1894.2,,1996.0,8.54,8.45
1978-08-02,,,,,,,,,8.44,8.4
1978-08-03,,,,,,,,,8.39,8.26
1978-08-04,,,,,,,,,8.38,8.26
1978-08-07,,,,,,,,,8.36,8.18
1978-08-08,,,,,,,,,8.35,8.19
1978-08-09,,,,,,,,,8.34,8.17
1978-08-10,,,,,,,,,8.45,8.24
1978-08-11,,,,,,,,,8.44,8.25
1978-08-14,,,,,,,,,8.45,8.29
1978-08-15,,,,,,,,,8.46,8.29
1978-08-16,,,,,,,,,8.55,8.5
1978-08-17,,,,,,,,,8.48,8.48
1978-08-18,,,,,,,,,8.46,8.5
1978-08-21,,,,,,,,,8.41,8.47
1978-08-22,,,,,,,,,8.41,8.47
1978-08-23,,,,,,,,,8.32,8.42
1978-08-24,,,,,,,,,8.35,8.41
1978-08-25,,,,,,,,,8.34,8.41
1978-08-28,,,,,,,,,8.35,8.41
1978-08-29,,,,,,,,,8.37,8.44
1978-08-30,,,,,,,,,8.42,8.48
1978-08-31,,,,,,,,,8.39,8.46
1978-09-01,66.5,6.0,,50.7631,8.45,1907.5,,1970.0,8.38,8.5
1978-09-04,,,,,,,,,,
1978-09-05,,,,,,,,,8.34,8.46
1978-09-06,,,,,,,,,8.35,8.44
1978-09-07,,,,,,,,,8.34,8.44
1978-09-08,,,,,,,,,8.34,8.46
1978-09-11,,,,,,,,,8.31,8.43
1978-09-12,,,,,,,,,8.29,8.45
1978-09-13,,,,,,,,,8.3,8.45
1978-09-14,,,,,,,,,8.32,8.45
1978-09-15,,,,,,,,,8.35,8.49
1978-09-18,,,,,,,,,8.37,8.52
1978-09-19,,,,,,,,,8.38,8.54
1978-09-20,,,,,,,,,8.46,8.6
1978-09-21,,,,,,,,,8.51,8.69
1978-09-22,,,,,,,,,8.56,8.73
1978-09-25,,,,,,,,,8.56,8.75
1978-09-26,,,,,,,,,8.53,8.75
1978-09-27,,,,,,,,,8.54,8.74
1978-09-28,,,,,,,,,8.54,8.72
1978-09-29,,,,,,,,,8.56,8.7
1978-10-01,67.1,5.8,2476.949,51.1523,8.96,1929.7,,1981.0,,
1978-10-02,,,,,,,,,8.58,8.71
1978-10-03,,,,,,,,,8.57,8.69
1978-10-04,,,,,,,,,8.59,8.69
1978-10-05,,,,,,,,,8.6,8.69
1978-10-06,,,,,,,,,8.58,8.69
1978-10-09,,,,,,,,,,
1978-10-10,,,,,,,,,8.58,8.7
1978-10-11,,,,,,,,,8.56,8.7
1978-10-12,,,,,,,,,8.51,8.69
1978-10-13,,,,,,,,,8.52,8.69
1978-10-16,,,,,,,,,8.59,8.73
1978-10-17,,,,,,,,,8.6,8.77
1978-10-18,,,,,,,,,8.62,8.83
1978-10-19,,,,,,,,,8.64,8.84
1978-10-20,,,,,,,,,8.66,8.85
1978-10-23,,,,,,,,,8.66,8.84
1978-10-24,,,,,,,,,8.64,8.85
1978-10-25,,,,,,,,,8.65,8.96
1978-10-26,,,,,,,,,8.72,9.05
1978-10-27,,,,,,,,,8.78,9.12
1978-10-30,,,,,,,,,8.88,9.35
1978-10-31,,,,,,,,,8.96,9.49
1978-11-01,67.5,5.9,,51.5456,9.76,1944.0,,2094.0,8.66,9.44
1978-11-02,,,,,,,,,8.73,9.42
1978-11-03,,,,,,,,,8.86,9.49
1978-11-06,,,,,,,,,8.85,9.45
1978-11-07,,,,,,,,,,
1978-11-08,,,,,,,,,8.86,9.49
1978-11-09,,,,,,,,,8.87,9.5
1978-11-10,,,,,,,,,8.86,9.46
1978-11-13,,,,,,,,,8.83,9.4
1978-11-14,,,,,,,,,8.82,9.41
1978-11-15,,,,,,,,,8.76,9.34
1978-11-16,,,,,,,,,8.72,9.21
1978-11-17,,,,,,,,,8.72,9.19
1978-11-20,,,,,,,,,8.72,9.19
1978-11-21,,,,,,,,,8.77,9.23
1978-11-22,,,,,,,,,8.77,9.37
1978-11-23,,,,,,,,,,
1978-11-24,,,,,,,,,8.86,9.6
1978-11-27,,,,,,,,,8.86,9.6
1978-11-28,,,,,,,,,8.86,9.6
1978-11-29,,,,,,,,,8.86,9.55
1978-11-30,,,,,,,,,8.86,9.55
1978-12-01,67.9,6.0,,51.806,10.03,1964.2,,2044.0,8.8,9.5
1978-12-04,,,,,,,,,8.82,9.51
1978-12-05,,,,,,,,,8.85,9.5
1978-12-06,,,,,,,,,8.85,9.5
1978-12-07,,,,,,,,,8.89,9.5
1978-12-08,,,,,,,,,8.9,9.51
1978-12-11,,,,,,,,,8.9,9.52
1978-12-12,,,,,,,,,8.92,9.52
1978-12-13,,,,,,,,,8.98,9.54
1978-12-14,,,,,,,,,8.96,9.54
1978-12-15,,,,,,,,,9.0,9.58
1978-12-18,,,,,,,,,9.13,9.86
1978-12-19,,,,,,,,,9.14,9.91
1978-12-20,,,,,,,,,9.16,9.96
1978-12-21,,,,,,,,,9.16,9.98
1978-12-22,,,,,,,,,9.11,9.96
1978-12-25,,,,,,,,,,
1978-12-26,,,,,,,,,9.13,9.98
1978-12-27,,,,,,,,,9.12,9.98
1978-12-28,,,,,,,,,9.16,9.98
1978-12-29,,,,,,,,,9.15,9.98
1979-01-01,68.5,5.9,2526.61,51.525,10.07,1985.6,,1630.0,,
1979-01-02,,,,,,,,,9.18,10.0
1979-01-03,,,,,,,,,9.16,9.98
1979-01-04,,,,,,,,,9.11,9.88
1979-01-05,,,,,,,,,9.1,9.87
1979-01-08,,,,,,,,,9.14,9.92
1979-01-09,,,,,,,,,9.16,9.92
1979-01-10,,,,,,,,,9.16,9.94
1979-01-11,,,,,,,,,9.15,9.92
1979-01-12,,,,,,,,,9.14,9.92
1979-01-15,,,,,,,,,9.15,9.91
1979-01-16,,,,,,,,,9.16,9.92
1979-01-17,,,,,,,,,9.18,9.91
1979-01-18,,,,,,,,,9.18,9.92
1979-01-19,,,,,,,,,9.15,9.91
1979-01-22,,,,,,,,,9.12,9.86
1979-01-23,,,,,,,,,9.1,9.85
1979-01-24,,,,,,,,,9.08,9.85
1979-01-25,,,,,,,,,8.98,9.78
1979-01-26,,,,,,,,,8.93,9.67
1979-01-29,,,,,,,,,8.96,9.67
1979-01-30,,,,,,,,,8.95,9.68
1979-01-31,,,,,,,,,8.95,9.64
1979-02-01,69.2,5.9,,51.778,10.06,2004.1,,1520.0,8.94,9.61
1979-02-02,,,,,,,,,8.89,9.48
1979-02-05,,,,,,,,,8.95,9.53
1979-02-06,,,,,,,,,9.0,9.58
1979-02-07,,,,,,,,,9.09,9.67
1979-02-08,,,,,,,,,9.09,9.7
1979-02-09,,,,,,,,,9.11,9.7
1979-02-12,,,,,,,,,,
1979-02-13,,,,,,,,,9.11,9.69
1979-02-14,,,,,,,,,9.12,9.67
1979-02-15,,,,,,,,,9.12,9.68
1979-02-16,,,,,,,,,9.11,9.68
1979-02-19,,,,,,,,,,
1979-02-20,,,,,,,,,9.12,9.69
1979-02-21,,,,,,,,,9.15,9.71
1979-02-22,,,,,,,,,9.2,9.9
1979-02-23,,,,,,,,,9.21,9.92
1979-02-26,,,,,,,,,9.2,9.91
1979-02-27,,,,,,,,,9.19,9.89
1979-02-28,,,,,,,,,9.17,9.89
1979-03-01,69.9,5.8,,51.9382,10.09,2025.9,,1847.0,9.17,9.87
1979-03-02,,,,,,,,,9.16,9.87
1979-03-05,,,,,,,,,9.11,9.83
1979-03-06,,,,,,,,,9.14,9.83
1979-03-07,,,,,,,,,9.1,9.81
1979-03-08,,,,,,,,,9.1,9.76
1979-03-09,,,,,,,,,9.11,9.79
1979-03-12,,,,,,,,,9.11,9.81
1979-03-13,,,,,,,,,9.11,9.8
1979-03-14,,,,,,,,,9.12,9.82
1979-03-15,,,,,,,,,9.14,9.82
1979-03-16,,,,,,,,,9.12,9.84
1979-03-19,,,,,,,,,9.12,9.81
1979-03-20,,,,,,,,,9.13,9.79
1979-03-21,,,,,,,,,9.13,9.79
1979-03-22,,,,,,,,,9.12,9.77
1979-03-23,,,,,,,,,9.12,9.77
1979-03-26,,,,,,,,,9.12,9.76
1979-03-27,,,,,,,,,9.11,9.73
1979-03-28,,,,,,,,,9.07,9.71
1979-03-29,,,,,,,,,9.06,9.67
1979-03-30,,,,,,,,,9.11,9.72
1979-04-01,70.6,5.8,2591.247,51.3251,10.01,2030.6,,1748.0,,
1979-04-02,,,,,,,,,9.11,9.74
1979-04-03,,,,,,,,,9.1,9.73
1979-04-04,,,,,,,,,9.09,9.71
1979-04-05,,,,,,,,,9.07,9.68
1979-04-06,,,,,,,,,9.1,9.75
1979-04-09,,,,,,,,,9.14,9.81
1979-04-10,,,,,,,,,9.17,9.81
1979-04-11,,,,,,,,,9.2,9.85
1979-04-12,,,,,,,,,9.2,9.85
1979-04-13,,,,,,,,,,
1979-04-16,,,,,,,,,9.19,9.86
1979-04-17,,,,,,,,,9.16,9.77
1979-04-18,,,,,,,,,9.15,9.71
1979-04-19,,,,,,,,,9.15,9.68
1979-04-20,,,,,,,,,9.19,9.73
1979-04-23,,,,,,,,,9.21,9.73
1979-04-24,,,,,,,,,9.24,9.75
1979-04-25,,,,,,,,,9.23,9.77
1979-04-26,,,,,,,,,9.27,9.8
1979-04-27,,,,,,,,,9.32,9.93
1979-04-30,,,,,,,,,9.35,9.91
1979-05-01,71.4,5.6,,51.7782,10.24,2044.6,,1876.0,9.36,9.91
1979-05-02,,,,,,,,,9.34,9.91
1979-05-03,,,,,,,,,9.38,9.93
1979-05-04,,,,,,,,,9.39,9.93
1979-05-07,,,,,,,,,9.39,9.91
1979-05-08,,,,,,,,,9.38,9.91
1979-05-09,,,,,,,,,9.36,9.9
1979-05-10,,,,,,,,,9.36,9.92
1979-05-11,,,,,,,,,9.34,9.9
1979-05-14,,,,,,,,,9.3,9.87
1979-05-15,,,,,,,,,9.32,9.87
1979-05-16,,,,,,,,,9.31,9.84
1979-05-17,,,,,,,,,9.24,9.72
1979-05-18,,,,,,,,,9.23,9.71
1979-05-21,,,,,,,,,9.24,9.75
1979-05-22,,,,,,,,,9.15,9.69
1979-05-23,,,,,,,,,9.07,9.65
1979-05-24,,,,,,,,,9.06,9.58
1979-05-25,,,,,,,,,9.01,9.5
1979-05-28,,,,,,,,,,
1979-05-29,,,,,,,,,9.01,9.5
1979-05-30,,,,,,,,,,
1979-05-31,,,,,,,,,9.06,9.56
1979-06-01,72.2,5.7,,51.7865,10.29,2060.4,,1913.0,9.05,9.56
1979-06-04,,,,,,,,,9.06,9.56
1979-06-05,,,,,,,,,9.02,9.5
1979-06-06,,,,,,,,,8.97,9.43
1979-06-07,,,,,,,,,8.89,9.29
1979-06-08,,,,,,,,,8.9,9.25
1979-06-11,,,,,,,,,8.94,9.27
1979-06-12,,,,,,,,,8.79,9.05
1979-06-13,,,,,,,,,8.83,9.08
1979-06-14,,,,,,,,,8.87,9.12
1979-06-15,,,,,,,,,8.96,9.24
1979-06-18,,,,,,,,,8.95,9.26
1979-06-19,,,,,,,,,8.95,9.24
1979-06-20,,,,,,,,,8.94,9.25
1979-06-21,,,,,,,,,8.93,9.25
1979-06-22,,,,,,,,,8.98,9.27
1979-06-25,,,,,,,,,8.93,9.2
1979-06-26,,,,,,,,,8.82,8.97
1979-06-27,,,,,,,,,8.8,8.92
1979-06-28,,,,,,,,,8.8,8.95
1979-06-29,,,,,,,,,8.81,8.97
1979-07-01,73.0,5.7,2667.565,51.7029,10.47,2091.8,,1760.0,,
1979-07-02,,,,,,,,,8.76,8.93
1979-07-03,,,,,,,,,8.77,8.95
1979-07-04,,,,,,,,,,
1979-07-05,,,,,,,,,8.8,8.98
1979-07-06,,,,,,,,,8.82,9.0
1979-07-09,,,,,,,,,8.86,9.04
1979-07-10,,,,,,,,,8.92,9.04
1979-07-11,,,,,,,,,8.97,9.04
1979-07-12,,,,,,,,,8.95,9.01
1979-07-13,,,,,,,,,8.94,9.01
1979-07-16,,,,,,,,,8.99,9.08
1979-07-17,,,,,,,,,9.01,9.1
1979-07-18,,,,,,,,,9.03,9.1
1979-07-19,,,,,,,,,9.04,9.14
1979-07-20,,,,,,,,,8.98,9.24
1979-07-23,,,,,,,,,9.03,9.28
1979-07-24,,,,,,,,,9.06,9.33
1979-07-25,,,,,,,,,8.99,9.36
1979-07-26,,,,,,,,,8.97,9.25
1979-07-27,,,,,,,,,9.02,9.38
1979-07-30,,,,,,,,,9.03,9.32
1979-07-31,,,,,,,,,9.01,9.31
1979-08-01,73.7,6.0,,51.3658,10.94,2111.2,,1778.0,8.99,9.23
1979-08-02,,,,,,,,,8.91,9.2
1979-08-03,,,,,,,,,8.92,9.27
1979-08-06,,,,,,,,,8.91,9.27
1979-08-07,,,,,,,,,8.91,9.22
1979-08-08,,,,,,,,,8.93,9.25
1979-08-09,,,,,,,,,8.97,9.27
1979-08-10,,,,,,,,,9.0,9.33
1979-08-13,,,,,,,,,9.0,9.34
1979-08-14,,,,,,,,,8.98,9.32
1979-08-15,,,,,,,,,9.0,9.41
1979-08-16,,,,,,,,,9.0,9.39
1979-08-17,,,,,,,,,9.01,9.44
1979-08-20,,,,,,,,,9.02,9.45
1979-08-21,,,,,,,,,9.04,9.51
1979-08-22,,,,,,,,,9.04,9.55
1979-08-23,,,,,,,,,9.05,9.63
1979-08-24,,,,,,,,,9.14,9.72
1979-08-27,,,,,,,,,9.12,9.68
1979-08-28,,,,,,,,,9.15,9.73
1979-08-29,,,,,,,,,9.14,9.73
1979-08-30,,,,,,,,,9.21,9.77
1979-08-31,,,,,,,,,9.24,9.84
1979-09-01,74.4,5.9,,51.3623,11.43,2129.7,,1832.0,,
1979-09-03,,,,,,,,,,
1979-09-04,,,,,,,,,9.32,10.0
1979-09-05,,,,,,,,,9.32,10.02
1979-09-06,,,,,,,,,9.35,10.03
1979-09-07,,,,,,,,,9.34,10.1
1979-09-10,,,,,,,,,9.36,10.13
1979-09-11,,,,,,,,,9.25,10.0
1979-09-12,,,,,,,,,9.3,10.04
1979-09-13,,,,,,,,,9.34,10.1
1979-09-14,,,,,,,,,9.29,10.02
1979-09-17,,,,,,,,,9.37,10.13
1979-09-18,,,,,,,,,9.36,10.14
1979-09-19,,,,,,,,,9.31,10.08
1979-09-20,,,,,,,,,9.29,10.03
1979-09-21,,,,,,,,,9.26,10.0
1979-09-24,,,,,,,,,9.34,10.01
1979-09-25,,,,,,,,,9.32,10.01
1979-09-26,,,,,,,,,9.36,10.02
1979-09-27,,,,,,,,,9.44,10.11
1979-09-28,,,,,,,,,9.44,10.1
1979-10-01,75.2,6.0,2723.883,51.7175,13.77,2147.1,,1681.0,9.51,10.14
1979-10-02,,,,,,,,,9.47,10.14
1979-10-03,,,,,,,,,9.5,10.14
1979-10-04,,,,,,,,,9.58,10.34
1979-10-05,,,,,,,,,9.6,10.39
1979-10-08,,,,,,,,,,
1979-10-09,,,,,,,,,9.93,11.12
1979-10-10,,,,,,,,,10.09,11.4
1979-10-11,,,,,,,,,10.17,11.26
1979-10-12,,,,,,,,,10.15,11.17
1979-10-15,,,,,,,,,10.31,11.39
1979-10-16,,,,,,,,,10.27,11.39
1979-10-17,,,,,,,,,10.2,11.4
1979-10-18,,,,,,,,,10.41,11.75
1979-10-19,,,,,,,,,10.68,12.15
1979-10-22,,,,,,,,,10.96,12.43
1979-10-23,,,,,,,,,11.02,12.63
1979-10-24,,,,,,,,,10.83,12.52
1979-10-25,,,,,,,,,10.98,12.59
1979-10-26,,,,,,,,,10.67,12.05
1979-10-29,,,,,,,,,10.78,12.19
1979-10-30,,,,,,,,,10.75,12.12
1979-10-31,,,,,,,,,10.72,12.06
1979-11-01,76.0,5.9,,51.6341,13.18,2168.9,,1524.0,10.79,12.08
1979-11-02,,,,,,,,,10.84,12.19
1979-11-05,,,,,,,,,10.85,12.15
1979-11-06,,,,,,,,,,
1979-11-07,,,,,,,,,11.0,12.36
1979-11-08,,,,,,,,,10.96,12.29
1979-11-09,,,,,,,,,10.68,11.78
1979-11-12,,,,,,,,,,
1979-11-13,,,,,,,,,10.63,11.64
1979-11-14,,,,,,,,,10.75,11.82
1979-11-15,,,,,,,,,10.62,11.68
1979-11-16,,,,,,,,,10.77,11.97
1979-11-19,,,,,,,,,10.8,12.08
1979-11-20,,,,,,,,,10.78,12.12
1979-11-21,,,,,,,,,10.73,12.17
1979-11-22,,,,,,,,,,
1979-11-23,,,,,,,,,10.51,11.69
1979-11-26,,,,,,,,,10.37,11.44
1979-11-27,,,,,,,,,10.24,11.11
1979-11-28,,,,,,,,,10.37,11.23
1979-11-29,,,,,,,,,10.34,11.23
1979-11-30,,,,,,,,,10.38,11.33
1979-12-01,76.9,6.0,,51.6694,13.78,2192.7,,1498.0,,
1979-12-03,,,,,,,,,10.44,11.42
1979-12-04,,,,,,,,,10.32,11.3
1979-12-05,,,,,,,,,10.27,11.21
1979-12-06,,,,,,,,,10.13,11.08
1979-12-07,,,,,,,,,10.3,11.21
1979-12-10,,,,,,,,,10.27,11.25
1979-12-11,,,,,,,,,10.46,11.6
1979-12-12,,,,,,,,,10.58,11.85
1979-12-13,,,,,,,,,10.51,11.67
1979-12-14,,,,,,,,,10.45,11.47
1979-12-17,,,,,,,,,10.42,11.45
1979-12-18,,,,,,,,,10.34,11.31
1979-12-19,,,,,,,,,10.33,11.38
1979-12-20,,,,,,,,,10.38,11.4
1979-12-21,,,,,,,,,10.39,11.42
1979-12-24,,,,,,,,,10.45,11.44
1979-12-25,,,,,,,,,,
1979-12-26,,,,,,,,,10.48,11.43
1979-12-27,,,,,,,,,10.46,11.39
1979-12-28,,,,,,,,,10.41,11.3
1979-12-31,,,,,,,,,10.33,11.23
1980-01-01,78.0,6.3,2789.842,51.944,13.82,2218.8,,1341.0,,
1980-01-02,,,,,,,,,10.5,11.39
1980-01-03,,,,,,,,,10.6,11.45
1980-01-04,,,,,,,,,10.66,11.47
1980-01-07,,,,,,,,,10.63,11.35
1980-01-08,,,,,,,,,10.57,11.26
1980-01-09,,,,,,,,,10.58,11.24
1980-01-10,,,,,,,,,10.51,11.18
1980-01-11,,,,,,,,,10.68,11.33
1980-01-14,,,,,,,,,10.7,11.35
1980-01-15,,,,,,,,,10.65,11.32
1980-01-16,,,,,,,,,10.65,11.3
1980-01-17,,,,,,,,,10.71,11.37
1980-01-18,,,,,,,,,10.82,11.52
1980-01-21,,,,,,,,,10.96,11.58
1980-01-22,,,,,,,,,10.85,11.56
1980-01-23,,,,,,,,,10.82,11.53
1980-01-24,,,,,,,,,11.01,11.68
1980-01-25,,,,,,,,,11.1,11.82
1980-01-28,,,,,,,,,11.15,11.79
1980-01-29,,,,,,,,,11.21,11.88
1980-01-30,,,,,,,,,11.16,11.84
1980-01-31,,,,,,,,,11.13,11.75
1980-02-01,79.0,6.3,,51.9633,14.13,2232.6,,1350.0,11.29,12.04
1980-02-04,,,,,,,,,11.4,12.12
1980-02-05,,,,,,,,,11.73,12.49
1980-02-06,,,,,,,,,11.92,12.42
1980-02-07,,,,,,,,,11.71,12.21
1980-02-08,,,,,,,,,11.8,12.31
1980-02-11,,,,,,,,,12.01,12.6
1980-02-12,,,,,,,,,,
1980-02-13,,,,,,,,,11.86,12.52
1980-02-14,,,,,,,,,11.97,12.6
1980-02-15,,,,,,,,,12.2,13.13
1980-02-18,,,,,,,,,,
1980-02-19,,,,,,,,,12.85,13.96
1980-02-20,,,,,,,,,12.84,14.03
1980-02-21,,,,,,,,,13.22,14.51
1980-02-22,,,,,,,,,13.06,14.52
1980-02-25,,,,,,,,,13.27,14.62
1980-02-26,,,,,,,,,13.65,14.91
1980-02-27,,,,,,,,,13.46,14.82
1980-02-28,,,,,,,,,12.92,14.41
1980-02-29,,,,,,,,,12.72,14.73
1980-03-01,80.1,6.3,,51.7454,17.19,2248.1,,1047.0,,
1980-03-03,,,,,,,,,12.79,14.83
1980-03-04,,,,,,,,,12.91,14.86
1980-03-05,,,,,,,,,13.03,14.99
1980-03-06,,,,,,,,,13.13,15.27
1980-03-07,,,,,,,,,12.86,15.2
1980-03-10,,,,,,,,,12.63,14.71
1980-03-11,,,,,,,,,12.41,14.43
1980-03-12,,,,,,,,,12.62,14.74
1980-03-13,,,,,,,,,12.5,14.69
1980-03-14,,,,,,,,,12.52,14.8
1980-03-17,,,,,,,,,12.58,14.82
1980-03-18,,,,,,,,,12.4,14.42
1980-03-19,,,,,,,,,12.35,14.33
1980-03-20,,,,,,,,,12.62,15.03
1980-03-21,,,,,,,,,12.75,15.02
1980-03-24,,,,,,,,,13.17,15.36
1980-03-25,,,,,,,,,13.1,15.19
1980-03-26,,,,,,,,,13.03,15.26
1980-03-27,,,,,,,,,12.97,15.11
1980-03-28,,,,,,,,,12.72,14.89
1980-03-31,,,,,,,,,12.64,14.63
1980-04-01,80.9,6.9,2797.352,50.7197,17.61,2257.2,,1051.0,12.69,14.59
1980-04-02,,,,,,,,,12.63,14.52
1980-04-03,,,,,,,,,12.52,14.51
1980-04-04,,,,,,,,,,
1980-04-07,,,,,,,,,12.13,13.85
1980-04-08,,,,,,,,,12.21,13.89
1980-04-09,,,,,,,,,12.06,13.54
1980-04-10,,,,,,,,,12.06,13.57
1980-04-11,,,,,,,,,11.79,13.22
1980-04-14,,,,,,,,,11.62,12.96
1980-04-15,,,,,,,,,11.57,12.72
1980-04-16,,,,,,,,,10.9,11.97
1980-04-17,,,,,,,,,11.13,11.97
1980-04-18,,,,,,,,,11.05,11.76
1980-04-21,,,,,,,,,10.9,11.56
1980-04-22,,,,,,,,,10.82,11.43
1980-04-23,,,,,,,,,10.89,11.38
1980-04-24,,,,,,,,,10.96,11.42
1980-04-25,,,,,,,,,10.95,11.39
1980-04-28,,,,,,,,,10.63,10.74
1980-04-29,,,,,,,,,10.67,10.74
1980-04-30,,,,,,,,,10.76,10.81
1980-05-01,81.7,7.5,,49.4766,10.98,2267.7,,927.0,10.57,10.7
1980-05-02,,,,,,,,,10.24,10.04
1980-05-05,,,,,,,,,10.18,9.85
1980-05-06,,,,,,,,,9.8,9.4
1980-05-07,,,,,,,,,9.96,9.41
1980-05-08,,,,,,,,,10.18,9.48
1980-05-09,,,,,,,,,10.3,9.85
1980-05-12,,,,,,,,,10.3,9.52
1980-05-13,,,,,,,,,10.13,9.38
1980-05-14,,,,,,,,,10.14,9.27
1980-05-15,,,,,,,,,10.31,9.48
1980-05-16,,,,,,,,,10.37,9.76
1980-05-19,,,,,,,,,10.53,9.78
1980-05-20,,,,,,,,,10.22,9.26
1980-05-21,,,,,,,,,10.08,9.14
1980-05-22,,,,,,,,,10.1,9.13
1980-05-23,,,,,,,,,9.85,8.73
1980-05-26,,,,,,,,,,
1980-05-27,,,,,,,,,9.96,8.82
1980-05-28,,,,,,,,,10.1,9.04
1980-05-29,,,,,,,,,10.24,9.16
1980-05-30,,,,,,,,,10.25,9.25
1980-06-01,82.5,7.6,,48.8383,9.47,2287.5,,1196.0,,
1980-06-02,,,,,,,,,10.31,9.34
1980-06-03,,,,,,,,,10.16,9.2
1980-06-04,,,,,,,,,10.07,9.06
1980-06-05,,,,,,,,,10.02,8.97
1980-06-06,,,,,,,,,9.81,8.72
1980-06-09,,,,,,,,,9.73,8.61
1980-06-10,,,,,,,,,9.83,8.79
1980-06-11,,,,,,,,,9.7,8.65
1980-06-12,,,,,,,,,9.53,8.46
1980-06-13,,,,,,,,,9.51,8.39
1980-06-16,,,,,,,,,9.47,8.38
1980-06-17,,,,,,,,,9.49,8.36
1980-06-18,,,,,,,,,9.56,8.58
1980-06-19,,,,,,,,,9.56,8.68
1980-06-20,,,,,,,,,9.49,8.43
1980-06-23,,,,,,,,,9.63,8.59
1980-06-24,,,,,,,,,9.68,8.64
1980-06-25,,,,,,,,,9.79,8.73
1980-06-26,,,,,,,,,9.87,8.8
1980-06-27,,,,,,,,,10.04,8.94
1980-06-30,,,,,,,,,10.09,8.97
1980-07-01,82.6,7.8,2856.483,48.4907,9.03,2322.4,,1269.0,10.13,9.01
1980-07-02,,,,,,,,,10.19,9.01
1980-07-03,,,,,,,,,10.01,8.77
1980-07-04,,,,,,,,,,
1980-07-07,,,,,,,,,10.2,8.94
1980-07-08,,,,,,,,,10.09,8.8
1980-07-09,,,,,,,,,10.14,8.83
1980-07-10,,,,,,,,,10.21,8.9
1980-07-11,,,,,,,,,10.28,8.97
1980-07-14,,,,,,,,,10.33,9.16
1980-07-15,,,,,,,,,10.17,8.98
1980-07-16,,,,,,,,,10.07,8.79
1980-07-17,,,,,,,,,10.21,8.89
1980-07-18,,,,,,,,,10.2,8.93
1980-07-21,,,,,,,,,10.13,8.93
1980-07-22,,,,,,,,,10.18,9.02
1980-07-23,,,,,,,,,10.12,8.95
1980-07-24,,,,,,,,,10.24,9.05
1980-07-25,,,,,,,,,10.35,9.15
1980-07-28,,,,,,,,,10.46,9.24
1980-07-29,,,,,,,,,10.45,9.28
1980-07-30,,,,,,,,,10.53,9.33
1980-07-31,,,,,,,,,10.76,9.72
1980-08-01,83.2,7.7,,48.6456,9.61,2346.7,,1436.0,10.76,9.78
1980-08-04,,,,,,,,,10.69,9.66
1980-08-05,,,,,,,,,10.7,9.67
1980-08-06,,,,,,,,,10.8,9.69
1980-08-07,,,,,,,,,10.71,9.67
1980-08-08,,,,,,,,,10.87,9.81
1980-08-11,,,,,,,,,11.03,10.07
1980-08-12,,,,,,,,,10.98,10.03
1980-08-13,,,,,,,,,10.89,10.03
1980-08-14,,,,,,,,,10.9,10.07
1980-08-15,,,,,,,,,10.86,10.12
1980-08-18,,,,,,,,,11.13,10.77
1980-08-19,,,,,,,,,11.24,10.91
1980-08-20,,,,,,,,,11.22,11.11
1980-08-21,,,,,,,,,11.3,11.27
1980-08-22,,,,,,,,,11.13,11.09
1980-08-25,,,,,,,,,11.4,11.34
1980-08-26,,,,,,,,,11.42,11.34
1980-08-27,,,,,,,,,11.67,11.52
1980-08-28,,,,,,,,,11.89,11.77
1980-08-29,,,,,,,,,11.55,11.36
1980-09-01,83.9,7.5,,49.4578,10.87,2378.6,,1471.0,,
1980-09-02,,,,,,,,,11.32,11.05
1980-09-03,,,,,,,,,11.08,10.73
1980-09-04,,,,,,,,,11.16,10.77
1980-09-05,,,,,,,,,11.21,10.89
1980-09-08,,,,,,,,,11.29,11.11
1980-09-09,,,,,,,,,11.19,11.13
1980-09-10,,,,,,,,,11.14,11.03
1980-09-11,,,,,,,,,11.32,11.27
1980-09-12,,,,,,,,,11.37,11.4
1980-09-15,,,,,,,,,11.62,11.79
1980-09-16,,,,,,,,,11.52,11.68
1980-09-17,,,,,,,,,11.57,11.79
1980-09-18,,,,,,,,,11.53,11.84
1980-09-19,,,,,,,,,11.33,11.59
1980-09-22,,,,,,,,,11.69,12.0
1980-09-23,,,,,,,,,11.76,12.0
1980-09-24,,,,,,,,,11.75,11.98
1980-09-25,,,,,,,,,11.91,12.11
1980-09-26,,,,,,,,,11.99,12.4
1980-09-29,,,,,,,,,12.07,12.38
1980-09-30,,,,,,,,,11.86,12.13
1980-10-01,84.7,7.5,2985.557,50.0861,12.81,2418.3,,1523.0,11.78,12.02
1980-10-02,,,,,,,,,11.83,12.06
1980-10-03,,,,,,,,,11.4,11.51
1980-10-06,,,,,,,,,11.35,11.41
1980-10-07,,,,,,,,,11.43,11.44
1980-10-08,,,,,,,,,11.51,11.69
1980-10-09,,,,,,,,,11.39,11.6
1980-10-10,,,,,,,,,11.44,11.64
1980-10-13,,,,,,,,,,
1980-10-14,,,,,,,,,11.37,11.67
1980-10-15,,,,,,,,,11.29,11.58
1980-10-16,,,,,,,,,11.47,11.69
1980-10-17,,,,,,,,,11.62,11.91
1980-10-20,,,,,,,,,11.64,12.0
1980-10-21,,,,,,,,,11.7,12.11
1980-10-22,,,,,,,,,11.88,12.31
1980-10-23,,,,,,,,,11.82,12.31
1980-10-24,,,,,,,,,11.74,12.25
1980-10-27,,,,,,,,,12.13,12.73
1980-10-28,,,,,,,,,12.32,12.91
1980-10-29,,,,,,,,,12.48,12.98
1980-10-30,,,,,,,,,12.48,13.04
1980-10-31,,,,,,,,,12.46,13.08
1980-11-01,85.6,7.5,,50.9209,15.85,2443.9,,1510.0,,
1980-11-03,,,,,,,,,12.46,13.23
1980-11-04,,,,,,,,,,
1980-11-05,,,,,,,,,12.61,13.38
1980-11-06,,,,,,,,,13.04,13.57
1980-11-07,,,,,,,,,12.66,13.36
1980-11-10,,,,,,,,,12.78,13.29
1980-11-11,,,,,,,,,,
1980-11-12,,,,,,,,,12.47,12.86
1980-11-13,,,,,,,,,12.49,12.89
1980-11-14,,,,,,,,,12.79,13.25
1980-11-17,,,,,,,,,12.95,13.71
1980-11-18,,,,,,,,,12.62,13.47
1980-11-19,,,,,,,,,12.51,13.37
1980-11-20,,,,,,,,,12.59,13.53
1980-11-21,,,,,,,,,12.8,13.83
1980-11-24,,,,,,,,,12.76,13.88
1980-11-25,,,,,,,,,12.74,13.99
1980-11-26,,,,,,,,,12.65,14.0
1980-11-27,,,,,,,,,,
1980-11-28,,,,,,,,,12.72,14.13
1980-12-01,86.4,7.2,,51.257,18.9,2471.7,,1482.0,12.92,14.25
1980-12-02,,,,,,,,,12.95,14.25
1980-12-03,,,,,,,,,12.92,14.04
1980-12-04,,,,,,,,,12.91,14.15
1980-12-05,,,,,,,,,12.85,14.34
1980-12-08,,,,,,,,,12.91,14.45
1980-12-09,,,,,,,,,13.1,14.54
1980-12-10,,,,,,,,,13.15,14.59
1980-12-11,,,,,,,,,13.57,14.97
1980-12-12,,,,,,,,,13.21,14.74
1980-12-15,,,,,,,,,13.25,14.83
1980-12-16,,,,,,,,,13.51,15.12
1980-12-17,,,,,,,,,13.28,14.98
1980-12-18,,,,,,,,,13.22,14.89
1980-12-19,,,,,,,,,12.64,14.05
1980-12-22,,,,,,,,,12.14,13.24
1980-12-23,,,,,,,,,12.35,13.04
1980-12-24,,,,,,,,,12.42,13.37
1980-12-25,,,,,,,,,,
1980-12-26,,,,,,,,,12.25,12.95
1980-12-29,,,,,,,,,12.2,12.87
1980-12-30,,,,,,,,,12.39,12.97
1980-12-31,,,,,,,,,12.43,13.06
1981-01-01,87.2,7.5,3124.206,50.9328,19.08,2487.4,,1547.0,,
1981-01-02,,,,,,,,,12.42,13.1
1981-01-05,,,,,,,,,12.15,12.28
1981-01-06,,,,,,,,,12.11,12.42
1981-01-07,,,,,,,,,12.38,12.92
1981-01-08,,,,,,,,,12.35,13.09
1981-01-09,,,,,,,,,12.57,13.53
1981-01-12,,,,,,,,,12.45,13.17
1981-01-13,,,,,,,,,12.53,13.3
1981-01-14,,,,,,,,,12.53,12.95
1981-01-15,,,,,,,,,12.62,13.25
1981-01-16,,,,,,,,,12.53,13.08
1981-01-19,,,,,,,,,12.64,13.62
1981-01-20,,,,,,,,,12.5,13.48
1981-01-21,,,,,,,,,12.77,13.79
1981-01-22,,,,,,,,,12.87,13.83
1981-01-23,,,,,,,,,12.84,13.74
1981-01-26,,,,,,,,,12.7,13.4
1981-01-27,,,,,,,,,12.73,13.4
1981-01-28,,,,,,,,,12.77,13.48
1981-01-29,,,,,,,,,12.8,13.42
1981-01-30,,,,,,,,,12.68,13.26
1981-02-01,88.0,7.4,,50.7237,15.93,2505.5,,1246.0,,
1981-02-02,,,,,,,,,12.86,13.51
1981-02-03,,,,,,,,,12.98,13.7
1981-02-04,,,,,,,,,12.86,13.63
1981-02-05,,,,,,,,,12.95,13.63
1981-02-06,,,,,,,,,13.09,13.89
1981-02-09,,,,,,,,,13.21,13.97
1981-02-10,,,,,,,,,13.27,14.1
1981-02-11,,,,,,,,,13.42,14.34
1981-02-12,,,,,,,,,,
1981-02-13,,,,,,,,,13.65,14.45
1981-02-16,,,,,,,,,,
1981-02-17,,,,,,,,,13.33,13.97
1981-02-18,,,,,,,,,13.3,13.98
1981-02-19,,,,,,,,,13.09,13.72
1981-02-20,,,,,,,,,12.9,13.55
1981-02-23,,,,,,,,,13.19,13.92
1981-02-24,,,,,,,,,13.21,14.0
1981-02-25,,,,,,,,,13.29,14.0
1981-02-26,,,,,,,,,13.47,14.1
1981-02-27,,,,,,,,,13.43,14.08
1981-03-01,88.6,7.4,,50.9806,14.7,2531.0,,1306.0,,
1981-03-02,,,,,,,,,13.62,14.4
1981-03-03,,,,,,,,,13.43,14.13
1981-03-04,,,,,,,,,13.45,14.21
1981-03-05,,,,,,,,,13.43,14.17
1981-03-06,,,,,,,,,13.2,13.91
1981-03-09,,,,,,,,,13.09,13.84
1981-03-10,,,,,,,,,13.08,13.74
1981-03-11,,,,,,,,,13.12,13.79
1981-03-12,,,,,,,,,13.03,13.7
1981-03-13,,,,,,,,,12.86,13.45
1981-03-16,,,,,,,,,12.85,13.3
1981-03-17,,,,,,,,,12.68,13.2
1981-03-18,,,,,,,,,12.58,12.75
1981-03-19,,,,,,,,,12.67,12.84
1981-03-20,,,,,,,,,12.77,12.88
1981-03-23,,,,,,,,,13.13,13.36
1981-03-24,,,,,,,,,13.3,13.55
1981-03-25,,,,,,,,,13.21,13.51
1981-03-26,,,,,,,,,13.34,13.62
1981-03-27,,,,,,,,,13.36,13.67
1981-03-30,,,,,,,,,13.22,13.32
1981-03-31,,,,,,,,,13.13,13.17
1981-04-01,89.1,7.2,3162.532,50.7661,15.72,2537.4,,1360.0,13.14,13.19
1981-04-02,,,,,,,,,13.25,13.4
1981-04-03,,,,,,,,,13.4,13.57
1981-04-06,,,,,,,,,13.74,14.13
1981-04-07,,,,,,,,,13.41,13.7
1981-04-08,,,,,,,,,13.61,13.89
1981-04-09,,,,,,,,,13.45,13.87
1981-04-10,,,,,,,,,13.59,13.9
1981-04-13,,,,,,,,,13.68,14.05
1981-04-14,,,,,,,,,13.58,13.92
1981-04-15,,,,,,,,,13.74,14.19
1981-04-16,,,,,,,,,13.79,14.23
1981-04-17,,,,,,,,,,
1981-04-20,,,,,,,,,13.69,14.33
1981-04-21,,,,,,,,,13.73,14.34
1981-04-22,,,,,,,,,13.78,14.41
1981-04-23,,,,,,,,,13.8,14.51
1981-04-24,,,,,,,,,13.88,14.66
1981-04-27,,,,,,,,,13.92,14.73
1981-04-28,,,,,,,,,13.93,14.65
1981-04-29,,,,,,,,,14.05,14.67
1981-04-30,,,,,,,,,14.11,14.84
1981-05-01,89.7,7.5,,51.0552,18.52,2556.4,,1140.0,14.05,14.72
1981-05-04,,,,,,,,,14.47,15.37
1981-05-05,,,,,,,,,14.69,15.94
1981-05-06,,,,,,,,,14.56,15.83
1981-05-07,,,,,,,,,14.33,15.69
1981-05-08,,,,,,,,,14.23,15.69
1981-05-11,,,,,,,,,14.34,15.74
1981-05-12,,,,,,,,,14.46,15.93
1981-05-13,,,,,,,,,14.49,15.94
1981-05-14,,,,,,,,,14.24,15.8
1981-05-15,,,,,,,,,14.07,15.55
1981-05-18,,,,,,,,,13.8,15.19
1981-05-19,,,,,,,,,13.95,15.47
1981-05-20,,,,,,,,,14.0,15.63
1981-05-21,,,,,,,,,14.05,15.75
1981-05-22,,,,,,,,,13.82,15.48
1981-05-25,,,,,,,,,,
1981-05-26,,,,,,,,,13.67,15.09
1981-05-27,,,,,,,,,13.71,15.14
1981-05-28,,,,,,,,,13.56,14.79
1981-05-29,,,,,,,,,13.5,14.4
1981-06-01,90.5,7.5,,51.3214,19.1,2580.7,,1045.0,13.46,14.47
1981-06-02,,,,,,,,,13.58,14.66
1981-06-03,,,,,,,,,13.55,14.65
1981-06-04,,,,,,,,,13.51,14.76
1981-06-05,,,,,,,,,13.56,14.73
1981-06-08,,,,,,,,,13.36,14.31
1981-06-09,,,,,,,,,13.37,14.41
1981-06-10,,,,,,,,,13.31,14.31
1981-06-11,,,,,,,,,13.32,14.4
1981-06-12,,,,,,,,,13.35,14.44
1981-06-15,,,,,,,,,13.09,14.03
1981-06-16,,,,,,,,,13.08,14.11
1981-06-17,,,,,,,,,13.23,14.37
1981-06-18,,,,,,,,,13.57,14.66
1981-06-19,,,,,,,,,13.46,14.65
1981-06-22,,,,,,,,,13.44,14.49
1981-06-23,,,,,,,,,13.56,14.59
1981-06-24,,,,,,,,,13.66,14.71
1981-06-25,,,,,,,,,13.7,14.65
1981-06-26,,,,,,,,,13.69,14.59
1981-06-29,,,,,,,,,13.68,14.48
1981-06-30,,,,,,,,,13.86,14.66
1981-07-01,91.5,7.2,3260.609,51.6555,19.04,2635.3,,1041.0,14.04,14.94
1981-07-02,,,,,,,,,13.95,14.87
1981-07-03,,,,,,,,,,
1981-07-06,,,,,,,,,13.81,14.68
1981-07-07,,,,,,,,,14.04,14.92
1981-07-08,,,,,,,,,14.11,15.02
1981-07-09,,,,,,,,,14.12,15.14
1981-07-10,,,,,,,,,13.94,14.88
1981-07-13,,,,,,,,,13.99,14.83
1981-07-14,,,,,,,,,14.15,15.07
1981-07-15,,,,,,,,,14.07,15.03
1981-07-16,,,,,,,,,14.11,15.11
1981-07-17,,,,,,,,,14.09,15.07
1981-07-20,,,,,,,,,14.59,15.96
1981-07-21,,,,,,,,,14.61,16.0
1981-07-22,,,,,,,,,14.63,15.95
1981-07-23,,,,,,,,,14.57,15.85
1981-07-24,,,,,,,,,14.41,15.64
1981-07-27,,,,,,,,,14.43,15.57
1981-07-28,,,,,,,,,14.53,15.78
1981-07-29,,,,,,,,,14.61,15.76
1981-07-30,,,,,,,,,14.71,15.88
1981-07-31,,,,,,,,,14.67,15.84
1981-08-01,92.2,7.4,,51.5903,17.82,2661.8,,940.0,,
1981-08-03,,,,,,,,,14.95,16.16
1981-08-04,,,,,,,,,14.95,16.16
1981-08-05,,,,,,,,,14.91,16.07
1981-08-06,,,,,,,,,14.86,16.03
1981-08-07,,,,,,,,,14.83,16.05
1981-08-10,,,,,,,,,14.65,15.83
1981-08-11,,,,,,,,,14.4,15.67
1981-08-12,,,,,,,,,14.61,16.02
1981-08-13,,,,,,,,,14.65,16.13
1981-08-14,,,,,,,,,14.74,16.19
1981-08-17,,,,,,,,,14.71,16.22
1981-08-18,,,,,,,,,14.79,16.3
1981-08-19,,,,,,,,,14.77,16.32
1981-08-20,,,,,,,,,14.89,16.25
1981-08-21,,,,,,,,,14.97,16.31
1981-08-24,,,,,,,,,15.32,16.86
1981-08-25,,,,,,,,,15.35,16.67
1981-08-26,,,,,,,,,15.31,16.69
1981-08-27,,,,,,,,,15.36,16.75
1981-08-28,,,,,,,,,15.25,16.57
1981-08-31,,,,,,,,,15.41,16.73
1981-09-01,93.1,7.6,,51.3429,15.87,2674.0,,911.0,15.41,16.78
1981-09-02,,,,,,,,,15.4,16.78
1981-09-03,,,,,,,,,15.48,16.9
1981-09-04,,,,,,,,,15.51,16.89
1981-09-07,,,,,,,,,,
1981-09-08,,,,,,,,,15.59,16.95
1981-09-09,,,,,,,,,15.53,16.95
1981-09-10,,,,,,,,,15.3,16.72
1981-09-11,,,,,,,,,15.05,16.47
1981-09-14,,,,,,,,,15.2,16.43
1981-09-15,,,,,,,,,15.08,16.13
1981-09-16,,,,,,,,,15.11,16.09
1981-09-17,,,,,,,,,14.95,16.01
1981-09-18,,,,,,,,,14.91,16.02
1981-09-21,,,,,,,,,14.78,15.79
1981-09-22,,,,,,,,,15.03,16.04
1981-09-23,,,,,,,,,15.23,16.11
1981-09-24,,,,,,,,,15.31,16.17
1981-09-25,,,,,,,,,15.68,16.53
1981-09-28,,,,,,,,,15.65,16.57
1981-09-29,,,,,,,,,15.76,16.59
1981-09-30,,,,,,,,,15.84,16.69
1981-10-01,93.4,7.9,3280.818,50.9463,15.08,2675.8,,873.0,15.75,16.57
1981-10-02,,,,,,,,,15.41,16.34
1981-10-05,,,,,,,,,15.19,15.87
1981-10-06,,,,,,,,,15.14,15.85
1981-10-07,,,,,,,,,15.04,15.73
1981-10-08,,,,,,,,,15.0,15.79
1981-10-09,,,,,,,,,14.73,15.2
1981-10-12,,,,,,,,,,
1981-10-13,,,,,,,,,14.83,15.25
1981-10-14,,,,,,,,,14.87,15.35
1981-10-15,,,,,,,,,14.88,15.31
1981-10-16,,,,,,,,,14.94,15.46
1981-10-19,,,,,,,,,14.95,15.48
1981-10-20,,,,,,,,,15.09,15.48
1981-10-21,,,,,,,,,15.34,15.55
1981-10-22,,,,,,,,,15.38,15.56
1981-10-23,,,,,,,,,15.3,15.41
1981-10-26,,,,,,,,,15.6,15.56
1981-10-27,,,,,,,,,15.54,15.56
1981-10-28,,,,,,,,,15.44,15.42
1981-10-29,,,,,,,,,15.06,15.07
1981-10-30,,,,,,,,,14.63,14.59
1981-11-01,93.8,8.3,,50.3546,13.31,2693.3,,837.0,,
1981-11-02,,,,,,,,,14.57,14.44
1981-11-03,,,,,,,,,,
1981-11-04,,,,,,,,,14.18,14.11
1981-11-05,,,,,,,,,14.19,14.2
1981-11-06,,,,,,,,,13.94,13.86
1981-11-09,,,,,,,,,13.39,13.17
1981-11-10,,,,,,,,,13.4,13.22
1981-11-11,,,,,,,,,,
1981-11-12,,,,,,,,,13.19,12.77
1981-11-13,,,,,,,,,13.18,12.83
1981-11-16,,,,,,,,,13.07,12.69
1981-11-17,,,,,,,,,13.18,12.71
1981-11-18,,,,,,,,,13.0,12.19
1981-11-19,,,,,,,,,13.04,12.22
1981-11-20,,,,,,,,,13.14,12.21
1981-11-23,,,,,,,,,13.44,12.5
1981-11-24,,,,,,,,,13.13,12.15
1981-11-25,,,,,,,,,12.98,12.13
1981-11-26,,,,,,,,,,
1981-11-27,,,,,,,,,12.92,12.11
1981-11-30,,,,,,,,,13.13,12.36
1981-12-01,94.1,8.5,,49.8086,12.37,2699.9,,910.0,13.37,12.71
1981-12-02,,,,,,,,,13.49,12.89
1981-12-03,,,,,,,,,13.45,12.88
1981-12-04,,,,,,,,,13.15,12.23
1981-12-07,,,,,,,,,13.5,12.58
1981-12-08,,,,,,,,,13.5,12.65
1981-12-09,,,,,,,,,13.64,12.87
1981-12-10,,,,,,,,,13.8,13.16
1981-12-11,,,,,,,,,13.84,13.35
1981-12-14,,,,,,,,,13.62,13.39
1981-12-15,,,,,,,,,13.55,13.1
1981-12-16,,,,,,,,,13.53,13.04
1981-12-17,,,,,,,,,13.71,13.37
1981-12-18,,,,,,,,,13.51,13.19
1981-12-21,,,,,,,,,13.83,13.61
1981-12-22,,,,,,,,,14.02,13.77
1981-12-23,,,,,,,,,14.14,14.12
1981-12-24,,,,,,,,,14.01,13.95
1981-12-25,,,,,,,,,,
1981-12-28,,,,,,,,,14.01,14.02
1981-12-29,,,,,,,,,14.12,13.98
1981-12-30,,,,,,,,,14.17,13.9
1981-12-31,,,,,,,,,13.98,13.63
1982-01-01,94.4,8.6,3274.302,48.7877,13.22,2709.9,,843.0,,
1982-01-04,,,,,,,,,14.19,13.87
1982-01-05,,,,,,,,,14.44,14.09
1982-01-06,,,,,,,,,14.59,14.19
1982-01-07,,,,,,,,,14.63,14.33
1982-01-08,,,,,,,,,14.48,14.11
1982-01-11,,,,,,,,,14.81,14.55
1982-01-12,,,,,,,,,14.62,14.49
1982-01-13,,,,,,,,,14.83,14.78
1982-01-14,,,,,,,,,14.7,14.71
1982-01-15,,,,,,,,,14.82,14.81
1982-01-18,,,,,,,,,14.75,14.83
1982-01-19,,,,,,,,,14.8,14.79
1982-01-20,,,,,,,,,14.81,15.02
1982-01-21,,,,,,,,,14.62,14.96
1982-01-22,,,,,,,,,14.69,15.06
1982-01-25,,,,,,,,,14.62,14.93
1982-01-26,,,,,,,,,14.54,14.7
1982-01-27,,,,,,,,,14.51,14.57
1982-01-28,,,,,,,,,14.29,14.33
1982-01-29,,,,,,,,,14.14,14.24
1982-02-01,94.7,8.9,,49.7839,14.78,2729.5,,866.0,14.58,15.04
1982-02-02,,,,,,,,,14.47,14.85
1982-02-03,,,,,,,,,14.69,14.93
1982-02-04,,,,,,,,,14.76,14.96
1982-02-05,,,,,,,,,14.65,14.89
1982-02-08,,,,,,,,,14.88,15.09
1982-02-09,,,,,,,,,14.95,15.15
1982-02-10,,,,,,,,,14.81,15.08
1982-02-11,,,,,,,,,14.71,15.07
1982-02-12,,,,,,,,,,
1982-02-15,,,,,,,,,,
1982-02-16,,,,,,,,,14.53,15.04
1982-02-17,,,,,,,,,14.5,15.18
1982-02-18,,,,,,,,,14.28,14.99
1982-02-19,,,,,,,,,14.24,14.94
1982-02-22,,,,,,,,,13.87,14.35
1982-02-23,,,,,,,,,13.93,14.33
1982-02-24,,,,,,,,,13.87,14.24
1982-02-25,,,,,,,,,13.91,14.25
1982-02-26,,,,,,,,,14.03,14.44
1982-03-01,94.7,9.0,,49.4477,14.68,2734.7,,931.0,13.85,14.25
1982-03-02,,,,,,,,,13.74,14.14
1982-03-03,,,,,,,,,13.69,14.09
1982-03-04,,,,,,,,,13.61,13.9
1982-03-05,,,,,,,,,13.59,13.79
1982-03-08,,,,,,,,,13.67,13.71
1982-03-09,,,,,,,,,13.69,13.93
1982-03-10,,,,,,,,,13.73,13.97
1982-03-11,,,,,,,,,13.95,14.25
1982-03-12,,,,,,,,,13.97,14.35
1982-03-15,,,,,,,,,13.96,14.43
1982-03-16,,,,,,,,,13.91,14.35
1982-03-17,,,,,,,,,13.88,14.15
1982-03-18,,,,,,,,,13.87,14.24
1982-03-19,,,,,,,,,13.89,14.35
1982-03-22,,,,,,,,,13.74,14.09
1982-03-23,,,,,,,,,13.72,14.07
1982-03-24,,,,,,,,,13.91,14.14
1982-03-25,,,,,,,,,13.9,14.24
1982-03-26,,,,,,,,,14.01,14.35
1982-03-29,,,,,,,,,14.16,14.53
1982-03-30,,,,,,,,,14.19,14.63
1982-03-31,,,,,,,,,14.18,14.52
1982-04-01,95.0,9.3,3331.972,48.9913,14.94,2755.1,,917.0,14.1,14.42
1982-04-02,,,,,,,,,14.1,14.44
1982-04-05,,,,,,,,,14.16,14.37
1982-04-06,,,,,,,,,14.18,14.42
1982-04-07,,,,,,,,,14.18,14.54
1982-04-08,,,,,,,,,13.98,14.28
1982-04-09,,,,,,,,,,
1982-04-12,,,,,,,,,13.83,14.22
1982-04-13,,,,,,,,,13.83,14.17
1982-04-14,,,,,,,,,13.95,14.35
1982-04-15,,,,,,,,,13.91,14.39
1982-04-16,,,,,,,,,13.71,14.24
1982-04-19,,,,,,,,,13.66,14.18
1982-04-20,,,,,,,,,13.72,14.14
1982-04-21,,,,,,,,,13.69,14.04
1982-04-22,,,,,,,,,13.71,14.06
1982-04-23,,,,,,,,,13.69,14.02
1982-04-26,,,,,,,,,13.7,14.02
1982-04-27,,,,,,,,,13.7,13.95
1982-04-28,,,,,,,,,13.77,13.99
1982-04-29,,,,,,,,,13.87,14.02
1982-04-30,,,,,,,,,13.87,13.99
1982-05-01,95.9,9.4,,48.6669,14.45,2771.4,,1025.0,,
1982-05-03,,,,,,,,,13.95,14.13
1982-05-04,,,,,,,,,13.87,14.17
1982-05-05,,,,,,,,,13.8,14.04
1982-05-06,,,,,,,,,13.54,13.78
1982-05-07,,,,,,,,,13.48,13.67
1982-05-10,,,,,,,,,13.49,13.71
1982-05-11,,,,,,,,,13.46,13.73
1982-05-12,,,,,,,,,13.59,13.8
1982-05-13,,,,,,,,,13.62,13.95
1982-05-14,,,,,,,,,13.48,13.86
1982-05-17,,,,,,,,,13.57,13.85
1982-05-18,,,,,,,,,13.6,13.85
1982-05-19,,,,,,,,,13.64,13.78
1982-05-20,,,,,,,,,13.53,13.48
1982-05-21,,,,,,,,,13.52,13.57
1982-05-24,,,,,,,,,13.58,13.62
1982-05-25,,,,,,,,,13.62,13.68
1982-05-26,,,,,,,,,13.68,13.62
1982-05-27,,,,,,,,,13.72,13.63
1982-05-28,,,,,,,,,13.71,13.62
1982-05-31,,,,,,,,,,
1982-06-01,97.0,9.6,,48.5415,14.15,2782.1,,902.0,13.93,13.92
1982-06-02,,,,,,,,,13.86,13.95
1982-06-03,,,,,,,,,13.9,13.9
1982-06-04,,,,,,,,,13.98,14.03
1982-06-07,,,,,,,,,13.94,13.97
1982-06-08,,,,,,,,,13.98,14.04
1982-06-09,,,,,,,,,13.99,14.11
1982-06-10,,,,,,,,,14.02,14.12
1982-06-11,,,,,,,,,13.93,14.08
1982-06-14,,,,,,,,,14.21,14.37
1982-06-15,,,,,,,,,14.21,14.41
1982-06-16,,,,,,,,,14.26,14.45
1982-06-17,,,,,,,,,14.48,14.79
1982-06-18,,,,,,,,,14.62,14.96
1982-06-21,,,,,,,,,14.63,14.92
1982-06-22,,,,,,,,,14.66,14.9
1982-06-23,,,,,,,,,14.74,14.97
1982-06-24,,,,,,,,,14.71,14.95
1982-06-25,,,,,,,,,14.76,14.98
1982-06-28,,,,,,,,,14.73,14.93
1982-06-29,,,,,,,,,14.61,14.83
1982-06-30,,,,,,,,,14.44,14.66
1982-07-01,97.5,9.8,3366.322,48.3775,12.59,2798.8,,1166.0,14.4,14.6
1982-07-02,,,,,,,,,14.5,14.71
1982-07-05,,,,,,,,,,
1982-07-06,,,,,,,,,14.48,14.72
1982-07-07,,,,,,,,,14.49,14.68
1982-07-08,,,,,,,,,14.19,14.26
1982-07-09,,,,,,,,,14.03,14.05
1982-07-12,,,,,,,,,13.87,13.86
1982-07-13,,,,,,,,,14.02,14.13
1982-07-14,,,,,,,,,14.1,14.23
1982-07-15,,,,,,,,,13.96,14.07
1982-07-16,,,,,,,,,13.7,13.71
1982-07-19,,,,,,,,,13.68,13.52
1982-07-20,,,,,,,,,13.53,13.27
1982-07-21,,,,,,,,,13.6,13.13
1982-07-22,,,,,,,,,13.51,13.04
1982-07-23,,,,,,,,,13.56,13.04
1982-07-26,,,,,,,,,13.91,13.33
1982-07-27,,,,,,,,,13.86,13.35
1982-07-28,,,,,,,,,13.97,13.45
1982-07-29,,,,,,,,,13.83,13.42
1982-07-30,,,,,,,,,13.68,13.17
1982-08-01,97.7,9.8,,47.9382,10.12,2813.0,,1046.0,,
1982-08-02,,,,,,,,,13.41,12.82
1982-08-03,,,,,,,,,13.51,12.9
1982-08-04,,,,,,,,,13.68,12.93
1982-08-05,,,,,,,,,13.7,13.08
1982-08-06,,,,,,,,,13.85,13.24
1982-08-09,,,,,,,,,13.7,13.08
1982-08-10,,,,,,,,,13.69,13.15
1982-08-11,,,,,,,,,13.71,13.15
1982-08-12,,,,,,,,,13.55,12.93
1982-08-13,,,,,,,,,13.2,12.75
1982-08-16,,,,,,,,,13.09,12.36
1982-08-17,,,,,,,,,12.65,11.83
1982-08-18,,,,,,,,,12.57,11.76
1982-08-19,,,,,,,,,12.47,11.61
1982-08-20,,,,,,,,,12.24,11.2
1982-08-23,,,,,,,,,12.47,11.57
1982-08-24,,,,,,,,,12.35,11.5
1982-08-25,,,,,,,,,12.43,11.66
1982-08-26,,,,,,,,,12.55,11.67
1982-08-27,,,,,,,,,12.77,11.93
1982-08-30,,,,,,,,,12.81,12.01
1982-08-31,,,,,,,,,12.81,11.99
1982-09-01,97.7,10.1,,47.8139,10.31,2819.6,,1144.0,12.76,12.0
1982-09-02,,,,,,,,,12.6,11.95
1982-09-03,,,,,,,,,12.47,11.69
1982-09-06,,,,,,,,,,
1982-09-07,,,,,,,,,12.53,11.8
1982-09-08,,,,,,,,,12.51,11.87
1982-09-09,,,,,,,,,12.53,11.87
1982-09-10,,,,,,,,,12.73,12.06
1982-09-13,,,,,,,,,12.63,11.93
1982-09-14,,,,,,,,,12.56,11.88
1982-09-15,,,,,,,,,12.6,12.16
1982-09-16,,,,,,,,,12.6,12.14
1982-09-17,,,,,,,,,12.51,11.96
1982-09-20,,,,,,,,,12.47,11.98
1982-09-21,,,,,,,,,12.18,11.68
1982-09-22,,,,,,,,,12.04,11.61
1982-09-23,,,,,,,,,11.94,11.5
1982-09-24,,,,,,,,,12.09,11.65
1982-09-27,,,,,,,,,11.99,11.69
1982-09-28,,,,,,,,,11.85,11.42
1982-09-29,,,,,,,,,11.8,11.38
1982-09-30,,,,,,,,,11.73,11.23
1982-10-01,98.1,10.4,3402.561,47.3575,9.71,2833.7,,1173.0,11.51,11.13
1982-10-04,,,,,,,,,11.72,11.51
1982-10-05,,,,,,,,,11.69,11.42
1982-10-06,,,,,,,,,11.5,11.21
1982-10-07,,,,,,,,,10.91,10.46
1982-10-08,,,,,,,,,10.83,10.15
1982-10-11,,,,,,,,,,
1982-10-12,,,,,,,,,10.53,9.69
1982-10-13,,,,,,,,,10.39,9.68
1982-10-14,,,,,,,,,10.61,9.84
1982-10-15,,,,,,,,,10.75,10.0
1982-10-18,,,,,,,,,10.58,9.8
1982-10-19,,,,,,,,,10.56,9.82
1982-10-20,,,,,,,,,10.69,9.72
1982-10-21,,,,,,,,,10.69,9.79
1982-10-22,,,,,,,,,10.81,9.87
1982-10-25,,,,,,,,,11.11,10.09
1982-10-26,,,,,,,,,10.87,9.89
1982-10-27,,,,,,,,,10.9,9.94
1982-10-28,,,,,,,,,10.77,9.89
1982-10-29,,,,,,,,,10.71,9.85
1982-11-01,98.0,10.8,,47.2078,9.2,2853.2,,1372.0,10.56,9.68
1982-11-02,,,,,,,,,,
1982-11-03,,,,,,,,,10.46,9.65
1982-11-04,,,,,,,,,10.42,9.64
1982-11-05,,,,,,,,,10.48,9.73
1982-11-08,,,,,,,,,10.55,9.81
1982-11-09,,,,,,,,,10.51,9.74
1982-11-10,,,,,,,,,10.48,9.77
1982-11-11,,,,,,,,,,
1982-11-12,,,,,,,,,10.58,9.87
1982-11-15,,,,,,,,,10.65,9.91
1982-11-16,,,,,,,,,10.67,9.9
1982-11-17,,,,,,,,,10.59,9.9
1982-11-18,,,,,,,,,10.46,9.81
1982-11-19,,,,,,,,,10.42,9.79
1982-11-22,,,,,,,,,10.43,9.73
1982-11-23,,,,,,,,,10.53,9.73
1982-11-24,,,,,,,,,10.59,9.8
1982-11-25,,,,,,,,,,
1982-11-26,,,,,,,,,10.51,9.76
1982-11-29,,,,,,,,,10.78,9.94
1982-11-30,,,,,,,,,10.79,9.96
1982-12-01,97.7,10.8,,46.8713,8.95,2872.4,,1303.0,10.74,9.96
1982-12-02,,,,,,,,,10.68,9.89
1982-12-03,,,,,,,,,10.47,9.72
1982-12-06,,,,,,,,,10.46,9.73
1982-12-07,,,,,,,,,10.48,9.72
1982-12-08,,,,,,,,,10.62,9.85
1982-12-09,,,,,,,,,10.58,9.83
1982-12-10,,,,,,,,,10.66,9.87
1982-12-13,,,,,,,,,10.61,9.84
1982-12-14,,,,,,,,,10.46,9.54
1982-12-15,,,,,,,,,10.5,9.49
1982-12-16,,,,,,,,,10.59,9.59
1982-12-17,,,,,,,,,10.64,9.66
1982-12-20,,,,,,,,,10.7,9.67
1982-12-21,,,,,,,,,10.54,9.54
1982-12-22,,,,,,,,,10.53,9.55
1982-12-23,,,,,,,,,10.47,9.52
1982-12-24,,,,,,,,,,
1982-12-27,,,,,,,,,10.44,9.54
1982-12-28,,,,,,,,,10.44,9.52
1982-12-29,,,,,,,,,10.47,9.54
1982-12-30,,,,,,,,,10.44,9.52
1982-12-31,,,,,,,,,10.36,9.48
1983-01-01,97.9,10.4,3473.413,47.7398,8.68,2882.6,,1586.0,,
1983-01-03,,,,,,,,,10.32,9.29
1983-01-04,,,,,,,,,10.37,9.43
1983-01-05,,,,,,,,,10.35,9.39
1983-01-06,,,,,,,,,10.39,9.39
1983-01-07,,,,,,,,,10.36,9.26
1983-01-10,,,,,,,,,10.38,9.24
1983-01-11,,,,,,,,,10.34,9.19
1983-01-12,,,,,,,,,10.32,9.22
1983-01-13,,,,,,,,,10.27,9.11
1983-01-14,,,,,,,,,10.28,9.09
1983-01-17,,,,,,,,,10.28,9.17
1983-01-18,,,,,,,,,10.3,9.14
1983-01-19,,,,,,,,,10.41,9.2
1983-01-20,,,,,,,,,10.43,9.26
1983-01-21,,,,,,,,,10.61,9.46
1983-01-24,,,,,,,,,10.7,9.54
1983-01-25,,,,,,,,,10.62,9.44
1983-01-26,,,,,,,,,10.69,9.52
1983-01-27,,,,,,,,,10.67,9.49
1983-01-28,,,,,,,,,10.71,9.47
1983-01-31,,,,,,,,,10.8,9.58
1983-02-01,98.0,10.4,,47.4484,8.51,2889.6,,1699.0,10.78,9.6
1983-02-02,,,,,,,,,10.88,9.71
1983-02-03,,,,,,,,,10.93,9.71
1983-02-04,,,,,,,,,10.99,9.82
1983-02-07,,,,,,,,,10.96,9.8
1983-02-08,,,,,,,,,10.99,9.83
1983-02-09,,,,,,,,,11.0,9.89
1983-02-10,,,,,,,,,10.83,9.74
1983-02-11,,,,,,,,,10.8,9.7
1983-02-14,,,,,,,,,10.8,9.78
1983-02-15,,,,,,,,,10.84,9.77
1983-02-16,,,,,,,,,10.81,9.69
1983-02-17,,,,,,,,,10.71,9.65
1983-02-18,,,,,,,,,10.6,9.56
1983-02-21,,,,,,,,,,
1983-02-22,,,,,,,,,10.46,9.41
1983-02-23,,,,,,,,,10.44,9.44
1983-02-24,,,,,,,,,10.42,9.4
1983-02-25,,,,,,,,,10.26,9.28
1983-02-28,,,,,,,,,10.27,9.31
1983-03-01,98.1,10.3,,47.8426,8.77,2907.3,,1606.0,10.22,9.26
1983-03-02,,,,,,,,,10.26,9.3
1983-03-03,,,,,,,,,10.23,9.24
1983-03-04,,,,,,,,,10.27,9.25
1983-03-07,,,,,,,,,10.43,9.46
1983-03-08,,,,,,,,,10.52,9.62
1983-03-09,,,,,,,,,10.48,9.62
1983-03-10,,,,,,,,,10.55,9.67
1983-03-11,,,,,,,,,10.59,9.66
1983-03-14,,,,,,,,,10.48,9.58
1983-03-15,,,,,,,,,10.46,9.57
1983-03-16,,,,,,,,,10.53,9.65
1983-03-17,,,,,,,,,10.56,9.71
1983-03-18,,,,,,,,,10.58,9.78
1983-03-21,,,,,,,,,10.6,9.79
1983-03-22,,,,,,,,,10.62,9.84
1983-03-23,,,,,,,,,10.58,9.81
1983-03-24,,,,,,,,,10.58,9.82
1983-03-25,,,,,,,,,10.64,9.91
1983-03-28,,,,,,,,,10.66,9.92
1983-03-29,,,,,,,,,10.6,9.88
1983-03-30,,,,,,,,,10.59,9.88
1983-03-31,,,,,,,,,10.62,9.87
1983-04-01,98.8,10.2,3578.848,48.4483,8.8,2922.9,,1472.0,,
1983-04-04,,,,,,,,,10.6,9.87
1983-04-05,,,,,,,,,10.49,9.72
1983-04-06,,,,,,,,,10.49,9.69
1983-04-07,,,,,,,,,10.51,9.67
1983-04-08,,,,,,,,,10.51,9.67
1983-04-11,,,,,,,,,10.41,9.53
1983-04-12,,,,,,,,,10.42,9.58
1983-04-13,,,,,,,,,10.39,9.57
1983-04-14,,,,,,,,,10.29,9.49
1983-04-15,,,,,,,,,10.33,9.53
1983-04-18,,,,,,,,,10.29,9.49
1983-04-19,,,,,,,,,10.39,9.58
1983-04-20,,,,,,,,,10.39,9.58
1983-04-21,,,,,,,,,10.43,9.61
1983-04-22,,,,,,,,,10.42,9.58
1983-04-25,,,,,,,,,10.4,9.52
1983-04-26,,,,,,,,,10.37,9.49
1983-04-27,,,,,,,,,10.29,9.42
1983-04-28,,,,,,,,,10.31,9.42
1983-04-29,,,,,,,,,10.27,9.35
1983-05-01,99.2,10.1,,48.747,8.63,2946.1,,1776.0,,
1983-05-02,,,,,,,,,10.26,9.29
1983-05-03,,,,,,,,,10.26,9.27
1983-05-04,,,,,,,,,10.12,9.19
1983-05-05,,,,,,,,,10.16,9.25
1983-05-06,,,,,,,,,10.13,9.17
1983-05-09,,,,,,,,,10.25,9.33
1983-05-10,,,,,,,,,10.16,9.24
1983-05-11,,,,,,,,,10.18,9.22
1983-05-12,,,,,,,,,10.23,9.29
1983-05-13,,,,,,,,,10.22,9.27
1983-05-16,,,,,,,,,10.37,9.47
1983-05-17,,,,,,,,,10.41,9.48
1983-05-18,,,,,,,,,10.43,9.49
1983-05-19,,,,,,,,,10.49,9.61
1983-05-20,,,,,,,,,10.54,9.64
1983-05-23,,,,,,,,,10.57,9.74
1983-05-24,,,,,,,,,10.56,9.75
1983-05-25,,,,,,,,,10.58,9.76
1983-05-26,,,,,,,,,10.63,9.89
1983-05-27,,,,,,,,,10.62,9.9
1983-05-30,,,,,,,,,,
1983-05-31,,,,,,,,,10.81,10.02
1983-06-01,99.4,10.1,,49.0434,8.98,2961.2,,1733.0,10.77,9.97
1983-06-02,,,,,,,,,10.78,9.96
1983-06-03,,,,,,,,,10.79,10.01
1983-06-06,,,,,,,,,10.79,10.09
1983-06-07,,,,,,,,,10.85,10.18
1983-06-08,,,,,,,,,10.92,10.2
1983-06-09,,,,,,,,,10.88,10.12
1983-06-10,,,,,,,,,10.89,10.2
1983-06-13,,,,,,,,,10.75,10.11
1983-06-14,,,,,,,,,10.77,10.09
1983-06-15,,,,,,,,,10.72,10.06
1983-06-16,,,,,,,,,10.64,10.05
1983-06-17,,,,,,,,,10.68,10.07
1983-06-20,,,,,,,,,10.8,10.26
1983-06-21,,,,,,,,,10.79,10.27
1983-06-22,,,,,,,,,10.83,10.31
1983-06-23,,,,,,,,,10.9,10.33
1983-06-24,,,,,,,,,11.02,10.43
1983-06-27,,,,,,,,,11.11,10.44
1983-06-28,,,,,,,,,11.04,10.35
1983-06-29,,,,,,,,,10.99,10.27
1983-06-30,,,,,,,,,10.96,10.23
1983-07-01,99.8,9.4,3689.179,49.7739,9.37,2986.3,,1785.0,10.93,10.17
1983-07-04,,,,,,,,,,
1983-07-05,,,,,,,,,11.21,10.52
1983-07-06,,,,,,,,,11.16,10.49
1983-07-07,,,,,,,,,11.29,10.59
1983-07-08,,,,,,,,,11.33,10.69
1983-07-11,,,,,,,,,11.28,10.56
1983-07-12,,,,,,,,,11.42,10.74
1983-07-13,,,,,,,,,11.4,10.71
1983-07-14,,,,,,,,,11.38,10.72
1983-07-15,,,,,,,,,11.51,10.82
1983-07-18,,,,,,,,,11.41,10.76
1983-07-19,,,,,,,,,11.36,10.69
1983-07-20,,,,,,,,,11.28,10.64
1983-07-21,,,,,,,,,11.32,10.66
1983-07-22,,,,,,,,,11.43,10.77
1983-07-25,,,,,,,,,11.41,10.74
1983-07-26,,,,,,,,,11.49,10.77
1983-07-27,,,,,,,,,11.51,10.77
1983-07-28,,,,,,,,,11.66,10.86
1983-07-29,,,,,,,,,11.76,11.03
1983-08-01,100.1,9.5,,50.364,9.56,2994.7,,1910.0,11.8,11.09
1983-08-02,,,,,,,,,11.82,11.14
1983-08-03,,,,,,,,,11.92,11.13
1983-08-04,,,,,,,,,12.12,11.27
1983-08-05,,,,,,,,,12.1,11.27
1983-08-08,,,,,,,,,12.2,11.37
1983-08-09,,,,,,,,,12.13,11.33
1983-08-10,,,,,,,,,12.17,11.41
1983-08-11,,,,,,,,,12.04,11.32
1983-08-12,,,,,,,,,11.96,11.27
1983-08-15,,,,,,,,,11.76,11.08
1983-08-16,,,,,,,,,11.71,10.97
1983-08-17,,,,,,,,,11.65,10.86
1983-08-18,,,,,,,,,11.7,10.85
1983-08-19,,,,,,,,,11.72,10.9
1983-08-22,,,,,,,,,11.54,10.75
1983-08-23,,,,,,,,,11.57,10.79
1983-08-24,,,,,,,,,11.54,10.76
1983-08-25,,,,,,,,,11.62,10.83
1983-08-26,,,,,,,,,11.65,10.88
1983-08-29,,,,,,,,,11.86,11.09
1983-08-30,,,,,,,,,11.9,11.08
1983-08-31,,,,,,,,,11.98,11.18
1983-09-01,100.4,9.2,,51.0937,9.45,3025.6,,1710.0,11.97,11.16
1983-09-02,,,,,,,,,12.01,11.18
1983-09-05,,,,,,,,,,
1983-09-06,,,,,,,,,11.85,11.03
1983-09-07,,,,,,,,,11.7,10.88
1983-09-08,,,,,,,,,11.77,10.95
1983-09-09,,,,,,,,,11.73,10.93
1983-09-12,,,,,,,,,11.56,10.71
1983-09-13,,,,,,,,,11.63,10.77
1983-09-14,,,,,,,,,11.76,10.88
1983-09-15,,,,,,,,,11.82,10.95
1983-09-16,,,,,,,,,11.68,10.83
1983-09-19,,,,,,,,,11.66,10.72
1983-09-20,,,,,,,,,11.57,10.7
1983-09-21,,,,,,,,,11.64,10.73
1983-09-22,,,,,,,,,11.6,10.74
1983-09-23,,,,,,,,,11.49,10.61
1983-09-26,,,,,,,,,11.41,10.49
1983-09-27,,,,,,,,,11.45,10.57
1983-09-28,,,,,,,,,11.49,10.59
1983-09-29,,,,,,,,,11.5,10.64
1983-09-30,,,,,,,,,11.44,10.53
1983-10-01,100.8,8.8,3794.706,51.4902,9.48,3059.6,,1715.0,,
1983-10-03,,,,,,,,,11.47,10.55
1983-10-04,,,,,,,,,11.46,10.56
1983-10-05,,,,,,,,,11.35,10.45
1983-10-06,,,,,,,,,11.31,10.42
1983-10-07,,,,,,,,,11.33,10.45
1983-10-10,,,,,,,,,,
1983-10-11,,,,,,,,,11.57,10.68
1983-10-12,,,,,,,,,11.59,10.65
1983-10-13,,,,,,,,,11.65,10.71
1983-10-14,,,,,,,,,11.58,10.65
1983-10-17,,,,,,,,,11.47,10.49
1983-10-18,,,,,,,,,11.49,10.48
1983-10-19,,,,,,,,,11.49,10.55
1983-10-20,,,,,,,,,11.47,10.54
1983-10-21,,,,,,,,,11.43,10.48
1983-10-24,,,,,,,,,11.66,10.68
1983-10-25,,,,,,,,,11.7,10.63
1983-10-26,,,,,,,,,11.72,10.63
1983-10-27,,,,,,,,,11.66,10.6
1983-10-28,,,,,,,,,11.68,10.61
1983-10-31,,,,,,,,,11.74,10.61
1983-11-01,101.1,8.5,,51.721,9.34,3088.1,,1785.0,11.69,10.64
1983-11-02,,,,,,,,,11.7,10.62
1983-11-03,,,,,,,,,11.75,10.63
1983-11-04,,,,,,,,,11.85,10.76
1983-11-07,,,,,,,,,11.85,10.79
1983-11-08,,,,,,,,,,
1983-11-09,,,,,,,,,11.84,10.74
1983-11-10,,,,,,,,,11.71,10.63
1983-11-11,,,,,,,,,,
1983-11-14,,,,,,,,,11.68,10.6
1983-11-15,,,,,,,,,11.7,10.66
1983-11-16,,,,,,,,,11.7,10.66
1983-11-17,,,,,,,,,11.72,10.68
1983-11-18,,,,,,,,,11.72,10.68
1983-11-21,,,,,,,,,11.65,10.65
1983-11-22,,,,,,,,,11.57,10.6
1983-11-23,,,,,,,,,11.59,10.64
1983-11-24,,,,,,,,,,
1983-11-25,,,,,,,,,11.55,10.63
1983-11-28,,,,,,,,,11.63,10.69
1983-11-29,,,,,,,,,11.58,10.65
1983-11-30,,,,,,,,,11.63,10.67
1983-12-01,101.4,8.3,,51.9769,9.47,3116.8,,1688.0,11.63,10.66
1983-12-02,,,,,,,,,11.75,10.77
1983-12-05,,,,,,,,,11.78,10.8
1983-12-06,,,,,,,,,11.76,10.74
1983-12-07,,,,,,,,,11.79,10.75
1983-12-08,,,,,,,,,11.89,10.83
1983-12-09,,,,,,,,,11.9,10.85
1983-12-12,,,,,,,,,11.87,10.82
1983-12-13,,,,,,,,,11.95,10.93
1983-12-14,,,,,,,,,11.97,10.92
1983-12-15,,,,,,,,,11.96,10.93
1983-12-16,,,,,,,,,11.88,10.87
1983-12-19,,,,,,,,,11.87,10.87
1983-12-20,,,,,,,,,11.86,10.87
1983-12-21,,,,,,,,,11.83,10.88
1983-12-22,,,,,,,,,11.77,10.83
1983-12-23,,,,,,,,,11.79,10.86
1983-12-26,,,,,,,,,,
1983-12-27,,,,,,,,,11.75,10.85
1983-12-28,,,,,,,,,11.81,10.85
1983-12-29,,,,,,,,,11.79,10.84
1983-12-30,,,,,,,,,11.82,10.85
1984-01-01,102.1,8.0,3908.054,53.0088,9.56,3140.7,,1897.0,,
1984-01-02,,,,,,,,,,
1984-01-03,,,,,,,,,11.86,10.87
1984-01-04,,,,,,,,,11.78,10.77
1984-01-05,,,,,,,,,11.77,10.75
1984-01-06,,,,,,,,,11.73,10.68
1984-01-09,,,,,,,,,11.75,10.73
1984-01-10,,,,,,,,,11.71,10.66
1984-01-11,,,,,,,,,11.76,10.72
1984-01-12,,,,,,,,,11.76,10.71
1984-01-13,,,,,,,,,11.59,10.5
1984-01-16,,,,,,,,,11.54,10.52
1984-01-17,,,,,,,,,11.57,10.55
1984-01-18,,,,,,,,,11.61,10.58
1984-01-19,,,,,,,,,11.6,10.57
1984-01-20,,,,,,,,,11.64,10.6
1984-01-23,,,,,,,,,11.63,10.61
1984-01-24,,,,,,,,,11.63,10.63
1984-01-25,,,,,,,,,11.64,10.65
1984-01-26,,,,,,,,,11.63,10.62
1984-01-27,,,,,,,,,11.63,10.62
1984-01-30,,,,,,,,,11.66,10.57
1984-01-31,,,,,,,,,11.67,10.58
1984-02-01,102.6,7.8,,53.2486,9.59,3179.4,,2260.0,11.64,10.56
1984-02-02,,,,,,,,,11.6,10.54
1984-02-03,,,,,,,,,11.6,10.53
1984-02-06,,,,,,,,,11.7,10.67
1984-02-07,,,,,,,,,11.71,10.66
1984-02-08,,,,,,,,,11.72,10.65
1984-02-09,,,,,,,,,11.73,10.66
1984-02-10,,,,,,,,,11.83,10.73
1984-02-13,,,,,,,,,,
1984-02-14,,,,,,,,,11.85,10.78
1984-02-15,,,,,,,,,11.81,10.73
1984-02-16,,,,,,,,,11.83,10.75
1984-02-17,,,,,,,,,11.92,10.87
1984-02-20,,,,,,,,,,
1984-02-21,,,,,,,,,11.91,10.85
1984-02-22,,,,,,,,,11.93,10.92
1984-02-23,,,,,,,,,12.05,11.03
1984-02-24,,,,,,,,,11.99,10.94
1984-02-27,,,,,,,,,12.05,11.02
1984-02-28,,,,,,,,,12.09,11.04
1984-02-29,,,,,,,,,12.04,10.99
1984-03-01,102.9,7.8,,53.5028,9.91,3208.7,,1663.0,12.07,11.05
1984-03-02,,,,,,,,,11.99,10.92
1984-03-05,,,,,,,,,12.07,11.01
1984-03-06,,,,,,,,,12.09,11.01
1984-03-07,,,,,,,,,12.22,11.08
1984-03-08,,,,,,,,,12.24,11.15
1984-03-09,,,,,,,,,12.28,11.19
1984-03-12,,,,,,,,,12.24,11.18
1984-03-13,,,,,,,,,12.27,11.22
1984-03-14,,,,,,,,,12.31,11.26
1984-03-15,,,,,,,,,12.31,11.28
1984-03-16,,,,,,,,,12.34,11.27
1984-03-19,,,,,,,,,12.45,11.39
1984-03-20,,,,,,,,,12.44,11.45
1984-03-21,,,,,,,,,12.45,11.57
1984-03-22,,,,,,,,,12.49,11.59
1984-03-23,,,,,,,,,12.48,11.59
1984-03-26,,,,,,,,,12.46,11.56
1984-03-27,,,,,,,,,12.46,11.58
1984-03-28,,,,,,,,,12.42,11.48
1984-03-29,,,,,,,,,12.41,11.49
1984-03-30,,,,,,,,,12.53,11.6
1984-04-01,103.3,7.7,4009.601,53.8233,10.29,3241.3,,1851.0,,
1984-04-02,,,,,,,,,12.56,11.61
1984-04-03,,,,,,,,,12.65,11.73
1984-04-04,,,,,,,,,12.67,11.76
1984-04-05,,,,,,,,,12.65,11.7
1984-04-06,,,,,,,,,12.51,11.55
1984-04-09,,,,,,,,,12.47,11.55
1984-04-10,,,,,,,,,12.52,11.54
1984-04-11,,,,,,,,,12.5,11.53
1984-04-12,,,,,,,,,12.4,11.49
1984-04-13,,,,,,,,,12.57,11.66
1984-04-16,,,,,,,,,12.61,11.7
1984-04-17,,,,,,,,,12.57,11.59
1984-04-18,,,,,,,,,12.7,11.69
1984-04-19,,,,,,,,,12.77,11.77
1984-04-20,,,,,,,,,,
1984-04-23,,,,,,,,,12.8,11.78
1984-04-24,,,,,,,,,12.75,11.73
1984-04-25,,,,,,,,,12.69,11.79
1984-04-26,,,,,,,,,12.67,11.77
1984-04-27,,,,,,,,,12.79,11.89
1984-04-30,,,,,,,,,12.82,11.89
1984-05-01,103.5,7.4,,54.1104,10.32,3252.3,,1774.0,12.82,11.88
1984-05-02,,,,,,,,,12.86,11.92
1984-05-03,,,,,,,,,12.89,11.96
1984-05-04,,,,,,,,,13.07,12.15
1984-05-07,,,,,,,,,13.13,12.24
1984-05-08,,,,,,,,,13.09,12.23
1984-05-09,,,,,,,,,13.21,12.32
1984-05-10,,,,,,,,,13.25,12.32
1984-05-11,,,,,,,,,13.46,12.55
1984-05-14,,,,,,,,,13.58,12.57
1984-05-15,,,,,,,,,13.48,12.51
1984-05-16,,,,,,,,,13.41,12.42
1984-05-17,,,,,,,,,13.54,12.51
1984-05-18,,,,,,,,,13.45,12.47
1984-05-21,,,,,,,,,13.43,12.48
1984-05-22,,,,,,,,,13.52,12.58
1984-05-23,,,,,,,,,13.54,12.67
1984-05-24,,,,,,,,,13.72,12.77
1984-05-25,,,,,,,,,13.75,12.77
1984-05-28,,,,,,,,,,
1984-05-29,,,,,,,,,13.89,12.98
1984-05-30,,,,,,,,,13.99,13.04
1984-05-31,,,,,,,,,13.91,13.0
1984-06-01,103.7,7.2,,54.3075,11.06,3282.4,,1843.0,13.63,12.72
1984-06-04,,,,,,,,,13.42,12.63
1984-06-05,,,,,,,,,13.37,12.6
1984-06-06,,,,,,,,,13.54,12.75
1984-06-07,,,,,,,,,13.54,12.81
1984-06-08,,,,,,,,,13.46,12.74
1984-06-11,,,,,,,,,13.58,13.0
1984-06-12,,,,,,,,,13.54,12.92
1984-06-13,,,,,,,,,13.44,12.83
1984-06-14,,,,,,,,,13.39,12.75
1984-06-15,,,,,,,,,13.21,12.63
1984-06-18,,,,,,,,,13.27,12.75
1984-06-19,,,,,,,,,13.38,12.79
1984-06-20,,,,,,,,,13.65,13.08
1984-06-21,,,,,,,,,13.72,13.14
1984-06-22,,,,,,,,,13.74,13.15
1984-06-25,,,,,,,,,13.75,13.12
1984-06-26,,,,,,,,,13.79,13.17
1984-06-27,,,,,,,,,13.76,13.12
1984-06-28,,,,,,,,,13.8,13.17
1984-06-29,,,,,,,,,13.84,13.17
1984-07-01,104.1,7.5,4084.25,54.4587,11.23,3301.4,,1732.0,,
1984-07-02,,,,,,,,,13.87,13.17
1984-07-03,,,,,,,,,13.8,13.12
1984-07-04,,,,,,,,,,
1984-07-05,,,,,,,,,13.77,13.07
1984-07-06,,,,,,,,,13.75,13.13
1984-07-09,,,,,,,,,13.48,12.96
1984-07-10,,,,,,,,,13.53,13.0
1984-07-11,,,,,,,,,13.55,13.06
1984-07-12,,,,,,,,,13.42,12.96
1984-07-13,,,,,,,,,13.3,12.85
1984-07-16,,,,,,,,,13.32,12.89
1984-07-17,,,,,,,,,13.37,12.93
1984-07-18,,,,,,,,,13.32,12.89
1984-07-19,,,,,,,,,13.25,12.82
1984-07-20,,,,,,,,,13.36,12.85
1984-07-23,,,,,,,,,13.35,12.87
1984-07-24,,,,,,,,,13.31,12.85
1984-07-25,,,,,,,,,13.06,12.64
1984-07-26,,,,,,,,,12.89,12.55
1984-07-27,,,,,,,,,12.95,12.59
1984-07-30,,,,,,,,,13.05,12.66
1984-07-31,,,,,,,,,12.91,12.57
1984-08-01,104.4,7.5,,54.5239,11.64,3333.2,,1586.0,12.81,12.48
1984-08-02,,,,,,,,,12.74,12.48
1984-08-03,,,,,,,,,12.61,12.3
1984-08-06,,,,,,,,,12.73,12.42
1984-08-07,,,,,,,,,12.69,12.41
1984-08-08,,,,,,,,,12.66,12.37
1984-08-09,,,,,,,,,12.61,12.33
1984-08-10,,,,,,,,,12.68,12.35
1984-08-13,,,,,,,,,12.74,12.45
1984-08-14,,,,,,,,,12.67,12.34
1984-08-15,,,,,,,,,12.74,12.39
1984-08-16,,,,,,,,,12.7,12.4
1984-08-17,,,,,,,,,12.7,12.4
1984-08-20,,,,,,,,,12.69,12.42
1984-08-21,,,,,,,,,12.62,12.41
1984-08-22,,,,,,,,,12.65,12.45
1984-08-23,,,,,,,,,12.69,12.44
1984-08-24,,,,,,,,,12.66,12.41
1984-08-27,,,,,,,,,12.81,12.54
1984-08-28,,,,,,,,,12.81,12.54
1984-08-29,,,,,,,,,12.83,12.56
1984-08-30,,,,,,,,,12.84,12.56
1984-08-31,,,,,,,,,12.79,12.54
1984-09-01,104.7,7.3,,54.3696,11.3,3363.3,,1698.0,,
1984-09-03,,,,,,,,,,
1984-09-04,,,,,,,,,12.88,12.59
1984-09-05,,,,,,,,,12.92,12.63
1984-09-06,,,,,,,,,12.81,12.54
1984-09-07,,,,,,,,,12.7,12.45
1984-09-10,,,,,,,,,12.62,12.27
1984-09-11,,,,,,,,,12.54,12.26
1984-09-12,,,,,,,,,12.55,12.3
1984-09-13,,,,,,,,,12.44,12.21
1984-09-14,,,,,,,,,12.42,12.15
1984-09-17,,,,,,,,,12.4,12.16
1984-09-18,,,,,,,,,12.35,12.1
1984-09-19,,,,,,,,,12.25,11.94
1984-09-20,,,,,,,,,12.28,11.94
1984-09-21,,,,,,,,,12.45,12.06
1984-09-24,,,,,,,,,12.52,12.1
1984-09-25,,,,,,,,,12.56,12.12
1984-09-26,,,,,,,,,12.46,12.05
1984-09-27,,,,,,,,,12.31,11.95
1984-09-28,,,,,,,,,12.47,12.07
1984-10-01,105.1,7.4,4148.551,54.3474,9.99,3361.4,,1590.0,12.54,12.09
1984-10-02,,,,,,,,,12.54,12.07
1984-10-03,,,,,,,,,12.54,12.06
1984-10-04,,,,,,,,,12.52,12.02
1984-10-05,,,,,,,,,12.39,11.93
1984-10-08,,,,,,,,,,
1984-10-09,,,,,,,,,12.36,11.87
1984-10-10,,,,,,,,,12.36,11.89
1984-10-11,,,,,,,,,12.31,11.78
1984-10-12,,,,,,,,,12.28,11.72
1984-10-15,,,,,,,,,12.34,11.78
1984-10-16,,,,,,,,,12.32,11.77
1984-10-17,,,,,,,,,12.28,11.7
1984-10-18,,,,,,,,,12.09,11.53
1984-10-19,,,,,,,,,11.93,11.39
1984-10-22,,,,,,,,,11.9,11.35
1984-10-23,,,,,,,,,11.78,11.17
1984-10-24,,,,,,,,,11.74,11.1
1984-10-25,,,,,,,,,11.83,11.13
1984-10-26,,,,,,,,,11.99,11.33
1984-10-29,,,,,,,,,11.95,11.3
1984-10-30,,,,,,,,,11.75,11.13
1984-10-31,,,,,,,,,11.79,11.09
1984-11-01,105.3,7.2,,54.529,9.43,3383.8,,1689.0,11.66,10.93
1984-11-02,,,,,,,,,11.66,10.96
1984-11-05,,,,,,,,,11.6,10.79
1984-11-06,,,,,,,,,,
1984-11-07,,,,,,,,,11.72,10.8
1984-11-08,,,,,,,,,11.81,10.95
1984-11-09,,,,,,,,,11.71,10.81
1984-11-12,,,,,,,,,,
1984-11-13,,,,,,,,,11.78,10.89
1984-11-14,,,,,,,,,11.81,10.91
1984-11-15,,,,,,,,,11.73,10.78
1984-11-16,,,,,,,,,11.69,10.71
1984-11-19,,,,,,,,,11.61,10.67
1984-11-20,,,,,,,,,11.53,10.59
1984-11-21,,,,,,,,,11.39,10.39
1984-11-22,,,,,,,,,,
1984-11-23,,,,,,,,,11.24,10.29
1984-11-26,,,,,,,,,11.28,10.33
1984-11-27,,,,,,,,,11.28,10.31
1984-11-28,,,,,,,,,11.38,10.35
1984-11-29,,,,,,,,,11.42,10.37
1984-11-30,,,,,,,,,11.58,10.5
1984-12-01,105.5,7.3,,54.5556,8.38,3416.4,,1612.0,,
1984-12-03,,,,,,,,,11.56,10.5
1984-12-04,,,,,,,,,11.52,10.44
1984-12-05,,,,,,,,,11.52,10.4
1984-12-06,,,,,,,,,11.61,10.49
1984-12-07,,,,,,,,,11.7,10.51
1984-12-10,,,,,,,,,11.66,10.47
1984-12-11,,,,,,,,,11.57,10.4
1984-12-12,,,,,,,,,11.54,10.35
1984-12-13,,,,,,,,,11.7,10.4
1984-12-14,,,,,,,,,11.56,10.2
1984-12-17,,,,,,,,,11.49,10.07
1984-12-18,,,,,,,,,11.29,9.85
1984-12-19,,,,,,,,,11.34,9.89
1984-12-20,,,,,,,,,11.37,9.94
1984-12-21,,,,,,,,,11.34,9.94
1984-12-24,,,,,,,,,11.31,9.83
1984-12-25,,,,,,,,,,
1984-12-26,,,,,,,,,11.45,9.95
1984-12-27,,,,,,,,,11.45,9.96
1984-12-28,,,,,,,,,11.46,10.02
1984-12-31,,,,,,,,,11.55,10.02
1985-01-01,105.7,7.3,4230.168,54.527,8.35,3429.7,,1711.0,,
1985-01-02,,,,,,,,,11.7,10.03
1985-01-03,,,,,,,,,11.62,10.06
1985-01-04,,,,,,,,,11.67,10.08
1985-01-07,,,,,,,,,11.5,10.01
1985-01-08,,,,,,,,,11.45,9.99
1985-01-09,,,,,,,,,11.47,9.95
1985-01-10,,,,,,,,,11.48,10.0
1985-01-11,,,,,,,,,11.59,10.08
1985-01-14,,,,,,,,,11.6,10.07
1985-01-15,,,,,,,,,11.49,10.0
1985-01-16,,,,,,,,,11.51,9.99
1985-01-17,,,,,,,,,11.48,9.98
1985-01-18,,,,,,,,,11.39,9.91
1985-01-21,,,,,,,,,,
1985-01-22,,,,,,,,,11.27,9.83
1985-01-23,,,,,,,,,11.21,9.83
1985-01-24,,,,,,,,,11.06,9.74
1985-01-25,,,,,,,,,11.11,9.76
1985-01-28,,,,,,,,,11.11,9.79
1985-01-29,,,,,,,,,11.11,9.79
1985-01-30,,,,,,,,,11.08,9.76
1985-01-31,,,,,,,,,11.17,9.9
1985-02-01,106.3,7.2,,54.6871,8.5,3448.3,,1632.0,11.29,10.04
1985-02-04,,,,,,,,,11.35,10.03
1985-02-05,,,,,,,,,11.3,9.99
1985-02-06,,,,,,,,,11.4,10.03
1985-02-07,,,,,,,,,11.41,10.06
1985-02-08,,,,,,,,,11.37,10.03
1985-02-11,,,,,,,,,11.42,10.06
1985-02-12,,,,,,,,,,
1985-02-13,,,,,,,,,11.39,10.03
1985-02-14,,,,,,,,,11.29,9.98
1985-02-15,,,,,,,,,11.38,10.02
1985-02-18,,,,,,,,,,
1985-02-19,,,,,,,,,11.37,10.01
1985-02-20,,,,,,,,,11.52,10.13
1985-02-21,,,,,,,,,11.64,10.29
1985-02-22,,,,,,,,,11.76,10.34
1985-02-25,,,,,,,,,11.75,10.36
1985-02-26,,,,,,,,,11.72,10.36
1985-02-27,,,,,,,,,11.89,10.56
1985-02-28,,,,,,,,,11.91,10.66
1985-03-01,106.8,7.2,,54.7673,8.58,3476.5,,1800.0,11.86,10.73
1985-03-04,,,,,,,,,11.93,10.78
1985-03-05,,,,,,,,,11.86,10.71
1985-03-06,,,,,,,,,11.92,10.75
1985-03-07,,,,,,,,,11.94,10.83
1985-03-08,,,,,,,,,11.71,10.56
1985-03-11,,,,,,,,,11.72,10.56
1985-03-12,,,,,,,,,11.78,10.62
1985-03-13,,,,,,,,,11.9,10.79
1985-03-14,,,,,,,,,11.92,10.86
1985-03-15,,,,,,,,,11.93,10.82
1985-03-18,,,,,,,,,12.02,10.89
1985-03-19,,,,,,,,,11.99,10.85
1985-03-20,,,,,,,,,11.91,10.85
1985-03-21,,,,,,,,,11.82,10.69
1985-03-22,,,,,,,,,11.88,10.75
1985-03-25,,,,,,,,,11.86,10.71
1985-03-26,,,,,,,,,11.77,10.63
1985-03-27,,,,,,,,,11.84,10.63
1985-03-28,,,,,,,,,11.75,10.53
1985-03-29,,,,,,,,,11.65,10.43
1985-04-01,107.0,7.3,4294.887,54.6467,8.27,3475.1,,1821.0,11.66,10.45
1985-04-02,,,,,,,,,11.7,10.48
1985-04-03,,,,,,,,,11.73,10.49
1985-04-04,,,,,,,,,11.75,10.53
1985-04-05,,,,,,,,,,
1985-04-08,,,,,,,,,11.77,10.49
1985-04-09,,,,,,,,,11.66,10.38
1985-04-10,,,,,,,,,11.58,10.31
1985-04-11,,,,,,,,,11.42,10.12
1985-04-12,,,,,,,,,11.43,10.13
1985-04-15,,,,,,,,,11.37,10.09
1985-04-16,,,,,,,,,11.25,9.86
1985-04-17,,,,,,,,,11.29,9.93
1985-04-18,,,,,,,,,11.13,9.73
1985-04-19,,,,,,,,,11.16,9.81
1985-04-22,,,,,,,,,11.13,9.72
1985-04-23,,,,,,,,,11.25,9.88
1985-04-24,,,,,,,,,11.25,9.81
1985-04-25,,,,,,,,,11.37,9.9
1985-04-26,,,,,,,,,11.35,9.88
1985-04-29,,,,,,,,,11.47,9.97
1985-04-30,,,,,,,,,11.41,9.91
1985-05-01,107.2,7.2,,54.7396,7.97,3490.9,,1680.0,11.27,9.82
1985-05-02,,,,,,,,,11.29,9.86
1985-05-03,,,,,,,,,11.21,9.71
1985-05-06,,,,,,,,,11.19,9.7
1985-05-07,,,,,,,,,11.17,9.66
1985-05-08,,,,,,,,,11.26,9.73
1985-05-09,,,,,,,,,11.2,9.67
1985-05-10,,,,,,,,,11.04,9.62
1985-05-13,,,,,,,,,11.04,9.64
1985-05-14,,,,,,,,,10.87,9.47
1985-05-15,,,,,,,,,10.89,9.4
1985-05-16,,,,,,,,,10.81,9.31
1985-05-17,,,,,,,,,10.84,9.37
1985-05-20,,,,,,,,,10.56,9.1
1985-05-21,,,,,,,,,10.6,9.11
1985-05-22,,,,,,,,,10.62,9.11
1985-05-23,,,,,,,,,10.64,9.21
1985-05-24,,,,,,,,,10.57,9.13
1985-05-27,,,,,,,,,,
1985-05-28,,,,,,,,,10.43,9.05
1985-05-29,,,,,,,,,10.46,9.05
1985-05-30,,,,,,,,,10.39,9.03
1985-05-31,,,,,,,,,10.28,8.92
1985-06-01,107.5,7.4,,54.711,7.53,3512.8,,1676.0,,
1985-06-03,,,,,,,,,10.05,8.72
1985-06-04,,,,,,,,,10.05,8.68
1985-06-05,,,,,,,,,9.83,8.42
1985-06-06,,,,,,,,,9.89,8.51
1985-06-07,,,,,,,,,10.19,8.82
1985-06-10,,,,,,,,,10.16,8.87
1985-06-11,,,,,,,,,10.08,8.78
1985-06-12,,,,,,,,,10.16,8.76
1985-06-13,,,,,,,,,10.21,8.76
1985-06-14,,,,,,,,,9.98,8.45
1985-06-17,,,,,,,,,9.97,8.48
1985-06-18,,,,,,,,,9.9,8.37
1985-06-19,,,,,,,,,10.04,8.5
1985-06-20,,,,,,,,,10.14,8.59
1985-06-21,,,,,,,,,10.34,8.8
1985-06-24,,,,,,,,,10.45,8.87
1985-06-25,,,,,,,,,10.5,8.96
1985-06-26,,,,,,,,,10.54,8.94
1985-06-27,,,,,,,,,10.39,8.81
1985-06-28,,,,,,,,,10.25,8.67
1985-07-01,107.7,7.4,4386.773,54.4365,7.88,3526.6,,1684.0,10.19,8.66
1985-07-02,,,,,,,,,10.2,8.66
1985-07-03,,,,,,,,,10.23,8.66
1985-07-04,,,,,,,,,,
1985-07-05,,,,,,,,,9.93,8.36
1985-07-08,,,,,,,,,10.05,8.52
1985-07-09,,,,,,,,,10.05,8.52
1985-07-10,,,,,,,,,10.07,8.55
1985-07-11,,,,,,,,,10.22,8.73
1985-07-12,,,,,,,,,10.23,8.78
1985-07-15,,,,,,,,,10.22,8.76
1985-07-16,,,,,,,,,10.15,8.67
1985-07-17,,,,,,,,,10.12,8.63
1985-07-18,,,,,,,,,10.3,8.76
1985-07-19,,,,,,,,,10.34,8.82
1985-07-22,,,,,,,,,10.46,8.95
1985-07-23,,,,,,,,,10.47,8.97
1985-07-24,,,,,,,,,10.51,8.99
1985-07-25,,,,,,,,,10.52,8.96
1985-07-26,,,,,,,,,10.59,8.98
1985-07-29,,,,,,,,,10.67,9.03
1985-07-30,,,,,,,,,10.66,9.04
1985-07-31,,,,,,,,,10.57,9.01
1985-08-01,107.9,7.1,,54.6121,7.9,3538.1,,1743.0,10.51,9.04
1985-08-02,,,,,,,,,10.66,9.15
1985-08-05,,,,,,,,,10.64,9.13
1985-08-06,,,,,,,,,10.65,9.13
1985-08-07,,,,,,,,,10.55,9.08
1985-08-08,,,,,,,,,10.43,8.99
1985-08-09,,,,,,,,,10.37,8.95
1985-08-12,,,,,,,,,10.38,8.95
1985-08-13,,,,,,,,,10.46,8.96
1985-08-14,,,,,,,,,10.38,8.96
1985-08-15,,,,,,,,,10.36,8.96
1985-08-16,,,,,,,,,10.26,8.9
1985-08-19,,,,,,,,,10.23,8.89
1985-08-20,,,,,,,,,10.2,8.86
1985-08-21,,,,,,,,,10.12,8.82
1985-08-22,,,,,,,,,10.1,8.81
1985-08-23,,,,,,,,,10.14,8.87
1985-08-26,,,,,,,,,10.18,8.88
1985-08-27,,,,,,,,,10.12,8.81
1985-08-28,,,,,,,,,10.16,8.85
1985-08-29,,,,,,,,,10.12,8.81
1985-08-30,,,,,,,,,10.28,8.96
1985-09-01,108.1,7.1,,54.8147,7.92,3560.4,,1676.0,,
1985-09-02,,,,,,,,,,
1985-09-03,,,,,,,,,10.24,8.95
1985-09-04,,,,,,,,,10.16,8.85
1985-09-05,,,,,,,,,10.27,8.92
1985-09-06,,,,,,,,,10.5,9.15
1985-09-09,,,,,,,,,10.49,9.13
1985-09-10,,,,,,,,,10.48,9.1
1985-09-11,,,,,,,,,10.51,9.13
1985-09-12,,,,,,,,,10.52,9.15
1985-09-13,,,,,,,,,10.4,9.03
1985-09-16,,,,,,,,,10.37,8.99
1985-09-17,,,,,,,,,10.41,9.05
1985-09-18,,,,,,,,,10.43,9.07
1985-09-19,,,,,,,,,10.43,9.13
1985-09-20,,,,,,,,,10.36,9.01
1985-09-23,,,,,,,,,10.39,8.89
1985-09-24,,,,,,,,,10.33,8.82
1985-09-25,,,,,,,,,10.27,8.71
1985-09-26,,,,,,,,,10.22,8.72
1985-09-27,,,,,,,,,,
1985-09-30,,,,,,,,,10.31,8.88
1985-10-01,108.5,7.1,4444.094,54.6228,7.99,3583.4,,1834.0,10.29,8.83
1985-10-02,,,,,,,,,10.3,8.84
1985-10-03,,,,,,,,,10.32,8.84
1985-10-04,,,,,,,,,10.36,8.84
1985-10-07,,,,,,,,,10.42,8.97
1985-10-08,,,,,,,,,10.36,8.96
1985-10-09,,,,,,,,,10.37,8.97
1985-10-10,,,,,,,,,10.35,8.96
1985-10-11,,,,,,,,,10.34,8.96
1985-10-14,,,,,,,,,,
1985-10-15,,,,,,,,,10.3,8.94
1985-10-16,,,,,,,,,10.25,8.89
1985-10-17,,,,,,,,,10.21,8.85
1985-10-18,,,,,,,,,10.17,8.81
1985-10-21,,,,,,,,,10.18,8.83
1985-10-22,,,,,,,,,10.12,8.8
1985-10-23,,,,,,,,,10.14,8.84
1985-10-24,,,,,,,,,10.15,8.9
1985-10-25,,,,,,,,,10.21,8.88
1985-10-28,,,,,,,,,10.28,8.91
1985-10-29,,,,,,,,,10.11,8.82
1985-10-30,,,,,,,,,9.97,8.68
1985-10-31,,,,,,,,,10.01,8.7
1985-11-01,109.0,7.0,,54.8123,8.05,3599.4,,1698.0,9.98,8.7
1985-11-04,,,,,,,,,9.98,8.71
1985-11-05,,,,,,,,,9.93,8.69
1985-11-06,,,,,,,,,9.93,8.67
1985-11-07,,,,,,,,,9.91,8.67
1985-11-08,,,,,,,,,9.84,8.57
1985-11-11,,,,,,,,,,
1985-11-12,,,,,,,,,9.74,8.53
1985-11-13,,,,,,,,,9.78,8.58
1985-11-14,,,,,,,,,9.84,8.63
1985-11-15,,,,,,,,,9.92,8.66
1985-11-18,,,,,,,,,9.72,8.51
1985-11-19,,,,,,,,,9.73,8.52
1985-11-20,,,,,,,,,9.72,8.54
1985-11-21,,,,,,,,,9.58,8.51
1985-11-22,,,,,,,,,9.66,8.52
1985-11-25,,,,,,,,,9.68,8.52
1985-11-26,,,,,,,,,9.68,8.53
1985-11-27,,,,,,,,,9.64,8.52
1985-11-28,,,,,,,,,,
1985-11-29,,,,,,,,,9.59,8.46
1985-12-01,109.5,7.0,,55.3553,8.27,3633.5,,1942.0,,
1985-12-02,,,,,,,,,9.69,8.54
1985-12-03,,,,,,,,,9.68,8.52
1985-12-04,,,,,,,,,9.63,8.49
1985-12-05,,,,,,,,,9.62,8.47
1985-12-06,,,,,,,,,9.65,8.47
1985-12-09,,,,,,,,,9.49,8.35
1985-12-10,,,,,,,,,9.36,8.23
1985-12-11,,,,,,,,,9.2,8.0
1985-12-12,,,,,,,,,9.27,8.07
1985-12-13,,,,,,,,,9.21,7.97
1985-12-16,,,,,,,,,9.16,8.0
1985-12-17,,,,,,,,,9.04,7.94
1985-12-18,,,,,,,,,9.11,8.04
1985-12-19,,,,,,,,,9.1,8.0
1985-12-20,,,,,,,,,9.04,8.01
1985-12-23,,,,,,,,,9.08,8.01
1985-12-24,,,,,,,,,9.07,8.02
1985-12-25,,,,,,,,,,
1985-12-26,,,,,,,,,9.04,7.99
1985-12-27,,,,,,,,,8.99,7.99
1985-12-30,,,,,,,,,9.01,7.99
1985-12-31,,,,,,,,,9.0,7.98
1986-01-01,109.9,6.7,4507.894,55.6453,8.14,3647.9,,1972.0,,
1986-01-02,,,,,,,,,9.04,8.02
1986-01-03,,,,,,,,,9.05,8.03
1986-01-06,,,,,,,,,9.07,8.04
1986-01-07,,,,,,,,,8.94,7.97
1986-01-08,,,,,,,,,9.13,8.09
1986-01-09,,,,,,,,,9.27,8.27
1986-01-10,,,,,,,,,9.39,8.36
1986-01-13,,,,,,,,,9.49,8.38
1986-01-14,,,,,,,,,9.43,8.33
1986-01-15,,,,,,,,,9.31,8.24
1986-01-16,,,,,,,,,9.3,8.21
1986-01-17,,,,,,,,,9.24,8.19
1986-01-20,,,,,,,,,,
1986-01-21,,,,,,,,,9.22,8.2
1986-01-22,,,,,,,,,9.28,8.19
1986-01-23,,,,,,,,,9.23,8.17
1986-01-24,,,,,,,,,9.23,8.13
1986-01-27,,,,,,,,,9.13,8.07
1986-01-28,,,,,,,,,9.05,8.02
1986-01-29,,,,,,,,,9.09,8.05
1986-01-30,,,,,,,,,9.1,8.04
1986-01-31,,,,,,,,,9.08,7.99
1986-02-01,109.7,7.2,,55.2634,7.86,3665.9,,1848.0,,
1986-02-03,,,,,,,,,9.02,7.97
1986-02-04,,,,,,,,,8.96,7.94
1986-02-05,,,,,,,,,8.97,7.99
1986-02-06,,,,,,,,,9.03,8.02
1986-02-07,,,,,,,,,9.11,8.15
1986-02-10,,,,,,,,,9.0,8.08
1986-02-11,,,,,,,,,8.93,8.04
1986-02-12,,,,,,,,,8.91,8.08
1986-02-13,,,,,,,,,8.85,8.06
1986-02-14,,,,,,,,,8.68,7.99
1986-02-17,,,,,,,,,,
1986-02-18,,,,,,,,,8.64,7.96
1986-02-19,,,,,,,,,8.7,8.06
1986-02-20,,,,,,,,,8.67,8.05
1986-02-21,,,,,,,,,8.48,7.93
1986-02-24,,,,,,,,,8.39,7.86
1986-02-25,,,,,,,,,8.4,7.89
1986-02-26,,,,,,,,,8.36,7.88
1986-02-27,,,,,,,,,8.15,7.72
1986-02-28,,,,,,,,,8.13,7.71
1986-03-01,109.1,7.2,,54.8728,7.48,3692.4,,1876.0,,
1986-03-03,,,,,,,,,7.99,7.55
1986-03-04,,,,,,,,,7.93,7.38
1986-03-05,,,,,,,,,8.12,7.54
1986-03-06,,,,,,,,,8.04,7.38
1986-03-07,,,,,,,,,7.96,7.29
1986-03-10,,,,,,,,,7.76,7.16
1986-03-11,,,,,,,,,7.7,7.15
1986-03-12,,,,,,,,,7.68,7.17
1986-03-13,,,,,,,,,7.75,7.21
1986-03-14,,,,,,,,,7.72,7.18
1986-03-17,,,,,,,,,7.77,7.22
1986-03-18,,,,,,,,,7.83,7.23
1986-03-19,,,,,,,,,7.82,7.17
1986-03-20,,,,,,,,,7.78,7.17
1986-03-21,,,,,,,,,7.8,7.19
1986-03-24,,,,,,,,,7.7,7.11
1986-03-25,,,,,,,,,7.7,7.12
1986-03-26,,,,,,,,,7.64,7.11
1986-03-27,,,,,,,,,7.49,7.04
1986-03-28,,,,,,,,,,
1986-03-31,,,,,,,,,7.39,6.92
1986-04-01,108.7,7.1,4545.34,54.935,6.99,3697.0,,1933.0,7.37,6.89
1986-04-02,,,,,,,,,7.33,6.9
1986-04-03,,,,,,,,,7.41,6.94
1986-04-04,,,,,,,,,7.45,6.85
1986-04-07,,,,,,,,,7.43,6.82
1986-04-08,,,,,,,,,7.31,6.7
1986-04-09,,,,,,,,,7.27,6.58
1986-04-10,,,,,,,,,7.23,6.58
1986-04-11,,,,,,,,,7.29,6.65
1986-04-14,,,,,,,,,7.19,6.53
1986-04-15,,,,,,,,,7.22,6.53
1986-04-16,,,,,,,,,6.98,6.39
1986-04-17,,,,,,,,,7.03,6.44
1986-04-18,,,,,,,,,7.09,6.44
1986-04-21,,,,,,,,,7.04,6.46
1986-04-22,,,,,,,,,7.25,6.58
1986-04-23,,,,,,,,,7.36,6.67
1986-04-24,,,,,,,,,7.51,6.89
1986-04-25,,,,,,,,,7.58,6.91
1986-04-28,,,,,,,,,7.48,6.86
1986-04-29,,,,,,,,,7.38,6.85
1986-04-30,,,,,,,,,7.38,6.83
1986-05-01,109.0,7.2,,55.0399,6.85,3707.8,,1854.0,7.45,6.85
1986-05-02,,,,,,,,,7.51,6.88
1986-05-05,,,,,,,,,7.45,6.82
1986-05-06,,,,,,,,,7.46,6.82
1986-05-07,,,,,,,,,7.43,6.83
1986-05-08,,,,,,,,,7.4,6.78
1986-05-09,,,,,,,,,7.48,6.85
1986-05-12,,,,,,,,,7.67,6.98
1986-05-13,,,,,,,,,7.63,7.0
1986-05-14,,,,,,,,,7.66,7.0
1986-05-15,,,,,,,,,7.79,7.16
1986-05-16,,,,,,,,,7.99,7.32
1986-05-19,,,,,,,,,7.98,7.28
1986-05-20,,,,,,,,,7.88,7.23
1986-05-21,,,,,,,,,7.9,7.2
1986-05-22,,,,,,,,,7.88,7.2
1986-05-23,,,,,,,,,7.84,7.19
1986-05-26,,,,,,,,,,
1986-05-27,,,,,,,,,7.73,7.14
1986-05-28,,,,,,,,,7.73,7.17
1986-05-29,,,,,,,,,7.99,7.35
1986-05-30,,,,,,,,,8.05,7.36
1986-06-01,109.4,7.2,,54.826,6.92,3722.7,,1847.0,,
1986-06-02,,,,,,,,,8.32,7.5
1986-06-03,,,,,,,,,8.19,7.49
1986-06-04,,,,,,,,,8.39,7.63
1986-06-05,,,,,,,,,8.31,7.54
1986-06-06,,,,,,,,,7.95,7.27
1986-06-09,,,,,,,,,8.13,7.39
1986-06-10,,,,,,,,,8.07,7.38
1986-06-11,,,,,,,,,8.01,7.39
1986-06-12,,,,,,,,,7.98,7.31
1986-06-13,,,,,,,,,7.73,7.15
1986-06-16,,,,,,,,,7.63,7.1
1986-06-17,,,,,,,,,7.63,7.08
1986-06-18,,,,,,,,,7.57,7.01
1986-06-19,,,,,,,,,7.69,7.1
1986-06-20,,,,,,,,,7.6,7.06
1986-06-23,,,,,,,,,7.55,7.03
1986-06-24,,,,,,,,,7.47,6.98
1986-06-25,,,,,,,,,7.42,6.91
1986-06-26,,,,,,,,,7.42,6.91
1986-06-27,,,,,,,,,7.38,6.84
1986-06-30,,,,,,,,,7.35,6.81
1986-07-01,109.5,7.0,4607.669,55.167,6.56,3741.3,,1782.0,7.37,6.8
1986-07-02,,,,,,,,,7.37,6.81
1986-07-03,,,,,,,,,7.31,6.71
1986-07-04,,,,,,,,,,
1986-07-07,,,,,,,,,7.31,6.7
1986-07-08,,,,,,,,,7.44,6.84
1986-07-09,,,,,,,,,7.31,6.73
1986-07-10,,,,,,,,,7.31,6.73
1986-07-11,,,,,,,,,7.3,6.6
1986-07-14,,,,,,,,,7.25,6.58
1986-07-15,,,,,,,,,7.16,6.56
1986-07-16,,,,,,,,,7.2,6.59
1986-07-17,,,,,,,,,7.18,6.61
1986-07-18,,,,,,,,,7.16,6.56
1986-07-21,,,,,,,,,7.14,6.56
1986-07-22,,,,,,,,,7.2,6.6
1986-07-23,,,,,,,,,7.29,6.63
1986-07-24,,,,,,,,,7.35,6.67
1986-07-25,,,,,,,,,7.33,6.67
1986-07-28,,,,,,,,,7.53,6.76
1986-07-29,,,,,,,,,7.41,6.71
1986-07-30,,,,,,,,,7.41,6.67
1986-07-31,,,,,,,,,7.34,6.57
1986-08-01,109.6,6.9,,55.0726,6.17,3753.9,,1807.0,7.34,6.56
1986-08-04,,,,,,,,,7.33,6.56
1986-08-05,,,,,,,,,7.39,6.58
1986-08-06,,,,,,,,,7.47,6.61
1986-08-07,,,,,,,,,7.45,6.61
1986-08-08,,,,,,,,,7.3,6.54
1986-08-11,,,,,,,,,7.25,6.51
1986-08-12,,,,,,,,,7.23,6.46
1986-08-13,,,,,,,,,7.15,6.37
1986-08-14,,,,,,,,,7.16,6.39
1986-08-15,,,,,,,,,7.14,6.36
1986-08-18,,,,,,,,,7.14,6.37
1986-08-19,,,,,,,,,7.02,6.29
1986-08-20,,,,,,,,,7.0,6.17
1986-08-21,,,,,,,,,6.96,6.08
1986-08-22,,,,,,,,,7.07,6.14
1986-08-25,,,,,,,,,7.06,6.1
1986-08-26,,,,,,,,,6.97,6.02
1986-08-27,,,,,,,,,7.06,6.12
1986-08-28,,,,,,,,,7.04,6.07
1986-08-29,,,,,,,,,6.95,5.94
1986-09-01,110.0,7.0,,55.2237,5.89,3769.6,,1687.0,,
1986-09-02,,,,,,,,,7.03,5.99
1986-09-03,,,,,,,,,7.2,6.14
1986-09-04,,,,,,,,,7.15,6.11
1986-09-05,,,,,,,,,7.32,6.25
1986-09-08,,,,,,,,,7.38,6.3
1986-09-09,,,,,,,,,7.35,6.3
1986-09-10,,,,,,,,,7.35,6.27
1986-09-11,,,,,,,,,7.57,6.43
1986-09-12,,,,,,,,,7.63,6.43
1986-09-15,,,,,,,,,7.53,6.39
1986-09-16,,,,,,,,,7.53,6.38
1986-09-17,,,,,,,,,7.46,6.37
1986-09-18,,,,,,,,,7.62,6.47
1986-09-19,,,,,,,,,7.67,6.52
1986-09-22,,,,,,,,,7.62,6.49
1986-09-23,,,,,,,,,7.58,6.46
1986-09-24,,,,,,,,,7.48,6.37
1986-09-25,,,,,,,,,7.47,6.37
1986-09-26,,,,,,,,,7.47,6.39
1986-09-29,,,,,,,,,7.54,6.46
1986-09-30,,,,,,,,,7.45,6.38
1986-10-01,110.2,7.0,4657.627,55.4589,5.85,3777.3,,1681.0,7.41,6.36
1986-10-02,,,,,,,,,7.45,6.38
1986-10-03,,,,,,,,,7.31,6.16
1986-10-06,,,,,,,,,7.28,6.14
1986-10-07,,,,,,,,,7.28,6.13
1986-10-08,,,,,,,,,7.31,6.11
1986-10-09,,,,,,,,,7.33,6.15
1986-10-10,,,,,,,,,7.36,6.16
1986-10-13,,,,,,,,,,
1986-10-14,,,,,,,,,7.49,6.26
1986-10-15,,,,,,,,,7.51,6.27
1986-10-16,,,,,,,,,7.53,6.29
1986-10-17,,,,,,,,,7.57,6.38
1986-10-20,,,,,,,,,7.66,6.47
1986-10-21,,,,,,,,,7.57,6.4
1986-10-22,,,,,,,,,7.49,6.34
1986-10-23,,,,,,,,,7.43,6.31
1986-10-24,,,,,,,,,7.47,6.35
1986-10-27,,,,,,,,,7.42,6.32
1986-10-28,,,,,,,,,7.45,6.34
1986-10-29,,,,,,,,,7.41,6.32
1986-10-30,,,,,,,,,7.31,6.24
1986-10-31,,,,,,,,,7.34,6.26
1986-11-01,110.4,6.9,,55.6763,6.04,3790.1,,1623.0,,
1986-11-03,,,,,,,,,7.29,6.21
1986-11-04,,,,,,,,,7.31,6.23
1986-11-05,,,,,,,,,7.24,6.26
1986-11-06,,,,,,,,,7.32,6.29
1986-11-07,,,,,,,,,7.4,6.35
1986-11-10,,,,,,,,,7.38,6.42
1986-11-11,,,,,,,,,,
1986-11-12,,,,,,,,,7.35,6.38
1986-11-13,,,,,,,,,7.33,6.35
1986-11-14,,,,,,,,,7.29,6.33
1986-11-17,,,,,,,,,7.22,6.32
1986-11-18,,,,,,,,,7.27,6.32
1986-11-19,,,,,,,,,7.19,6.21
1986-11-20,,,,,,,,,7.19,6.26
1986-11-21,,,,,,,,,7.17,6.21
1986-11-24,,,,,,,,,7.11,6.19
1986-11-25,,,,,,,,,7.15,6.23
1986-11-26,,,,,,,,,7.15,6.21
1986-11-27,,,,,,,,,,
1986-11-28,,,,,,,,,7.15,6.21
1986-12-01,110.8,6.6,,56.2078,6.91,3808.6,,1833.0,7.18,6.25
1986-12-02,,,,,,,,,7.08,6.22
1986-12-03,,,,,,,,,7.06,6.17
1986-12-04,,,,,,,,,7.01,6.15
1986-12-05,,,,,,,,,7.12,6.24
1986-12-08,,,,,,,,,7.1,6.24
1986-12-09,,,,,,,,,7.07,6.21
1986-12-10,,,,,,,,,7.05,6.19
1986-12-11,,,,,,,,,7.12,6.24
1986-12-12,,,,,,,,,7.13,6.24
1986-12-15,,,,,,,,,7.15,6.29
1986-12-16,,,,,,,,,7.12,6.29
1986-12-17,,,,,,,,,7.12,6.31
1986-12-18,,,,,,,,,7.11,6.31
1986-12-19,,,,,,,,,7.1,6.29
1986-12-22,,,,,,,,,7.1,6.3
1986-12-23,,,,,,,,,7.08,6.3
1986-12-24,,,,,,,,,7.07,6.3
1986-12-25,,,,,,,,,,
1986-12-26,,,,,,,,,7.08,6.3
1986-12-29,,,,,,,,,7.17,6.37
1986-12-30,,,,,,,,,7.23,6.42
1986-12-31,,,,,,,,,7.23,6.35
1987-01-01,111.4,6.6,4722.156,55.9911,6.43,3820.2,,1774.0,,
1987-01-02,,,,,,,,,7.18,6.3
1987-01-05,,,,,,,,,7.08,6.24
1987-01-06,,,,,,,,,7.08,6.25
1987-01-07,,,,,,,,,7.05,6.22
1987-01-08,,,,,,,,,7.04,6.2
1987-01-09,,,,,,,,,7.01,6.19
1987-01-12,,,,,,,,,7.05,6.2
1987-01-13,,,,,,,,,7.1,6.22
1987-01-14,,,,,,,,,7.11,6.24
1987-01-15,,,,,,,,,7.08,6.22
1987-01-16,,,,,,,,,7.03,6.22
1987-01-19,,,,,,,,,,
1987-01-20,,,,,,,,,7.01,6.17
1987-01-21,,,,,,,,,7.01,6.17
1987-01-22,,,,,,,,,7.03,6.17
1987-01-23,,,,,,,,,7.06,6.2
1987-01-26,,,,,,,,,7.17,6.26
1987-01-27,,,,,,,,,7.16,6.24
1987-01-28,,,,,,,,,7.13,6.24
1987-01-29,,,,,,,,,7.13,6.24
1987-01-30,,,,,,,,,7.18,6.33
1987-02-01,111.8,6.6,,56.7373,6.1,3845.0,,1784.0,,
1987-02-02,,,,,,,,,7.23,6.36
1987-02-03,,,,,,,,,7.25,6.38
1987-02-04,,,,,,,,,7.23,6.38
1987-02-05,,,,,,,,,7.2,6.33
1987-02-06,,,,,,,,,7.19,6.38
1987-02-09,,,,,,,,,7.25,6.45
1987-02-10,,,,,,,,,7.33,6.49
1987-02-11,,,,,,,,,7.37,6.58
1987-02-12,,,,,,,,,7.31,6.47
1987-02-13,,,,,,,,,7.28,6.43
1987-02-16,,,,,,,,,,
1987-02-17,,,,,,,,,7.33,6.48
1987-02-18,,,,,,,,,7.3,6.43
1987-02-19,,,,,,,,,7.23,6.33
1987-02-20,,,,,,,,,7.24,6.33
1987-02-23,,,,,,,,,7.23,6.35
1987-02-24,,,,,,,,,7.18,6.32
1987-02-25,,,,,,,,,7.21,6.37
1987-02-26,,,,,,,,,7.21,6.35
1987-02-27,,,,,,,,,7.19,6.35
1987-03-01,112.2,6.6,,56.8136,6.13,3863.8,,1726.0,,
1987-03-02,,,,,,,,,7.17,6.34
1987-03-03,,,,,,,,,7.21,6.37
1987-03-04,,,,,,,,,7.14,6.32
1987-03-05,,,,,,,,,7.16,6.35
1987-03-06,,,,,,,,,7.23,6.42
1987-03-09,,,,,,,,,7.23,6.43
1987-03-10,,,,,,,,,7.23,6.44
1987-03-11,,,,,,,,,7.23,6.44
1987-03-12,,,,,,,,,7.22,6.43
1987-03-13,,,,,,,,,7.19,6.39
1987-03-16,,,,,,,,,7.22,6.41
1987-03-17,,,,,,,,,7.2,6.42
1987-03-18,,,,,,,,,7.21,6.4
1987-03-19,,,,,,,,,7.21,6.38
1987-03-20,,,,,,,,,7.22,6.4
1987-03-23,,,,,,,,,7.25,6.42
1987-03-24,,,,,,,,,7.27,6.44
1987-03-25,,,,,,,,,7.26,6.46
1987-03-26,,,,,,,,,7.24,6.42
1987-03-27,,,,,,,,,7.33,6.49
1987-03-30,,,,,,,,,7.54,6.63
1987-03-31,,,,,,,,,7.51,6.54
1987-04-01,112.7,6.3,4806.16,57.185,6.37,3875.4,,1614.0,7.59,6.65
1987-04-02,,,,,,,,,7.59,6.63
1987-04-03,,,,,,,,,7.59,6.62
1987-04-06,,,,,,,,,7.54,6.57
1987-04-07,,,,,,,,,7.62,6.59
1987-04-08,,,,,,,,,7.61,6.59
1987-04-09,,,,,,,,,7.78,6.74
1987-04-10,,,,,,,,,7.98,6.97
1987-04-13,,,,,,,,,8.07,7.08
1987-04-14,,,,,,,,,8.28,7.19
1987-04-15,,,,,,,,,8.1,7.02
1987-04-16,,,,,,,,,8.03,6.9
1987-04-17,,,,,,,,,,
1987-04-20,,,,,,,,,8.2,7.06
1987-04-21,,,,,,,,,8.19,7.09
1987-04-22,,,,,,,,,8.24,7.23
1987-04-23,,,,,,,,,8.39,7.36
1987-04-24,,,,,,,,,8.47,7.48
1987-04-27,,,,,,,,,8.37,7.5
1987-04-28,,,,,,,,,8.28,7.43
1987-04-29,,,,,,,,,8.35,7.43
1987-04-30,,,,,,,,,8.21,7.38
1987-05-01,113.0,6.3,,57.5424,6.85,3908.6,,1628.0,8.39,7.47
1987-05-04,,,,,,,,,8.52,7.61
1987-05-05,,,,,,,,,8.45,7.6
1987-05-06,,,,,,,,,8.54,7.62
1987-05-07,,,,,,,,,8.5,7.6
1987-05-08,,,,,,,,,8.43,7.57
1987-05-11,,,,,,,,,8.57,7.66
1987-05-12,,,,,,,,,8.55,7.68
1987-05-13,,,,,,,,,8.55,7.68
1987-05-14,,,,,,,,,8.57,7.66
1987-05-15,,,,,,,,,8.8,7.95
1987-05-18,,,,,,,,,8.73,7.93
1987-05-19,,,,,,,,,8.89,7.99
1987-05-20,,,,,,,,,8.92,8.05
1987-05-21,,,,,,,,,8.87,8.06
1987-05-22,,,,,,,,,8.78,7.97
1987-05-25,,,,,,,,,,
1987-05-26,,,,,,,,,8.55,7.79
1987-05-27,,,,,,,,,8.6,7.84
1987-05-28,,,,,,,,,8.56,7.81
1987-05-29,,,,,,,,,8.49,7.69
1987-06-01,113.5,6.2,,57.8502,6.73,3919.7,,1594.0,8.45,7.67
1987-06-02,,,,,,,,,8.72,7.85
1987-06-03,,,,,,,,,8.64,7.78
1987-06-04,,,,,,,,,8.58,7.76
1987-06-05,,,,,,,,,8.5,7.66
1987-06-08,,,,,,,,,8.53,7.68
1987-06-09,,,,,,,,,8.56,7.71
1987-06-10,,,,,,,,,8.56,7.68
1987-06-11,,,,,,,,,8.52,7.66
1987-06-12,,,,,,,,,8.32,7.51
1987-06-15,,,,,,,,,8.28,7.47
1987-06-16,,,,,,,,,8.28,7.47
1987-06-17,,,,,,,,,8.23,7.42
1987-06-18,,,,,,,,,8.27,7.44
1987-06-19,,,,,,,,,8.3,7.45
1987-06-22,,,,,,,,,8.23,7.42
1987-06-23,,,,,,,,,8.23,7.45
1987-06-24,,,,,,,,,8.31,7.54
1987-06-25,,,,,,,,,8.25,7.47
1987-06-26,,,,,,,,,8.37,7.56
1987-06-29,,,,,,,,,8.34,7.48
1987-06-30,,,,,,,,,8.38,7.48
1987-07-01,113.8,6.1,4884.555,58.2421,6.58,3942.1,,1575.0,8.36,7.44
1987-07-02,,,,,,,,,8.3,7.38
1987-07-03,,,,,,,,,,
1987-07-06,,,,,,,,,8.29,7.38
1987-07-07,,,,,,,,,8.28,7.36
1987-07-08,,,,,,,,,8.32,7.35
1987-07-09,,,,,,,,,8.37,7.38
1987-07-10,,,,,,,,,8.32,7.32
1987-07-13,,,,,,,,,8.38,7.36
1987-07-14,,,,,,,,,8.33,7.32
1987-07-15,,,,,,,,,8.43,7.37
1987-07-16,,,,,,,,,8.41,7.34
1987-07-17,,,,,,,,,8.36,7.34
1987-07-20,,,,,,,,,8.41,7.38
1987-07-21,,,,,,,,,8.49,7.45
1987-07-22,,,,,,,,,8.54,7.47
1987-07-23,,,,,,,,,8.56,7.46
1987-07-24,,,,,,,,,8.58,7.53
1987-07-27,,,,,,,,,8.6,7.59
1987-07-28,,,,,,,,,8.62,7.61
1987-07-29,,,,,,,,,8.61,7.64
1987-07-30,,,,,,,,,8.61,7.63
1987-07-31,,,,,,,,,8.66,7.63
1987-08-01,114.3,6.0,,58.6784,6.73,3978.6,,1605.0,,
1987-08-03,,,,,,,,,8.81,7.72
1987-08-04,,,,,,,,,8.81,7.72
1987-08-05,,,,,,,,,8.71,7.65
1987-08-06,,,,,,,,,8.73,7.65
1987-08-07,,,,,,,,,8.7,7.69
1987-08-10,,,,,,,,,8.74,7.71
1987-08-11,,,,,,,,,8.73,7.69
1987-08-12,,,,,,,,,8.72,7.67
1987-08-13,,,,,,,,,8.63,7.64
1987-08-14,,,,,,,,,8.58,7.62
1987-08-17,,,,,,,,,8.56,7.62
1987-08-18,,,,,,,,,8.73,7.71
1987-08-19,,,,,,,,,8.77,7.76
1987-08-20,,,,,,,,,8.74,7.77
1987-08-21,,,,,,,,,8.77,7.79
1987-08-24,,,,,,,,,8.78,7.81
1987-08-25,,,,,,,,,8.73,7.79
1987-08-26,,,,,,,,,8.79,7.87
1987-08-27,,,,,,,,,8.92,7.95
1987-08-28,,,,,,,,,9.02,8.01
1987-08-31,,,,,,,,,9.0,7.97
1987-09-01,114.7,5.9,,58.9088,7.22,3995.6,,1695.0,9.05,7.98
1987-09-02,,,,,,,,,9.28,8.15
1987-09-03,,,,,,,,,9.29,8.19
1987-09-04,,,,,,,,,9.3,8.26
1987-09-07,,,,,,,,,,
1987-09-08,,,,,,,,,9.5,8.46
1987-09-09,,,,,,,,,9.48,8.43
1987-09-10,,,,,,,,,9.42,8.36
1987-09-11,,,,,,,,,9.33,8.31
1987-09-14,,,,,,,,,9.34,8.26
1987-09-15,,,,,,,,,9.44,8.3
1987-09-16,,,,,,,,,9.52,8.35
1987-09-17,,,,,,,,,9.48,8.34
1987-09-18,,,,,,,,,9.38,8.3
1987-09-21,,,,,,,,,9.45,8.33
1987-09-22,,,,,,,,,9.37,8.31
1987-09-23,,,,,,,,,9.4,8.31
1987-09-24,,,,,,,,,9.51,8.42
1987-09-25,,,,,,,,,9.53,8.48
1987-09-28,,,,,,,,,9.52,8.48
1987-09-29,,,,,,,,,9.64,8.6
1987-09-30,,,,,,,,,9.63,8.6
1987-10-01,115.0,6.0,5007.994,59.7008,7.29,4034.7,,1515.0,9.66,8.62
1987-10-02,,,,,,,,,9.6,8.61
1987-10-05,,,,,,,,,9.69,8.66
1987-10-06,,,,,,,,,9.72,8.73
1987-10-07,,,,,,,,,9.71,8.73
1987-10-08,,,,,,,,,9.86,9.03
1987-10-09,,,,,,,,,9.94,9.01
1987-10-12,,,,,,,,,,
1987-10-13,,,,,,,,,9.9,8.94
1987-10-14,,,,,,,,,10.13,9.14
1987-10-15,,,,,,,,,10.18,9.23
1987-10-16,,,,,,,,,10.23,9.22
1987-10-19,,,,,,,,,10.15,8.93
1987-10-20,,,,,,,,,9.4,8.09
1987-10-21,,,,,,,,,9.3,7.9
1987-10-22,,,,,,,,,8.97,7.76
1987-10-23,,,,,,,,,8.98,7.76
1987-10-26,,,,,,,,,8.8,7.57
1987-10-27,,,,,,,,,8.92,7.66
1987-10-28,,,,,,,,,9.01,7.65
1987-10-29,,,,,,,,,8.89,7.53
1987-10-30,,,,,,,,,8.88,7.58
1987-11-01,115.4,5.8,,59.9956,6.69,4062.1,,1656.0,,
1987-11-02,,,,,,,,,8.98,7.72
1987-11-03,,,,,,,,,8.91,7.67
1987-11-04,,,,,,,,,8.85,7.6
1987-11-05,,,,,,,,,8.72,7.5
1987-11-06,,,,,,,,,8.76,7.62
1987-11-09,,,,,,,,,8.78,7.64
1987-11-10,,,,,,,,,8.79,7.61
1987-11-11,,,,,,,,,,
1987-11-12,,,,,,,,,8.8,7.67
1987-11-13,,,,,,,,,8.84,7.75
1987-11-16,,,,,,,,,8.82,7.78
1987-11-17,,,,,,,,,8.86,7.73
1987-11-18,,,,,,,,,8.85,7.74
1987-11-19,,,,,,,,,8.83,7.69
1987-11-20,,,,,,,,,8.79,7.66
1987-11-23,,,,,,,,,8.8,7.67
1987-11-24,,,,,,,,,8.89,7.73
1987-11-25,,,,,,,,,8.98,7.78
1987-11-26,,,,,,,,,,
1987-11-27,,,,,,,,,9.11,7.87
1987-11-30,,,,,,,,,8.99,7.73
1987-12-01,115.6,5.7,,60.3246,6.77,4115.7,,1400.0,9.01,7.77
1987-12-02,,,,,,,,,9.01,7.79
1987-12-03,,,,,,,,,8.94,7.72
1987-12-04,,,,,,,,,8.94,7.72
1987-12-07,,,,,,,,,9.07,7.86
1987-12-08,,,,,,,,,9.09,7.88
1987-12-09,,,,,,,,,9.05,7.88
1987-12-10,,,,,,,,,9.23,8.0
1987-12-11,,,,,,,,,9.28,8.02
1987-12-14,,,,,,,,,9.23,8.01
1987-12-15,,,,,,,,,9.09,7.92
1987-12-16,,,,,,,,,9.0,7.89
1987-12-17,,,,,,,,,9.03,7.89
1987-12-18,,,,,,,,,8.89,7.82
1987-12-21,,,,,,,,,8.88,7.84
1987-12-22,,,,,,,,,8.95,7.91
1987-12-23,,,,,,,,,8.83,7.83
1987-12-24,,,,,,,,,8.82,7.83
1987-12-25,,,,,,,,,,
1987-12-28,,,,,,,,,8.93,7.91
1987-12-29,,,,,,,,,8.85,7.86
1987-12-30,,,,,,,,,8.78,7.75
1987-12-31,,,,,,,,,8.83,7.77
1988-01-01,116.0,5.7,5073.372,60.309,6.83,4128.2,,1271.0,,
1988-01-04,,,,,,,,,8.83,7.77
1988-01-05,,,,,,,,,8.76,7.76
1988-01-06,,,,,,,,,8.82,7.79
1988-01-07,,,,,,,,,8.83,7.79
1988-01-08,,,,,,,,,8.97,7.92
1988-01-11,,,,,,,,,8.94,7.8
1988-01-12,,,,,,,,,8.93,7.8
1988-01-13,,,,,,,,,8.87,7.76
1988-01-14,,,,,,,,,8.86,7.76
1988-01-15,,,,,,,,,8.6,7.61
1988-01-18,,,,,,,,,,
1988-01-19,,,,,,,,,8.65,7.66
1988-01-20,,,,,,,,,8.61,7.59
1988-01-21,,,,,,,,,8.53,7.52
1988-01-22,,,,,,,,,8.49,7.51
1988-01-25,,,,,,,,,8.45,7.49
1988-01-26,,,,,,,,,8.54,7.56
1988-01-27,,,,,,,,,8.38,7.37
1988-01-28,,,,,,,,,8.33,7.29
1988-01-29,,,,,,,,,8.26,7.22
1988-02-01,116.2,5.7,,60.6122,6.58,4153.0,,1473.0,8.26,7.22
1988-02-02,,,,,,,,,8.18,7.21
1988-02-03,,,,,,,,,8.21,7.24
1988-02-04,,,,,,,,,8.24,7.24
1988-02-05,,,,,,,,,8.12,7.1
1988-02-08,,,,,,,,,8.19,7.16
1988-02-09,,,,,,,,,8.16,7.12
1988-02-10,,,,,,,,,8.11,7.07
1988-02-11,,,,,,,,,8.16,7.12
1988-02-12,,,,,,,,,8.28,7.22
1988-02-15,,,,,,,,,,
1988-02-16,,,,,,,,,8.31,7.26
1988-02-17,,,,,,,,,8.32,7.24
1988-02-18,,,,,,,,,8.28,7.23
1988-02-19,,,,,,,,,8.26,7.21
1988-02-22,,,,,,,,,8.24,7.2
1988-02-23,,,,,,,,,8.17,7.16
1988-02-24,,,,,,,,,8.18,7.15
1988-02-25,,,,,,,,,8.23,7.17
1988-02-26,,,,,,,,,8.18,7.16
1988-02-29,,,,,,,,,8.16,7.13
1988-03-01,116.5,5.7,,60.7452,6.58,4178.3,,1532.0,8.15,7.11
1988-03-02,,,,,,,,,8.13,7.07
1988-03-03,,,,,,,,,8.12,7.08
1988-03-04,,,,,,,,,8.28,7.2
1988-03-07,,,,,,,,,8.3,7.22
1988-03-08,,,,,,,,,8.33,7.25
1988-03-09,,,,,,,,,8.32,7.22
1988-03-10,,,,,,,,,8.35,7.25
1988-03-11,,,,,,,,,8.29,7.2
1988-03-14,,,,,,,,,8.29,7.2
1988-03-15,,,,,,,,,8.3,7.19
1988-03-16,,,,,,,,,8.36,7.24
1988-03-17,,,,,,,,,8.3,7.17
1988-03-18,,,,,,,,,8.41,7.23
1988-03-21,,,,,,,,,8.47,7.32
1988-03-22,,,,,,,,,8.46,7.33
1988-03-23,,,,,,,,,8.47,7.39
1988-03-24,,,,,,,,,8.51,7.46
1988-03-25,,,,,,,,,8.47,7.41
1988-03-28,,,,,,,,,8.58,7.42
1988-03-29,,,,,,,,,8.56,7.42
1988-03-30,,,,,,,,,8.57,7.43
1988-03-31,,,,,,,,,8.57,7.41
1988-04-01,117.2,5.4,5190.036,61.108,6.87,4209.5,,1573.0,,
1988-04-04,,,,,,,,,8.68,7.58
1988-04-05,,,,,,,,,8.67,7.6
1988-04-06,,,,,,,,,8.61,7.57
1988-04-07,,,,,,,,,8.6,7.54
1988-04-08,,,,,,,,,8.52,7.47
1988-04-11,,,,,,,,,8.59,7.5
1988-04-12,,,,,,,,,8.57,7.49
1988-04-13,,,,,,,,,8.56,7.45
1988-04-14,,,,,,,,,8.67,7.56
1988-04-15,,,,,,,,,8.74,7.6
1988-04-18,,,,,,,,,8.81,7.6
1988-04-19,,,,,,,,,8.81,7.57
1988-04-20,,,,,,,,,8.83,7.65
1988-04-21,,,,,,,,,8.82,7.64
1988-04-22,,,,,,,,,8.78,7.64
1988-04-25,,,,,,,,,8.78,7.64
1988-04-26,,,,,,,,,8.8,7.64
1988-04-27,,,,,,,,,8.8,7.63
1988-04-28,,,,,,,,,8.86,7.69
1988-04-29,,,,,,,,,8.87,7.73
1988-05-01,117.5,5.6,,60.9843,7.09,4225.9,,1421.0,,
1988-05-02,,,,,,,,,8.94,7.78
1988-05-03,,,,,,,,,8.89,7.77
1988-05-04,,,,,,,,,8.9,7.77
1988-05-05,,,,,,,,,8.92,7.79
1988-05-06,,,,,,,,,9.01,7.87
1988-05-09,,,,,,,,,9.03,7.95
1988-05-10,,,,,,,,,9.07,8.0
1988-05-11,,,,,,,,,9.05,7.95
1988-05-12,,,,,,,,,9.04,7.95
1988-05-13,,,,,,,,,9.0,7.9
1988-05-16,,,,,,,,,9.01,7.93
1988-05-17,,,,,,,,,9.12,7.99
1988-05-18,,,,,,,,,9.19,8.04
1988-05-19,,,,,,,,,9.18,8.04
1988-05-20,,,,,,,,,9.22,8.08
1988-05-23,,,,,,,,,9.23,8.12
1988-05-24,,,,,,,,,9.22,8.14
1988-05-25,,,,,,,,,9.2,8.17
1988-05-26,,,,,,,,,9.21,8.23
1988-05-27,,,,,,,,,9.24,8.23
1988-05-30,,,,,,,,,,
1988-05-31,,,,,,,,,9.2,8.21
1988-06-01,118.0,5.4,,61.1615,7.51,4258.9,,1478.0,9.03,8.09
1988-06-02,,,,,,,,,9.07,8.13
1988-06-03,,,,,,,,,8.97,8.06
1988-06-06,,,,,,,,,8.97,8.04
1988-06-07,,,,,,,,,9.02,8.04
1988-06-08,,,,,,,,,8.92,7.96
1988-06-09,,,,,,,,,8.96,7.97
1988-06-10,,,,,,,,,8.92,7.99
1988-06-13,,,,,,,,,8.91,7.98
1988-06-14,,,,,,,,,8.69,7.8
1988-06-15,,,,,,,,,8.71,7.84
1988-06-16,,,,,,,,,8.89,7.96
1988-06-17,,,,,,,,,9.02,8.1
1988-06-20,,,,,,,,,9.02,8.14
1988-06-21,,,,,,,,,9.03,8.15
1988-06-22,,,,,,,,,8.9,8.04
1988-06-23,,,,,,,,,8.88,8.05
1988-06-24,,,,,,,,,8.85,8.03
1988-06-27,,,,,,,,,8.94,8.1
1988-06-28,,,,,,,,,8.87,8.05
1988-06-29,,,,,,,,,8.88,8.03
1988-06-30,,,,,,,,,8.82,8.02
1988-07-01,118.5,5.4,5282.835,61.171,7.75,4298.8,,1467.0,8.77,7.98
1988-07-04,,,,,,,,,,
1988-07-05,,,,,,,,,8.82,8.04
1988-07-06,,,,,,,,,8.91,8.07
1988-07-07,,,,,,,,,8.95,8.13
1988-07-08,,,,,,,,,9.04,8.25
1988-07-11,,,,,,,,,9.02,8.25
1988-07-12,,,,,,,,,9.08,8.27
1988-07-13,,,,,,,,,9.12,8.27
1988-07-14,,,,,,,,,9.12,8.33
1988-07-15,,,,,,,,,9.08,8.31
1988-07-18,,,,,,,,,9.15,8.35
1988-07-19,,,,,,,,,9.1,8.32
1988-07-20,,,,,,,,,9.11,8.31
1988-07-21,,,,,,,,,9.16,8.39
1988-07-22,,,,,,,,,9.11,8.35
1988-07-25,,,,,,,,,9.07,8.34
1988-07-26,,,,,,,,,9.09,8.35
1988-07-27,,,,,,,,,9.14,8.44
1988-07-28,,,,,,,,,9.16,8.44
1988-07-29,,,,,,,,,9.12,8.39
1988-08-01,119.0,5.6,,61.4771,8.01,4323.0,,1493.0,9.07,8.36
1988-08-02,,,,,,,,,9.0,8.32
1988-08-03,,,,,,,,,9.04,8.34
1988-08-04,,,,,,,,,8.99,8.31
1988-08-05,,,,,,,,,9.12,8.47
1988-08-08,,,,,,,,,9.12,8.48
1988-08-09,,,,,,,,,9.2,8.59
1988-08-10,,,,,,,,,9.3,8.64
1988-08-11,,,,,,,,,9.35,8.68
1988-08-12,,,,,,,,,9.36,8.68
1988-08-15,,,,,,,,,9.37,8.7
1988-08-16,,,,,,,,,9.35,8.72
1988-08-17,,,,,,,,,9.38,8.74
1988-08-18,,,,,,,,,9.35,8.74
1988-08-19,,,,,,,,,9.35,8.74
1988-08-22,,,,,,,,,9.37,8.76
1988-08-23,,,,,,,,,9.32,8.71
1988-08-24,,,,,,,,,9.34,8.73
1988-08-25,,,,,,,,,9.41,8.78
1988-08-26,,,,,,,,,9.38,8.78
1988-08-29,,,,,,,,,9.3,8.75
1988-08-30,,,,,,,,,9.27,8.73
1988-08-31,,,,,,,,,9.25,8.71
1988-09-01,119.5,5.4,,61.2785,8.19,4352.5,,1492.0,9.25,8.68
1988-09-02,,,,,,,,,9.0,8.45
1988-09-05,,,,,,,,,,
1988-09-06,,,,,,,,,8.99,8.47
1988-09-07,,,,,,,,,8.99,8.45
1988-09-08,,,,,,,,,8.99,8.45
1988-09-09,,,,,,,,,8.93,8.42
1988-09-12,,,,,,,,,8.97,8.44
1988-09-13,,,,,,,,,8.94,8.4
1988-09-14,,,,,,,,,8.88,8.36
1988-09-15,,,,,,,,,8.91,8.39
1988-09-16,,,,,,,,,8.93,8.4
1988-09-19,,,,,,,,,8.97,8.44
1988-09-20,,,,,,,,,8.97,8.45
1988-09-21,,,,,,,,,8.93,8.4
1988-09-22,,,,,,,,,8.95,8.44
1988-09-23,,,,,,,,,8.97,8.47
1988-09-26,,,,,,,,,9.0,8.52
1988-09-27,,,,,,,,,9.04,8.55
1988-09-28,,,,,,,,,9.06,8.59
1988-09-29,,,,,,,,,8.98,8.53
1988-09-30,,,,,,,,,8.87,8.43
1988-10-01,119.9,5.4,5399.509,61.5488,8.3,4391.1,,1522.0,,
1988-10-03,,,,,,,,,8.84,8.41
1988-10-04,,,,,,,,,8.87,8.43
1988-10-05,,,,,,,,,8.87,8.43
1988-10-06,,,,,,,,,8.87,8.43
1988-10-07,,,,,,,,,8.7,8.26
1988-10-10,,,,,,,,,,
1988-10-11,,,,,,,,,8.75,8.29
1988-10-12,,,,,,,,,8.84,8.35
1988-10-13,,,,,,,,,8.84,8.36
1988-10-14,,,,,,,,,8.81,8.33
1988-10-17,,,,,,,,,8.79,8.33
1988-10-18,,,,,,,,,8.78,8.33
1988-10-19,,,,,,,,,8.82,8.38
1988-10-20,,,,,,,,,8.79,8.38
1988-10-21,,,,,,,,,8.83,8.4
1988-10-24,,,,,,,,,8.83,8.42
1988-10-25,,,,,,,,,8.83,8.42
1988-10-26,,,,,,,,,8.79,8.34
1988-10-27,,,,,,,,,8.72,8.27
1988-10-28,,,,,,,,,8.69,8.27
1988-10-31,,,,,,,,,8.65,8.25
1988-11-01,120.3,5.3,,61.7049,8.35,4402.5,,1569.0,8.68,8.25
1988-11-02,,,,,,,,,8.73,8.29
1988-11-03,,,,,,,,,8.69,8.27
1988-11-04,,,,,,,,,8.85,8.39
1988-11-07,,,,,,,,,8.91,8.5
1988-11-08,,,,,,,,,8.91,8.53
1988-11-09,,,,,,,,,8.91,8.57
1988-11-10,,,,,,,,,8.9,8.6
1988-11-11,,,,,,,,,,
1988-11-14,,,,,,,,,8.91,8.62
1988-11-15,,,,,,,,,8.92,8.69
1988-11-16,,,,,,,,,9.0,8.75
1988-11-17,,,,,,,,,9.06,8.75
1988-11-18,,,,,,,,,9.05,8.77
1988-11-21,,,,,,,,,9.04,8.81
1988-11-22,,,,,,,,,9.09,8.88
1988-11-23,,,,,,,,,9.08,8.87
1988-11-24,,,,,,,,,,
1988-11-25,,,,,,,,,9.17,8.98
1988-11-28,,,,,,,,,9.16,9.0
1988-11-29,,,,,,,,,9.13,8.96
1988-11-30,,,,,,,,,9.06,8.84
1988-12-01,120.7,5.3,,61.9851,8.76,4438.6,,1563.0,9.01,8.86
1988-12-02,,,,,,,,,9.18,9.12
1988-12-05,,,,,,,,,9.13,9.09
1988-12-06,,,,,,,,,8.95,8.88
1988-12-07,,,,,,,,,9.0,8.93
1988-12-08,,,,,,,,,9.02,9.0
1988-12-09,,,,,,,,,9.07,9.03
1988-12-12,,,,,,,,,9.08,9.05
1988-12-13,,,,,,,,,9.15,9.16
1988-12-14,,,,,,,,,9.19,9.2
1988-12-15,,,,,,,,,9.19,9.2
1988-12-16,,,,,,,,,9.17,9.18
1988-12-19,,,,,,,,,9.15,9.18
1988-12-20,,,,,,,,,9.08,9.11
1988-12-21,,,,,,,,,9.07,9.09
1988-12-22,,,,,,,,,9.07,9.04
1988-12-23,,,,,,,,,9.05,9.04
1988-12-26,,,,,,,,,,
1988-12-27,,,,,,,,,9.13,9.15
1988-12-28,,,,,,,,,9.21,9.23
1988-12-29,,,,,,,,,9.18,9.18
1988-12-30,,,,,,,,,9.14,9.14
1989-01-01,121.2,5.4,5511.253,62.1677,9.12,4501.5,,1621.0,,
1989-01-02,,,,,,,,,,
1989-01-03,,,,,,,,,9.23,9.21
1989-01-04,,,,,,,,,9.22,9.25
1989-01-05,,,,,,,,,9.27,9.32
1989-01-06,,,,,,,,,9.25,9.32
1989-01-09,,,,,,,,,9.23,9.29
1989-01-10,,,,,,,,,9.24,9.25
1989-01-11,,,,,,,,,9.24,9.29
1989-01-12,,,,,,,,,9.14,9.2
1989-01-13,,,,,,,,,9.06,9.14
1989-01-16,,,,,,,,,,
1989-01-17,,,,,,,,,9.06,9.16
1989-01-18,,,,,,,,,8.99,9.13
1989-01-19,,,,,,,,,9.0,9.09
1989-01-20,,,,,,,,,9.03,9.13
1989-01-23,,,,,,,,,9.0,9.13
1989-01-24,,,,,,,,,8.93,9.07
1989-01-25,,,,,,,,,8.99,9.1
1989-01-26,,,,,,,,,8.99,9.14
1989-01-27,,,,,,,,,8.95,9.07
1989-01-30,,,,,,,,,9.0,9.1
1989-01-31,,,,,,,,,9.01,9.12
1989-02-01,121.6,5.2,,61.8916,9.36,4529.6,,1425.0,8.99,9.12
1989-02-02,,,,,,,,,8.98,9.12
1989-02-03,,,,,,,,,9.01,9.23
1989-02-06,,,,,,,,,9.01,9.25
1989-02-07,,,,,,,,,8.96,9.19
1989-02-08,,,,,,,,,8.95,9.21
1989-02-09,,,,,,,,,9.13,9.28
1989-02-10,,,,,,,,,9.19,9.37
1989-02-13,,,,,,,,,9.2,9.39
1989-02-14,,,,,,,,,9.23,9.43
1989-02-15,,,,,,,,,9.22,9.41
1989-02-16,,,,,,,,,9.21,9.37
1989-02-17,,,,,,,,,9.2,9.37
1989-02-20,,,,,,,,,,
1989-02-21,,,,,,,,,9.22,9.41
1989-02-22,,,,,,,,,9.29,9.48
1989-02-23,,,,,,,,,9.36,9.6
1989-02-24,,,,,,,,,9.38,9.66
1989-02-27,,,,,,,,,9.36,9.62
1989-02-28,,,,,,,,,9.32,9.55
1989-03-01,122.2,5.0,,62.0508,9.85,4570.2,,1422.0,9.36,9.55
1989-03-02,,,,,,,,,9.31,9.52
1989-03-03,,,,,,,,,9.31,9.5
1989-03-06,,,,,,,,,9.26,9.46
1989-03-07,,,,,,,,,9.26,9.48
1989-03-08,,,,,,,,,9.23,9.48
1989-03-09,,,,,,,,,9.24,9.48
1989-03-10,,,,,,,,,9.34,9.66
1989-03-13,,,,,,,,,9.35,9.64
1989-03-14,,,,,,,,,9.32,9.64
1989-03-15,,,,,,,,,9.31,9.62
1989-03-16,,,,,,,,,9.3,9.61
1989-03-17,,,,,,,,,9.49,9.84
1989-03-20,,,,,,,,,9.53,9.9
1989-03-21,,,,,,,,,9.53,9.92
1989-03-22,,,,,,,,,9.45,9.81
1989-03-23,,,,,,,,,9.43,9.81
1989-03-24,,,,,,,,,,
1989-03-27,,,,,,,,,9.44,9.85
1989-03-28,,,,,,,,,9.41,9.86
1989-03-29,,,,,,,,,9.36,9.8
1989-03-30,,,,,,,,,9.34,9.79
1989-03-31,,,,,,,,,9.3,9.73
1989-04-01,123.1,5.2,5612.463,62.0289,9.84,4582.5,,1339.0,,
1989-04-03,,,,,,,,,9.21,9.56
1989-04-04,,,,,,,,,9.17,9.47
1989-04-05,,,,,,,,,9.17,9.45
1989-04-06,,,,,,,,,9.2,9.54
1989-04-07,,,,,,,,,9.27,9.57
1989-04-10,,,,,,,,,9.27,9.57
1989-04-11,,,,,,,,,9.27,9.57
1989-04-12,,,,,,,,,9.29,9.59
1989-04-13,,,,,,,,,9.34,9.66
1989-04-14,,,,,,,,,9.18,9.43
1989-04-17,,,,,,,,,9.2,9.48
1989-04-18,,,,,,,,,9.06,9.28
1989-04-19,,,,,,,,,9.08,9.3
1989-04-20,,,,,,,,,9.2,9.46
1989-04-21,,,,,,,,,9.15,9.44
1989-04-24,,,,,,,,,9.15,9.46
1989-04-25,,,,,,,,,9.12,9.41
1989-04-26,,,,,,,,,9.11,9.34
1989-04-27,,,,,,,,,9.05,9.23
1989-04-28,,,,,,,,,9.02,9.22
1989-05-01,123.7,5.2,,61.6871,9.81,4579.4,,1331.0,9.14,9.36
1989-05-02,,,,,,,,,9.08,9.27
1989-05-03,,,,,,,,,9.06,9.21
1989-05-04,,,,,,,,,9.06,9.21
1989-05-05,,,,,,,,,8.99,9.04
1989-05-08,,,,,,,,,9.04,9.09
1989-05-09,,,,,,,,,9.15,9.23
1989-05-10,,,,,,,,,9.16,9.27
1989-05-11,,,,,,,,,9.1,9.14
1989-05-12,,,,,,,,,8.81,8.82
1989-05-15,,,,,,,,,8.82,8.91
1989-05-16,,,,,,,,,8.82,8.95
1989-05-17,,,,,,,,,8.8,8.96
1989-05-18,,,,,,,,,8.78,9.0
1989-05-19,,,,,,,,,8.71,8.94
1989-05-22,,,,,,,,,8.58,8.84
1989-05-23,,,,,,,,,8.6,8.83
1989-05-24,,,,,,,,,8.63,8.82
1989-05-25,,,,,,,,,8.67,8.92
1989-05-26,,,,,,,,,8.66,8.89
1989-05-29,,,,,,,,,,
1989-05-30,,,,,,,,,8.64,8.87
1989-05-31,,,,,,,,,8.6,8.82
1989-06-01,124.1,5.3,,61.6857,9.53,4602.2,,1397.0,8.61,8.82
1989-06-02,,,,,,,,,8.43,8.52
1989-06-05,,,,,,,,,8.36,8.44
1989-06-06,,,,,,,,,8.36,8.45
1989-06-07,,,,,,,,,8.27,8.38
1989-06-08,,,,,,,,,8.27,8.33
1989-06-09,,,,,,,,,8.15,8.28
1989-06-12,,,,,,,,,8.16,8.29
1989-06-13,,,,,,,,,8.25,8.41
1989-06-14,,,,,,,,,8.2,8.36
1989-06-15,,,,,,,,,8.33,8.48
1989-06-16,,,,,,,,,8.35,8.53
1989-06-19,,,,,,,,,8.37,8.55
1989-06-20,,,,,,,,,8.31,8.5
1989-06-21,,,,,,,,,8.37,8.53
1989-06-22,,,,,,,,,8.38,8.55
1989-06-23,,,,,,,,,8.25,8.39
1989-06-26,,,,,,,,,8.18,8.35
1989-06-27,,,,,,,,,8.11,8.27
1989-06-28,,,,,,,,,8.17,8.27
1989-06-29,,,,,,,,,8.12,8.16
1989-06-30,,,,,,,,,8.1,8.08
1989-07-01,124.5,5.2,5695.365,61.0896,9.24,4628.5,,1427.0,,
1989-07-03,,,,,,,,,8.09,8.02
1989-07-04,,,,,,,,,,
1989-07-05,,,,,,,,,8.11,7.99
1989-07-06,,,,,,,,,8.08,7.94
1989-07-07,,,,,,,,,8.02,7.83
1989-07-10,,,,,,,,,7.99,7.81
1989-07-11,,,,,,,,,8.0,7.81
1989-07-12,,,,,,,,,8.0,7.74
1989-07-13,,,,,,,,,8.0,7.74
1989-07-14,,,,,,,,,8.04,7.83
1989-07-17,,,,,,,,,8.05,7.85
1989-07-18,,,,,,,,,8.13,7.95
1989-07-19,,,,,,,,,8.09,7.9
1989-07-20,,,,,,,,,8.01,7.81
1989-07-21,,,,,,,,,8.07,7.91
1989-07-24,,,,,,,,,8.05,7.93
1989-07-25,,,,,,,,,8.01,7.84
1989-07-26,,,,,,,,,8.02,7.75
1989-07-27,,,,,,,,,7.92,7.65
1989-07-28,,,,,,,,,7.87,7.56
1989-07-31,,,,,,,,,7.82,7.53
1989-08-01,124.5,5.2,,61.6847,8.99,4639.1,,1332.0,7.74,7.46
1989-08-02,,,,,,,,,7.76,7.53
1989-08-03,,,,,,,,,7.8,7.6
1989-08-04,,,,,,,,,8.0,7.92
1989-08-07,,,,,,,,,8.03,8.01
1989-08-08,,,,,,,,,8.0,7.96
1989-08-09,,,,,,,,,8.05,7.99
1989-08-10,,,,,,,,,8.02,7.99
1989-08-11,,,,,,,,,8.09,8.12
1989-08-14,,,,,,,,,8.24,8.31
1989-08-15,,,,,,,,,8.21,8.29
1989-08-16,,,,,,,,,8.12,8.17
1989-08-17,,,,,,,,,8.18,8.26
1989-08-18,,,,,,,,,8.15,8.26
1989-08-21,,,,,,,,,8.2,8.32
1989-08-22,,,,,,,,,8.29,8.43
1989-08-23,,,,,,,,,8.25,8.37
1989-08-24,,,,,,,,,8.2,8.32
1989-08-25,,,,,,,,,8.21,8.34
1989-08-28,,,,,,,,,8.27,8.41
1989-08-29,,,,,,,,,8.27,8.44
1989-08-30,,,,,,,,,8.25,8.41
1989-08-31,,,,,,,,,8.26,8.42
1989-09-01,124.8,5.3,,61.4794,9.02,4662.3,,1279.0,8.19,8.37
1989-09-04,,,,,,,,,,
1989-09-05,,,,,,,,,8.19,8.37
1989-09-06,,,,,,,,,8.17,8.35
1989-09-07,,,,,,,,,8.17,8.35
1989-09-08,,,,,,,,,8.14,8.27
1989-09-11,,,,,,,,,8.13,8.2
1989-09-12,,,,,,,,,8.13,8.18
1989-09-13,,,,,,,,,8.18,8.2
1989-09-14,,,,,,,,,8.13,8.09
1989-09-15,,,,,,,,,8.09,8.06
1989-09-18,,,,,,,,,8.1,8.13
1989-09-19,,,,,,,,,8.09,8.14
1989-09-20,,,,,,,,,8.15,8.27
1989-09-21,,,,,,,,,8.2,8.32
1989-09-22,,,,,,,,,8.22,8.34
1989-09-25,,,,,,,,,8.32,8.43
1989-09-26,,,,,,,,,8.3,8.36
1989-09-27,,,,,,,,,8.3,8.39
1989-09-28,,,,,,,,,8.3,8.41
1989-09-29,,,,,,,,,8.31,8.46
1989-10-01,125.4,5.3,5747.237,61.4014,8.84,4703.0,,1410.0,,
1989-10-02,,,,,,,,,8.28,8.48
1989-10-03,,,,,,,,,8.23,8.39
1989-10-04,,,,,,,,,8.22,8.37
1989-10-05,,,,,,,,,8.15,8.31
1989-10-06,,,,,,,,,8.03,8.1
1989-10-09,,,,,,,,,,
1989-10-10,,,,,,,,,8.03,8.06
1989-10-11,,,,,,,,,8.07,8.08
1989-10-12,,,,,,,,,8.04,8.01
1989-10-13,,,,,,,,,7.87,7.69
1989-10-16,,,,,,,,,7.98,7.85
1989-10-17,,,,,,,,,8.0,7.83
1989-10-18,,,,,,,,,8.01,7.83
1989-10-19,,,,,,,,,7.96,7.87
1989-10-20,,,,,,,,,7.98,7.92
1989-10-23,,,,,,,,,7.92,7.88
1989-10-24,,,,,,,,,7.87,7.78
1989-10-25,,,,,,,,,7.86,7.76
1989-10-26,,,,,,,,,7.88,7.78
1989-10-27,,,,,,,,,7.94,7.87
1989-10-30,,,,,,,,,7.92,7.85
1989-10-31,,,,,,,,,7.92,7.85
1989-11-01,125.9,5.4,,61.6081,8.55,4718.1,,1351.0,7.91,7.87
1989-11-02,,,,,,,,,7.87,7.81
1989-11-03,,,,,,,,,7.96,8.01
1989-11-06,,,,,,,,,8.0,8.04
1989-11-07,,,,,,,,,7.9,7.87
1989-11-08,,,,,,,,,7.87,7.78
1989-11-09,,,,,,,,,7.9,7.8
1989-11-10,,,,,,,,,7.92,7.83
1989-11-13,,,,,,,,,7.89,7.82
1989-11-14,,,,,,,,,7.87,7.75
1989-11-15,,,,,,,,,7.82,7.69
1989-11-16,,,,,,,,,7.82,7.71
1989-11-17,,,,,,,,,7.88,7.77
1989-11-20,,,,,,,,,7.86,7.77
1989-11-21,,,,,,,,,7.85,7.77
1989-11-22,,,,,,,,,7.81,7.66
1989-11-23,,,,,,,,,,
1989-11-24,,,,,,,,,7.8,7.64
1989-11-27,,,,,,,,,7.85,7.79
1989-11-28,,,,,,,,,7.86,7.78
1989-11-29,,,,,,,,,7.88,7.8
1989-11-30,,,,,,,,,7.84,7.75
1989-12-01,126.3,5.4,,61.9588,8.45,4735.7,,1251.0,7.81,7.7
1989-12-04,,,,,,,,,7.82,7.72
1989-12-05,,,,,,,,,7.82,7.72
1989-12-06,,,,,,,,,7.85,7.8
1989-12-07,,,,,,,,,7.88,7.85
1989-12-08,,,,,,,,,7.82,7.78
1989-12-11,,,,,,,,,7.83,7.78
1989-12-12,,,,,,,,,7.84,7.8
1989-12-13,,,,,,,,,7.82,7.82
1989-12-14,,,,,,,,,7.79,7.75
1989-12-15,,,,,,,,,7.8,7.75
1989-12-18,,,,,,,,,7.77,7.75
1989-12-19,,,,,,,,,7.78,7.72
1989-12-20,,,,,,,,,7.77,7.64
1989-12-21,,,,,,,,,7.77,7.68
1989-12-22,,,,,,,,,7.82,7.74
1989-12-25,,,,,,,,,,
1989-12-26,,,,,,,,,7.95,7.9
1989-12-27,,,,,,,,,7.94,7.9
1989-12-28,,,,,,,,,7.91,7.87
1989-12-29,,,,,,,,,7.93,7.87
1990-01-01,127.5,5.4,5872.701,61.6352,8.23,4783.8,,1551.0,,
1990-01-02,,,,,,,,,7.94,7.87
1990-01-03,,,,,,,,,7.99,7.94
1990-01-04,,,,,,,,,7.98,7.92
1990-01-05,,,,,,,,,7.99,7.9
1990-01-08,,,,,,,,,8.02,7.9
1990-01-09,,,,,,,,,8.02,7.91
1990-01-10,,,,,,,,,8.03,7.91
1990-01-11,,,,,,,,,8.04,7.91
1990-01-12,,,,,,,,,8.1,7.93
1990-01-15,,,,,,,,,,
1990-01-16,,,,,,,,,8.2,8.1
1990-01-17,,,,,,,,,8.19,8.09
1990-01-18,,,,,,,,,8.32,8.25
1990-01-19,,,,,,,,,8.26,8.2
1990-01-22,,,,,,,,,8.27,8.18
1990-01-23,,,,,,,,,8.26,8.18
1990-01-24,,,,,,,,,8.38,8.2
1990-01-25,,,,,,,,,8.42,8.24
1990-01-26,,,,,,,,,8.49,8.28
1990-01-29,,,,,,,,,8.5,8.3
1990-01-30,,,,,,,,,8.51,8.3
1990-01-31,,,,,,,,,8.43,8.28
1990-02-01,128.0,5.3,,62.1951,8.24,4819.8,,1437.0,8.42,8.28
1990-02-02,,,,,,,,,8.5,8.37
1990-02-05,,,,,,,,,8.53,8.37
1990-02-06,,,,,,,,,8.57,8.42
1990-02-07,,,,,,,,,8.52,8.42
1990-02-08,,,,,,,,,8.49,8.37
1990-02-09,,,,,,,,,8.31,8.25
1990-02-12,,,,,,,,,8.4,8.32
1990-02-13,,,,,,,,,8.35,8.21
1990-02-14,,,,,,,,,8.36,8.27
1990-02-15,,,,,,,,,8.43,8.35
1990-02-16,,,,,,,,,8.42,8.36
1990-02-19,,,,,,,,,,
1990-02-20,,,,,,,,,8.62,8.52
1990-02-21,,,,,,,,,8.62,8.5
1990-02-22,,,,,,,,,8.54,8.45
1990-02-23,,,,,,,,,8.53,8.43
1990-02-26,,,,,,,,,8.46,8.38
1990-02-27,,,,,,,,,8.41,8.34
1990-02-28,,,,,,,,,8.51,8.43
1990-03-01,128.6,5.2,,62.4916,8.28,4842.7,,1289.0,8.59,8.53
1990-03-02,,,,,,,,,8.54,8.48
1990-03-05,,,,,,,,,8.65,8.55
1990-03-06,,,,,,,,,8.59,8.54
1990-03-07,,,,,,,,,8.58,8.54
1990-03-08,,,,,,,,,8.57,8.59
1990-03-09,,,,,,,,,8.65,8.73
1990-03-12,,,,,,,,,8.63,8.71
1990-03-13,,,,,,,,,8.73,8.77
1990-03-14,,,,,,,,,8.65,8.69
1990-03-15,,,,,,,,,8.66,8.71
1990-03-16,,,,,,,,,8.59,8.64
1990-03-19,,,,,,,,,8.59,8.68
1990-03-20,,,,,,,,,8.54,8.68
1990-03-21,,,,,,,,,8.55,8.69
1990-03-22,,,,,,,,,8.53,8.62
1990-03-23,,,,,,,,,8.52,8.61
1990-03-26,,,,,,,,,8.51,8.61
1990-03-27,,,,,,,,,8.52,8.59
1990-03-28,,,,,,,,,8.51,8.57
1990-03-29,,,,,,,,,8.6,8.62
1990-03-30,,,,,,,,,8.65,8.64
1990-04-01,128.9,5.4,5960.028,62.3511,8.26,4883.8,,1248.0,,
1990-04-02,,,,,,,,,8.65,8.62
1990-04-03,,,,,,,,,8.63,8.61
1990-04-04,,,,,,,,,8.55,8.54
1990-04-05,,,,,,,,,8.57,8.54
1990-04-06,,,,,,,,,8.56,8.52
1990-04-09,,,,,,,,,8.59,8.54
1990-04-10,,,,,,,,,8.6,8.54
1990-04-11,,,,,,,,,8.63,8.56
1990-04-12,,,,,,,,,8.64,8.57
1990-04-13,,,,,,,,,,
1990-04-16,,,,,,,,,8.68,8.61
1990-04-17,,,,,,,,,8.77,8.7
1990-04-18,,,,,,,,,8.86,8.79
1990-04-19,,,,,,,,,8.87,8.81
1990-04-20,,,,,,,,,8.95,8.82
1990-04-23,,,,,,,,,8.98,8.87
1990-04-24,,,,,,,,,9.0,8.92
1990-04-25,,,,,,,,,9.01,8.95
1990-04-26,,,,,,,,,9.07,9.03
1990-04-27,,,,,,,,,9.06,8.98
1990-04-30,,,,,,,,,9.04,8.96
1990-05-01,129.1,5.4,,62.5353,8.18,4889.5,,1212.0,9.08,9.02
1990-05-02,,,,,,,,,9.09,9.05
1990-05-03,,,,,,,,,9.04,8.98
1990-05-04,,,,,,,,,8.84,8.7
1990-05-07,,,,,,,,,8.87,8.74
1990-05-08,,,,,,,,,8.84,8.68
1990-05-09,,,,,,,,,8.88,8.75
1990-05-10,,,,,,,,,8.82,8.69
1990-05-11,,,,,,,,,8.64,8.55
1990-05-14,,,,,,,,,8.61,8.51
1990-05-15,,,,,,,,,8.65,8.54
1990-05-16,,,,,,,,,8.68,8.54
1990-05-17,,,,,,,,,8.69,8.56
1990-05-18,,,,,,,,,8.75,8.63
1990-05-21,,,,,,,,,8.74,8.61
1990-05-22,,,,,,,,,8.65,8.54
1990-05-23,,,,,,,,,8.61,8.51
1990-05-24,,,,,,,,,8.63,8.5
1990-05-25,,,,,,,,,8.69,8.53
1990-05-28,,,,,,,,,,
1990-05-29,,,,,,,,,8.66,8.52
1990-05-30,,,,,,,,,8.62,8.48
1990-05-31,,,,,,,,,8.6,8.5
1990-06-01,129.9,5.2,,62.7479,8.29,4919.3,,1177.0,8.44,8.33
1990-06-04,,,,,,,,,8.44,8.31
1990-06-05,,,,,,,,,8.47,8.34
1990-06-06,,,,,,,,,8.46,8.34
1990-06-07,,,,,,,,,8.46,8.34
1990-06-08,,,,,,,,,8.46,8.33
1990-06-11,,,,,,,,,8.48,8.36
1990-06-12,,,,,,,,,8.48,8.36
1990-06-13,,,,,,,,,8.4,8.27
1990-06-14,,,,,,,,,8.38,8.24
1990-06-15,,,,,,,,,8.46,8.33
1990-06-18,,,,,,,,,8.5,8.39
1990-06-19,,,,,,,,,8.51,8.41
1990-06-20,,,,,,,,,8.55,8.43
1990-06-21,,,,,,,,,8.52,8.41
1990-06-22,,,,,,,,,8.51,8.4
1990-06-25,,,,,,,,,8.58,8.45
1990-06-26,,,,,,,,,8.56,8.41
1990-06-27,,,,,,,,,8.52,8.37
1990-06-28,,,,,,,,,8.47,8.31
1990-06-29,,,,,,,,,8.43,8.24
1990-07-01,130.5,5.5,6015.116,62.6435,8.15,4948.2,,1171.0,,
1990-07-02,,,,,,,,,8.43,8.25
1990-07-03,,,,,,,,,8.4,8.2
1990-07-04,,,,,,,,,,
1990-07-05,,,,,,,,,8.42,8.22
1990-07-06,,,,,,,,,8.51,8.32
1990-07-09,,,,,,,,,8.57,8.39
1990-07-10,,,,,,,,,8.57,8.4
1990-07-11,,,,,,,,,8.57,8.4
1990-07-12,,,,,,,,,8.5,8.2
1990-07-13,,,,,,,,,8.45,8.13
1990-07-16,,,,,,,,,8.44,8.15
1990-07-17,,,,,,,,,8.44,8.13
1990-07-18,,,,,,,,,8.5,8.13
1990-07-19,,,,,,,,,8.51,8.13
1990-07-20,,,,,,,,,8.48,8.08
1990-07-23,,,,,,,,,8.48,8.05
1990-07-24,,,,,,,,,8.53,8.12
1990-07-25,,,,,,,,,8.49,8.08
1990-07-26,,,,,,,,,8.49,8.08
1990-07-27,,,,,,,,,8.42,8.0
1990-07-30,,,,,,,,,8.34,7.93
1990-07-31,,,,,,,,,8.36,7.91
1990-08-01,131.6,5.7,,62.8704,8.13,4949.9,,1115.0,8.29,7.85
1990-08-02,,,,,,,,,8.41,7.9
1990-08-03,,,,,,,,,8.43,7.79
1990-08-06,,,,,,,,,8.71,7.9
1990-08-07,,,,,,,,,8.78,8.04
1990-08-08,,,,,,,,,8.77,8.02
1990-08-09,,,,,,,,,8.66,7.99
1990-08-10,,,,,,,,,8.68,7.95
1990-08-13,,,,,,,,,8.71,7.94
1990-08-14,,,,,,,,,8.66,7.94
1990-08-15,,,,,,,,,8.64,7.94
1990-08-16,,,,,,,,,8.76,8.09
1990-08-17,,,,,,,,,8.8,8.11
1990-08-20,,,,,,,,,8.81,8.13
1990-08-21,,,,,,,,,8.84,8.19
1990-08-22,,,,,,,,,8.91,8.26
1990-08-23,,,,,,,,,9.0,8.26
1990-08-24,,,,,,,,,9.05,8.32
1990-08-27,,,,,,,,,8.9,8.21
1990-08-28,,,,,,,,,8.94,8.23
1990-08-29,,,,,,,,,8.84,8.16
1990-08-30,,,,,,,,,8.86,8.12
1990-08-31,,,,,,,,,8.86,8.07
1990-09-01,132.5,5.9,,62.8839,8.2,4978.6,,1110.0,,
1990-09-03,,,,,,,,,,
1990-09-04,,,,,,,,,8.9,8.09
1990-09-05,,,,,,,,,8.86,8.04
1990-09-06,,,,,,,,,8.84,8.06
1990-09-07,,,,,,,,,8.81,8.04
1990-09-10,,,,,,,,,8.85,8.09
1990-09-11,,,,,,,,,8.83,8.1
1990-09-12,,,,,,,,,8.82,8.05
1990-09-13,,,,,,,,,8.82,8.01
1990-09-14,,,,,,,,,8.87,8.03
1990-09-17,,,,,,,,,8.9,8.05
1990-09-18,,,,,,,,,8.9,8.03
1990-09-19,,,,,,,,,8.88,8.08
1990-09-20,,,,,,,,,8.91,8.1
1990-09-21,,,,,,,,,8.99,8.12
1990-09-24,,,,,,,,,9.04,8.21
1990-09-25,,,,,,,,,9.02,8.18
1990-09-26,,,,,,,,,9.0,8.16
1990-09-27,,,,,,,,,8.91,8.05
1990-09-28,,,,,,,,,8.82,8.02
1990-10-01,133.4,5.9,6004.733,62.4973,8.11,4966.5,,1014.0,8.71,7.94
1990-10-02,,,,,,,,,8.69,7.92
1990-10-03,,,,,,,,,8.71,7.88
1990-10-04,,,,,,,,,8.67,7.87
1990-10-05,,,,,,,,,8.65,7.81
1990-10-08,,,,,,,,,,
1990-10-09,,,,,,,,,8.83,7.94
1990-10-10,,,,,,,,,8.89,7.99
1990-10-11,,,,,,,,,8.92,7.99
1990-10-12,,,,,,,,,8.84,7.94
1990-10-15,,,,,,,,,8.8,7.92
1990-10-16,,,,,,,,,8.79,7.92
1990-10-17,,,,,,,,,8.76,7.92
1990-10-18,,,,,,,,,8.71,7.91
1990-10-19,,,,,,,,,8.62,7.85
1990-10-22,,,,,,,,,8.63,7.85
1990-10-23,,,,,,,,,8.65,7.84
1990-10-24,,,,,,,,,8.66,7.84
1990-10-25,,,,,,,,,8.62,7.8
1990-10-26,,,,,,,,,8.63,7.8
1990-10-29,,,,,,,,,8.7,7.82
1990-10-30,,,,,,,,,8.7,7.79
1990-10-31,,,,,,,,,8.65,7.77
1990-11-01,133.7,6.2,,61.7175,7.81,4973.5,,1145.0,8.57,7.68
1990-11-02,,,,,,,,,8.57,7.68
1990-11-05,,,,,,,,,8.5,7.63
1990-11-06,,,,,,,,,8.52,7.65
1990-11-07,,,,,,,,,8.57,7.67
1990-11-08,,,,,,,,,8.58,7.67
1990-11-09,,,,,,,,,8.49,7.61
1990-11-12,,,,,,,,,,
1990-11-13,,,,,,,,,8.37,7.6
1990-11-14,,,,,,,,,8.36,7.58
1990-11-15,,,,,,,,,8.37,7.6
1990-11-16,,,,,,,,,8.3,7.58
1990-11-19,,,,,,,,,8.35,7.62
1990-11-20,,,,,,,,,8.31,7.62
1990-11-21,,,,,,,,,8.27,7.55
1990-11-22,,,,,,,,,,
1990-11-23,,,,,,,,,8.28,7.53
1990-11-26,,,,,,,,,8.27,7.55
1990-11-27,,,,,,,,,8.28,7.5
1990-11-28,,,,,,,,,8.3,7.56
1990-11-29,,,,,,,,,8.32,7.58
1990-11-30,,,,,,,,,8.26,7.53
1990-12-01,134.2,6.3,,61.2885,7.31,5004.1,,969.0,,
1990-12-03,,,,,,,,,8.22,7.51
1990-12-04,,,,,,,,,8.2,7.46
1990-12-05,,,,,,,,,8.16,7.46
1990-12-06,,,,,,,,,8.18,7.48
1990-12-07,,,,,,,,,8.03,7.33
1990-12-10,,,,,,,,,7.98,7.28
1990-12-11,,,,,,,,,7.94,7.26
1990-12-12,,,,,,,,,7.91,7.22
1990-12-13,,,,,,,,,7.98,7.31
1990-12-14,,,,,,,,,8.05,7.35
1990-12-17,,,,,,,,,8.02,7.31
1990-12-18,,,,,,,,,7.99,7.28
1990-12-19,,,,,,,,,8.0,7.21
1990-12-20,,,,,,,,,8.05,7.25
1990-12-21,,,,,,,,,8.11,7.3
1990-12-24,,,,,,,,,8.2,7.35
1990-12-25,,,,,,,,,,
1990-12-26,,,,,,,,,8.15,7.27
1990-12-27,,,,,,,,,8.11,7.25
1990-12-28,,,,,,,,,8.14,7.25
1990-12-31,,,,,,,,,8.08,7.15
1991-01-01,134.7,6.4,6035.178,61.0842,6.91,4990.4,,798.0,,
1991-01-02,,,,,,,,,7.97,7.08
1991-01-03,,,,,,,,,7.93,7.08
1991-01-04,,,,,,,,,8.02,7.17
1991-01-07,,,,,,,,,8.13,7.2
1991-01-08,,,,,,,,,8.16,7.15
1991-01-09,,,,,,,,,8.25,7.1
1991-01-10,,,,,,,,,8.16,7.14
1991-01-11,,,,,,,,,8.2,7.14
1991-01-14,,,,,,,,,8.23,7.18
1991-01-15,,,,,,,,,8.22,7.16
1991-01-16,,,,,,,,,8.24,7.21
1991-01-17,,,,,,,,,8.05,7.19
1991-01-18,,,,,,,,,8.03,7.14
1991-01-21,,,,,,,,,,
1991-01-22,,,,,,,,,8.07,7.13
1991-01-23,,,,,,,,,8.04,7.08
1991-01-24,,,,,,,,,8.0,7.04
1991-01-25,,,,,,,,,8.06,7.1
1991-01-28,,,,,,,,,8.06,7.12
1991-01-29,,,,,,,,,8.03,7.1
1991-01-30,,,,,,,,,8.05,7.07
1991-01-31,,,,,,,,,8.03,7.05
1991-02-01,134.8,6.6,,60.6387,6.25,4997.1,,965.0,7.91,6.83
1991-02-04,,,,,,,,,7.88,6.82
1991-02-05,,,,,,,,,7.85,6.8
1991-02-06,,,,,,,,,7.79,6.82
1991-02-07,,,,,,,,,7.82,6.8
1991-02-08,,,,,,,,,7.77,6.8
1991-02-11,,,,,,,,,7.78,6.78
1991-02-12,,,,,,,,,7.78,6.78
1991-02-13,,,,,,,,,7.78,6.78
1991-02-14,,,,,,,,,7.8,6.77
1991-02-15,,,,,,,,,7.78,6.82
1991-02-18,,,,,,,,,,
1991-02-19,,,,,,,,,7.8,6.87
1991-02-20,,,,,,,,,7.84,6.87
1991-02-21,,,,,,,,,7.88,6.9
1991-02-22,,,,,,,,,7.91,6.98
1991-02-25,,,,,,,,,7.91,6.99
1991-02-26,,,,,,,,,7.96,7.0
1991-02-27,,,,,,,,,7.98,7.02
1991-02-28,,,,,,,,,8.02,7.04
1991-03-01,134.8,6.8,,60.2973,6.12,5005.8,,921.0,8.12,7.18
1991-03-04,,,,,,,,,8.12,7.16
1991-03-05,,,,,,,,,8.08,7.13
1991-03-06,,,,,,,,,8.11,7.15
1991-03-07,,,,,,,,,8.07,7.12
1991-03-08,,,,,,,,,8.13,7.08
1991-03-11,,,,,,,,,8.06,7.05
1991-03-12,,,,,,,,,8.09,7.07
1991-03-13,,,,,,,,,8.02,7.0
1991-03-14,,,,,,,,,8.02,6.95
1991-03-15,,,,,,,,,8.1,7.01
1991-03-18,,,,,,,,,8.15,7.09
1991-03-19,,,,,,,,,8.25,7.22
1991-03-20,,,,,,,,,8.2,7.2
1991-03-21,,,,,,,,,8.16,7.13
1991-03-22,,,,,,,,,8.13,7.13
1991-03-25,,,,,,,,,8.13,7.14
1991-03-26,,,,,,,,,8.13,7.16
1991-03-27,,,,,,,,,8.08,7.07
1991-03-28,,,,,,,,,8.05,7.02
1991-03-29,,,,,,,,,,
1991-04-01,135.1,6.7,6126.862,60.4524,5.91,5034.3,,1001.0,8.07,7.01
1991-04-02,,,,,,,,,8.03,6.97
1991-04-03,,,,,,,,,8.05,6.99
1991-04-04,,,,,,,,,8.0,6.94
1991-04-05,,,,,,,,,7.99,6.92
1991-04-08,,,,,,,,,7.98,6.91
1991-04-09,,,,,,,,,8.03,6.94
1991-04-10,,,,,,,,,8.1,7.02
1991-04-11,,,,,,,,,8.09,6.95
1991-04-12,,,,,,,,,7.98,6.88
1991-04-15,,,,,,,,,7.95,6.9
1991-04-16,,,,,,,,,7.97,6.92
1991-04-17,,,,,,,,,7.95,6.9
1991-04-18,,,,,,,,,8.02,6.99
1991-04-19,,,,,,,,,8.1,7.03
1991-04-22,,,,,,,,,8.15,7.07
1991-04-23,,,,,,,,,8.12,7.05
1991-04-24,,,,,,,,,8.06,6.95
1991-04-25,,,,,,,,,8.07,6.93
1991-04-26,,,,,,,,,8.06,6.89
1991-04-29,,,,,,,,,8.07,6.9
1991-04-30,,,,,,,,,8.02,6.8
1991-05-01,135.6,6.9,,61.0587,5.78,5055.9,,996.0,8.01,6.8
1991-05-02,,,,,,,,,7.97,6.76
1991-05-03,,,,,,,,,8.04,6.8
1991-05-06,,,,,,,,,8.05,6.82
1991-05-07,,,,,,,,,8.06,6.82
1991-05-08,,,,,,,,,8.04,6.84
1991-05-09,,,,,,,,,8.02,6.84
1991-05-10,,,,,,,,,8.12,6.87
1991-05-13,,,,,,,,,8.07,6.84
1991-05-14,,,,,,,,,8.14,6.86
1991-05-15,,,,,,,,,8.13,6.84
1991-05-16,,,,,,,,,8.12,6.84
1991-05-17,,,,,,,,,8.08,6.86
1991-05-20,,,,,,,,,8.1,6.86
1991-05-21,,,,,,,,,8.06,6.84
1991-05-22,,,,,,,,,8.06,6.77
1991-05-23,,,,,,,,,8.1,6.74
1991-05-24,,,,,,,,,8.1,6.69
1991-05-27,,,,,,,,,,
1991-05-28,,,,,,,,,8.07,6.66
1991-05-29,,,,,,,,,8.07,6.61
1991-05-30,,,,,,,,,8.02,6.6
1991-05-31,,,,,,,,,8.06,6.68
1991-06-01,136.0,6.9,,61.5514,5.9,5090.8,,1036.0,,
1991-06-03,,,,,,,,,8.14,6.79
1991-06-04,,,,,,,,,8.14,6.79
1991-06-05,,,,,,,,,8.19,6.83
1991-06-06,,,,,,,,,8.23,6.86
1991-06-07,,,,,,,,,8.29,6.98
1991-06-10,,,,,,,,,8.29,7.01
1991-06-11,,,,,,,,,8.29,6.99
1991-06-12,,,,,,,,,8.36,7.08
1991-06-13,,,,,,,,,8.34,7.08
1991-06-14,,,,,,,,,8.29,7.02
1991-06-17,,,,,,,,,8.3,7.02
1991-06-18,,,,,,,,,8.32,7.0
1991-06-19,,,,,,,,,8.33,6.95
1991-06-20,,,,,,,,,8.3,6.87
1991-06-21,,,,,,,,,8.32,6.94
1991-06-24,,,,,,,,,8.33,6.96
1991-06-25,,,,,,,,,8.33,7.04
1991-06-26,,,,,,,,,8.33,7.01
1991-06-27,,,,,,,,,8.32,7.0
1991-06-28,,,,,,,,,8.24,6.9
1991-07-01,136.2,6.8,6205.937,61.7201,5.82,5087.0,,1063.0,8.26,6.97
1991-07-02,,,,,,,,,8.27,7.0
1991-07-03,,,,,,,,,8.26,6.97
1991-07-04,,,,,,,,,,
1991-07-05,,,,,,,,,8.34,7.04
1991-07-08,,,,,,,,,8.34,7.0
1991-07-09,,,,,,,,,8.36,7.0
1991-07-10,,,,,,,,,8.35,6.97
1991-07-11,,,,,,,,,8.3,6.92
1991-07-12,,,,,,,,,8.26,6.88
1991-07-15,,,,,,,,,8.26,6.88
1991-07-16,,,,,,,,,8.27,6.9
1991-07-17,,,,,,,,,8.3,6.94
1991-07-18,,,,,,,,,8.31,6.91
1991-07-19,,,,,,,,,8.28,6.89
1991-07-22,,,,,,,,,8.28,6.91
1991-07-23,,,,,,,,,8.31,6.94
1991-07-24,,,,,,,,,8.24,6.88
1991-07-25,,,,,,,,,8.2,6.87
1991-07-26,,,,,,,,,8.2,6.85
1991-07-29,,,,,,,,,8.2,6.82
1991-07-30,,,,,,,,,8.21,6.84
1991-07-31,,,,,,,,,8.2,6.81
1991-08-01,136.6,6.9,,61.7289,5.66,5108.4,,1049.0,8.2,6.84
1991-08-02,,,,,,,,,8.06,6.69
1991-08-05,,,,,,,,,8.04,6.69
1991-08-06,,,,,,,,,7.97,6.57
1991-08-07,,,,,,,,,7.93,6.54
1991-08-08,,,,,,,,,7.98,6.52
1991-08-09,,,,,,,,,7.98,6.49
1991-08-12,,,,,,,,,7.95,6.49
1991-08-13,,,,,,,,,7.91,6.48
1991-08-14,,,,,,,,,7.82,6.37
1991-08-15,,,,,,,,,7.84,6.33
1991-08-16,,,,,,,,,7.84,6.31
1991-08-19,,,,,,,,,7.83,6.24
1991-08-20,,,,,,,,,7.81,6.17
1991-08-21,,,,,,,,,7.8,6.27
1991-08-22,,,,,,,,,7.78,6.27
1991-08-23,,,,,,,,,7.88,6.46
1991-08-26,,,,,,,,,7.91,6.48
1991-08-27,,,,,,,,,7.89,6.41
1991-08-28,,,,,,,,,7.82,6.3
1991-08-29,,,,,,,,,7.74,6.25
1991-08-30,,,,,,,,,7.82,6.36
1991-09-01,137.0,6.9,,62.2369,5.45,5141.5,,1015.0,,
1991-09-02,,,,,,,,,,
1991-09-03,,,,,,,,,7.81,6.33
1991-09-04,,,,,,,,,7.81,6.31
1991-09-05,,,,,,,,,7.83,6.31
1991-09-06,,,,,,,,,7.76,6.26
1991-09-09,,,,,,,,,7.73,6.23
1991-09-10,,,,,,,,,7.73,6.21
1991-09-11,,,,,,,,,7.74,6.23
1991-09-12,,,,,,,,,7.67,6.2
1991-09-13,,,,,,,,,7.66,6.18
1991-09-16,,,,,,,,,7.63,6.17
1991-09-17,,,,,,,,,7.62,6.18
1991-09-18,,,,,,,,,7.62,6.18
1991-09-19,,,,,,,,,7.61,6.2
1991-09-20,,,,,,,,,7.57,6.18
1991-09-23,,,,,,,,,7.55,6.17
1991-09-24,,,,,,,,,7.56,6.11
1991-09-25,,,,,,,,,7.58,6.12
1991-09-26,,,,,,,,,7.56,6.05
1991-09-27,,,,,,,,,7.49,6.02
1991-09-30,,,,,,,,,7.47,5.99
1991-10-01,137.2,7.0,6264.54,62.1718,5.21,5157.7,,1079.0,7.45,5.99
1991-10-02,,,,,,,,,7.47,5.99
1991-10-03,,,,,,,,,7.47,5.98
1991-10-04,,,,,,,,,7.39,5.91
1991-10-07,,,,,,,,,7.4,5.93
1991-10-08,,,,,,,,,7.43,5.89
1991-10-09,,,,,,,,,7.51,5.93
1991-10-10,,,,,,,,,7.58,5.98
1991-10-11,,,,,,,,,7.49,5.91
1991-10-14,,,,,,,,,,
1991-10-15,,,,,,,,,7.46,5.85
1991-10-16,,,,,,,,,7.45,5.86
1991-10-17,,,,,,,,,7.55,5.93
1991-10-18,,,,,,,,,7.53,5.95
1991-10-21,,,,,,,,,7.62,5.99
1991-10-22,,,,,,,,,7.67,6.02
1991-10-23,,,,,,,,,7.69,6.01
1991-10-24,,,,,,,,,7.65,5.93
1991-10-25,,,,,,,,,7.68,5.93
1991-10-28,,,,,,,,,7.65,5.88
1991-10-29,,,,,,,,,7.51,5.78
1991-10-30,,,,,,,,,7.48,5.73
1991-10-31,,,,,,,,,7.47,5.7
1991-11-01,137.8,7.0,,62.0894,4.81,5177.0,,1103.0,7.48,5.65
1991-11-04,,,,,,,,,7.5,5.63
1991-11-05,,,,,,,,,7.56,5.7
1991-11-06,,,,,,,,,7.51,5.63
1991-11-07,,,,,,,,,7.43,5.62
1991-11-08,,,,,,,,,7.41,5.63
1991-11-11,,,,,,,,,,
1991-11-12,,,,,,,,,7.37,5.65
1991-11-13,,,,,,,,,7.41,5.65
1991-11-14,,,,,,,,,7.35,5.6
1991-11-15,,,,,,,,,7.33,5.54
1991-11-18,,,,,,,,,7.33,5.55
1991-11-19,,,,,,,,,7.37,5.5
1991-11-20,,,,,,,,,7.38,5.52
1991-11-21,,,,,,,,,7.39,5.5
1991-11-22,,,,,,,,,7.44,5.49
1991-11-25,,,,,,,,,7.45,5.5
1991-11-26,,,,,,,,,7.42,5.45
1991-11-27,,,,,,,,,7.42,5.43
1991-11-28,,,,,,,,,,
1991-11-29,,,,,,,,,7.38,5.38
1991-12-01,138.2,7.3,,61.806,4.43,5233.0,,1079.0,,
1991-12-02,,,,,,,,,7.32,5.33
1991-12-03,,,,,,,,,7.28,5.29
1991-12-04,,,,,,,,,7.17,5.22
1991-12-05,,,,,,,,,7.21,5.22
1991-12-06,,,,,,,,,7.26,5.19
1991-12-09,,,,,,,,,7.22,5.09
1991-12-10,,,,,,,,,7.21,5.07
1991-12-11,,,,,,,,,7.22,5.04
1991-12-12,,,,,,,,,7.19,5.06
1991-12-13,,,,,,,,,7.22,5.09
1991-12-16,,,,,,,,,7.21,5.06
1991-12-17,,,,,,,,,7.18,5.02
1991-12-18,,,,,,,,,7.19,5.11
1991-12-19,,,,,,,,,7.11,5.05
1991-12-20,,,,,,,,,6.97,4.8
1991-12-23,,,,,,,,,6.88,4.79
1991-12-24,,,,,,,,,6.88,4.84
1991-12-25,,,,,,,,,,
1991-12-26,,,,,,,,,6.85,4.85
1991-12-27,,,,,,,,,6.82,4.85
1991-12-30,,,,,,,,,6.76,4.8
1991-12-31,,,,,,,,,6.71,4.77
1992-01-01,138.3,7.3,6363.102,61.4823,4.03,5264.8,159177.0,1176.0,,
1992-01-02,,,,,,,,,6.78,4.77
1992-01-03,,,,,,,,,6.85,4.8
1992-01-06,,,,,,,,,6.82,4.76
1992-01-07,,,,,,,,,6.76,4.67
1992-01-08,,,,,,,,,6.77,4.66
1992-01-09,,,,,,,,,6.79,4.77
1992-01-10,,,,,,,,,6.85,4.85
1992-01-13,,,,,,,,,6.92,4.93
1992-01-14,,,,,,,,,7.03,5.0
1992-01-15,,,,,,,,,7.05,5.07
1992-01-16,,,,,,,,,7.13,5.07
1992-01-17,,,,,,,,,7.09,5.02
1992-01-20,,,,,,,,,,
1992-01-21,,,,,,,,,7.03,4.97
1992-01-22,,,,,,,,,7.09,4.95
1992-01-23,,,,,,,,,7.2,5.02
1992-01-24,,,,,,,,,7.25,5.13
1992-01-27,,,,,,,,,7.24,5.15
1992-01-28,,,,,,,,,7.16,5.1
1992-01-29,,,,,,,,,7.25,5.15
1992-01-30,,,,,,,,,7.31,5.17
1992-01-31,,,,,,,,,7.31,5.11
1992-02-01,138.6,7.4,,61.9192,4.06,5303.2,159189.0,1250.0,,
1992-02-03,,,,,,,,,7.36,5.15
1992-02-04,,,,,,,,,7.29,5.12
1992-02-05,,,,,,,,,7.21,5.07
1992-02-06,,,,,,,,,7.2,5.05
1992-02-07,,,,,,,,,7.2,4.97
1992-02-10,,,,,,,,,7.21,4.94
1992-02-11,,,,,,,,,7.23,5.01
1992-02-12,,,,,,,,,7.3,5.08
1992-02-13,,,,,,,,,7.4,5.22
1992-02-14,,,,,,,,,7.41,5.27
1992-02-17,,,,,,,,,,
1992-02-18,,,,,,,,,7.47,5.24
1992-02-19,,,,,,,,,7.42,5.28
1992-02-20,,,,,,,,,7.41,5.3
1992-02-21,,,,,,,,,7.45,5.46
1992-02-24,,,,,,,,,7.47,5.46
1992-02-25,,,,,,,,,7.44,5.43
1992-02-26,,,,,,,,,7.33,5.37
1992-02-27,,,,,,,,,7.35,5.34
1992-02-28,,,,,,,,,7.27,5.27
1992-03-01,139.1,7.4,,62.4403,3.98,5323.8,158647.0,1297.0,,
1992-03-02,,,,,,,,,7.38,5.45
1992-03-03,,,,,,,,,7.43,5.48
1992-03-04,,,,,,,,,7.43,5.5
1992-03-05,,,,,,,,,7.51,5.62
1992-03-06,,,,,,,,,7.48,5.6
1992-03-09,,,,,,,,,7.42,5.54
1992-03-10,,,,,,,,,7.43,5.56
1992-03-11,,,,,,,,,7.51,5.58
1992-03-12,,,,,,,,,7.62,5.74
1992-03-13,,,,,,,,,7.71,5.86
1992-03-16,,,,,,,,,7.69,5.87
1992-03-17,,,,,,,,,7.62,5.83
1992-03-18,,,,,,,,,7.62,5.84
1992-03-19,,,,,,,,,7.57,5.79
1992-03-20,,,,,,,,,7.64,5.86
1992-03-23,,,,,,,,,7.62,5.87
1992-03-24,,,,,,,,,7.53,5.78
1992-03-25,,,,,,,,,7.53,5.72
1992-03-26,,,,,,,,,7.57,5.69
1992-03-27,,,,,,,,,7.54,5.68
1992-03-30,,,,,,,,,7.54,5.61
1992-03-31,,,,,,,,,7.54,5.6
1992-04-01,139.4,7.4,6470.763,62.9199,3.73,5357.4,159921.0,1099.0,7.46,5.53
1992-04-02,,,,,,,,,7.47,5.55
1992-04-03,,,,,,,,,7.42,5.37
1992-04-06,,,,,,,,,7.41,5.36
1992-04-07,,,,,,,,,7.41,5.34
1992-04-08,,,,,,,,,7.44,5.33
1992-04-09,,,,,,,,,7.35,5.09
1992-04-10,,,,,,,,,7.37,5.16
1992-04-13,,,,,,,,,7.33,5.11
1992-04-14,,,,,,,,,7.35,5.15
1992-04-15,,,,,,,,,7.37,5.22
1992-04-16,,,,,,,,,7.45,5.34
1992-04-17,,,,,,,,,,
1992-04-20,,,,,,,,,7.59,5.45
1992-04-21,,,,,,,,,7.58,5.41
1992-04-22,,,,,,,,,7.57,5.41
1992-04-23,,,,,,,,,7.59,5.41
1992-04-24,,,,,,,,,7.55,5.33
1992-04-27,,,,,,,,,7.6,5.42
1992-04-28,,,,,,,,,7.57,5.4
1992-04-29,,,,,,,,,7.6,5.39
1992-04-30,,,,,,,,,7.61,5.46
1992-05-01,139.7,7.6,,63.1268,3.82,5392.4,160471.0,1214.0,7.56,5.33
1992-05-04,,,,,,,,,7.58,5.32
1992-05-05,,,,,,,,,7.56,5.3
1992-05-06,,,,,,,,,7.46,5.25
1992-05-07,,,,,,,,,7.49,5.34
1992-05-08,,,,,,,,,7.41,5.29
1992-05-11,,,,,,,,,7.4,5.24
1992-05-12,,,,,,,,,7.36,5.19
1992-05-13,,,,,,,,,7.34,5.14
1992-05-14,,,,,,,,,7.34,5.13
1992-05-15,,,,,,,,,7.28,5.11
1992-05-18,,,,,,,,,7.28,5.12
1992-05-19,,,,,,,,,7.2,5.0
1992-05-20,,,,,,,,,7.25,5.13
1992-05-21,,,,,,,,,7.39,5.34
1992-05-22,,,,,,,,,7.35,5.24
1992-05-25,,,,,,,,,,
1992-05-26,,,,,,,,,7.46,5.35
1992-05-27,,,,,,,,,7.44,5.28
1992-05-28,,,,,,,,,7.36,5.22
1992-05-29,,,,,,,,,7.33,5.19
1992-06-01,140.1,7.8,,63.1624,3.76,5424.0,161205.0,1145.0,7.39,5.29
1992-06-02,,,,,,,,,7.35,5.23
1992-06-03,,,,,,,,,7.34,5.2
1992-06-04,,,,,,,,,7.34,5.22
1992-06-05,,,,,,,,,7.31,5.13
1992-06-08,,,,,,,,,7.31,5.11
1992-06-09,,,,,,,,,7.33,5.11
1992-06-10,,,,,,,,,7.35,5.13
1992-06-11,,,,,,,,,7.33,5.09
1992-06-12,,,,,,,,,7.29,5.06
1992-06-15,,,,,,,,,7.28,5.05
1992-06-16,,,,,,,,,7.24,5.02
1992-06-17,,,,,,,,,7.23,5.0
1992-06-18,,,,,,,,,7.19,4.94
1992-06-19,,,,,,,,,7.24,5.0
1992-06-22,,,,,,,,,7.24,4.99
1992-06-23,,,,,,,,,7.25,5.1
1992-06-24,,,,,,,,,7.2,4.96
1992-06-25,,,,,,,,,7.14,4.89
1992-06-26,,,,,,,,,7.15,4.88
1992-06-29,,,,,,,,,7.12,4.83
1992-06-30,,,,,,,,,7.14,4.83
1992-07-01,140.5,7.7,6566.641,63.7348,3.25,5437.1,162855.0,1139.0,7.1,4.82
1992-07-02,,,,,,,,,6.93,4.55
1992-07-03,,,,,,,,,,
1992-07-06,,,,,,,,,6.9,4.46
1992-07-07,,,,,,,,,6.87,4.4
1992-07-08,,,,,,,,,6.91,4.4
1992-07-09,,,,,,,,,6.91,4.4
1992-07-10,,,,,,,,,6.93,4.38
1992-07-13,,,,,,,,,6.97,4.4
1992-07-14,,,,,,,,,6.97,4.32
1992-07-15,,,,,,,,,6.9,4.25
1992-07-16,,,,,,,,,6.87,4.25
1992-07-17,,,,,,,,,6.9,4.27
1992-07-20,,,,,,,,,6.9,4.3
1992-07-21,,,,,,,,,6.89,4.34
1992-07-22,,,,,,,,,6.85,4.29
1992-07-23,,,,,,,,,6.72,4.2
1992-07-24,,,,,,,,,6.73,4.25
1992-07-27,,,,,,,,,6.69,4.27
1992-07-28,,,,,,,,,6.63,4.27
1992-07-29,,,,,,,,,6.6,4.25
1992-07-30,,,,,,,,,6.69,4.33
1992-07-31,,,,,,,,,6.72,4.42
1992-08-01,140.8,7.6,,63.3802,3.3,5465.1,162412.0,1226.0,,
1992-08-03,,,,,,,,,6.72,4.4
1992-08-04,,,,,,,,,6.66,4.31
1992-08-05,,,,,,,,,6.64,4.29
1992-08-06,,,,,,,,,6.65,4.29
1992-08-07,,,,,,,,,6.57,4.18
1992-08-10,,,,,,,,,6.52,4.12
1992-08-11,,,,,,,,,6.5,4.15
1992-08-12,,,,,,,,,6.48,4.19
1992-08-13,,,,,,,,,6.55,4.19
1992-08-14,,,,,,,,,6.53,4.14
1992-08-17,,,,,,,,,6.56,4.13
1992-08-18,,,,,,,,,6.48,4.04
1992-08-19,,,,,,,,,6.47,4.06
1992-08-20,,,,,,,,,6.46,4.04
1992-08-21,,,,,,,,,6.53,4.13
1992-08-24,,,,,,,,,6.68,4.27
1992-08-25,,,,,,,,,6.73,4.32
1992-08-26,,,,,,,,,6.68,4.26
1992-08-27,,,,,,,,,6.64,4.23
1992-08-28,,,,,,,,,6.63,4.16
1992-08-31,,,,,,,,,6.62,4.15
1992-09-01,141.1,7.6,,63.5834,3.22,5452.8,164361.0,1186.0,6.56,4.12
1992-09-02,,,,,,,,,6.54,4.1
1992-09-03,,,,,,,,,6.54,4.09
1992-09-04,,,,,,,,,6.4,3.89
1992-09-07,,,,,,,,,,
1992-09-08,,,,,,,,,6.29,3.83
1992-09-09,,,,,,,,,6.31,3.85
1992-09-10,,,,,,,,,6.31,3.83
1992-09-11,,,,,,,,,6.37,3.87
1992-09-14,,,,,,,,,6.32,3.8
1992-09-15,,,,,,,,,6.4,3.89
1992-09-16,,,,,,,,,6.41,3.87
1992-09-17,,,,,,,,,6.4,3.86
1992-09-18,,,,,,,,,6.41,3.86
1992-09-21,,,,,,,,,6.42,3.91
1992-09-22,,,,,,,,,6.5,3.98
1992-09-23,,,,,,,,,6.54,3.97
1992-09-24,,,,,,,,,6.48,3.91
1992-09-25,,,,,,,,,6.41,3.78
1992-09-28,,,,,,,,,6.37,3.77
1992-09-29,,,,,,,,,6.37,3.8
1992-09-30,,,,,,,,,6.37,3.8
1992-10-01,141.7,7.3,6680.803,64.0178,3.1,5444.9,166063.0,1244.0,6.23,3.67
1992-10-02,,,,,,,,,6.26,3.71
1992-10-05,,,,,,,,,6.24,3.68
1992-10-06,,,,,,,,,6.3,3.74
1992-10-07,,,,,,,,,6.46,3.88
1992-10-08,,,,,,,,,6.41,3.83
1992-10-09,,,,,,,,,6.52,4.0
1992-10-12,,,,,,,,,,
1992-10-13,,,,,,,,,6.51,3.99
1992-10-14,,,,,,,,,6.51,4.02
1992-10-15,,,,,,,,,6.53,4.02
1992-10-16,,,,,,,,,6.6,4.04
1992-10-19,,,,,,,,,6.69,4.15
1992-10-20,,,,,,,,,6.86,4.34
1992-10-21,,,,,,,,,6.8,4.29
1992-10-22,,,,,,,,,6.74,4.24
1992-10-23,,,,,,,,,6.83,4.37
1992-10-26,,,,,,,,,6.83,4.39
1992-10-27,,,,,,,,,6.78,4.32
1992-10-28,,,,,,,,,6.76,4.33
1992-10-29,,,,,,,,,6.71,4.33
1992-10-30,,,,,,,,,6.8,4.4
1992-11-01,142.1,7.4,,64.2628,3.09,5467.4,166124.0,1214.0,,
1992-11-02,,,,,,,,,6.88,4.47
1992-11-03,,,,,,,,,6.87,4.44
1992-11-04,,,,,,,,,6.89,4.44
1992-11-05,,,,,,,,,6.87,4.39
1992-11-06,,,,,,,,,6.97,4.48
1992-11-09,,,,,,,,,7.0,4.57
1992-11-10,,,,,,,,,6.91,4.5
1992-11-11,,,,,,,,,,
1992-11-12,,,,,,,,,6.79,4.44
1992-11-13,,,,,,,,,6.82,4.54
1992-11-16,,,,,,,,,6.9,4.68
1992-11-17,,,,,,,,,6.86,4.67
1992-11-18,,,,,,,,,6.78,4.58
1992-11-19,,,,,,,,,6.81,4.59
1992-11-20,,,,,,,,,6.84,4.66
1992-11-23,,,,,,,,,6.86,4.69
1992-11-24,,,,,,,,,6.82,4.61
1992-11-25,,,,,,,,,6.84,4.7
1992-11-26,,,,,,,,,,
1992-11-27,,,,,,,,,6.93,4.77
1992-11-30,,,,,,,,,6.95,4.79
1992-12-01,142.3,7.4,,64.3599,2.92,5676.8,167691.0,1227.0,6.94,4.81
1992-12-02,,,,,,,,,6.93,4.81
1992-12-03,,,,,,,,,6.91,4.78
1992-12-04,,,,,,,,,6.84,4.7
1992-12-07,,,,,,,,,6.78,4.62
1992-12-08,,,,,,,,,6.73,4.59
1992-12-09,,,,,,,,,6.76,4.61
1992-12-10,,,,,,,,,6.77,4.67
1992-12-11,,,,,,,,,6.8,4.78
1992-12-14,,,,,,,,,6.83,4.8
1992-12-15,,,,,,,,,6.83,4.77
1992-12-16,,,,,,,,,6.77,4.67
1992-12-17,,,,,,,,,6.77,4.69
1992-12-18,,,,,,,,,6.76,4.66
1992-12-21,,,,,,,,,6.71,4.64
1992-12-22,,,,,,,,,6.65,4.64
1992-12-23,,,,,,,,,6.68,4.63
1992-12-24,,,,,,,,,6.69,4.6
1992-12-25,,,,,,,,,,
1992-12-28,,,,,,,,,6.72,4.64
1992-12-29,,,,,,,,,6.69,4.61
1992-12-30,,,,,,,,,6.68,4.54
1992-12-31,,,,,,,,,6.7,4.56
1993-01-01,142.8,7.3,6729.459,64.6135,3.02,5534.1,169500.0,1210.0,,
1993-01-04,,,,,,,,,6.6,4.48
1993-01-05,,,,,,,,,6.61,4.48
1993-01-06,,,,,,,,,6.63,4.52
1993-01-07,,,,,,,,,6.76,4.64
1993-01-08,,,,,,,,,6.75,4.5
1993-01-11,,,,,,,,,6.71,4.48
1993-01-12,,,,,,,,,6.72,4.48
1993-01-13,,,,,,,,,6.71,4.46
1993-01-14,,,,,,,,,6.65,4.4
1993-01-15,,,,,,,,,6.6,4.31
1993-01-18,,,,,,,,,,
1993-01-19,,,,,,,,,6.59,4.39
1993-01-20,,,,,,,,,6.61,4.41
1993-01-21,,,,,,,,,6.6,4.36
1993-01-22,,,,,,,,,6.57,4.3
1993-01-25,,,,,,,,,6.48,4.26
1993-01-26,,,,,,,,,6.5,4.3
1993-01-27,,,,,,,,,6.48,4.24
1993-01-28,,,,,,,,,6.44,4.2
1993-01-29,,,,,,,,,6.39,4.2
1993-02-01,143.1,7.1,,64.9262,3.03,5568.0,168840.0,1210.0,6.38,4.19
1993-02-02,,,,,,,,,6.46,4.25
1993-02-03,,,,,,,,,6.45,4.27
1993-02-04,,,,,,,,,6.39,4.19
1993-02-05,,,,,,,,,6.32,4.07
1993-02-08,,,,,,,,,6.37,4.16
1993-02-09,,,,,,,,,6.41,4.2
1993-02-10,,,,,,,,,6.4,4.27
1993-02-11,,,,,,,,,6.37,4.2
1993-02-12,,,,,,,,,6.35,4.2
1993-02-15,,,,,,,,,,
1993-02-16,,,,,,,,,6.34,4.14
1993-02-17,,,,,,,,,6.28,4.06
1993-02-18,,,,,,,,,6.17,3.95
1993-02-19,,,,,,,,,6.15,3.99
1993-02-22,,,,,,,,,6.09,3.99
1993-02-23,,,,,,,,,5.92,3.9
1993-02-24,,,,,,,,,6.01,3.97
1993-02-25,,,,,,,,,6.03,3.95
1993-02-26,,,,,,,,,6.03,3.92
1993-03-01,143.3,7.0,,64.8627,3.07,5565.0,167682.0,1083.0,5.94,3.88
1993-03-02,,,,,,,,,5.95,3.88
1993-03-03,,,,,,,,,5.88,3.81
1993-03-04,,,,,,,,,5.83,3.75
1993-03-05,,,,,,,,,5.9,3.91
1993-03-08,,,,,,,,,5.85,3.97
1993-03-09,,,,,,,,,5.91,4.02
1993-03-10,,,,,,,,,5.97,4.05
1993-03-11,,,,,,,,,5.96,4.01
1993-03-12,,,,,,,,,6.11,4.11
1993-03-15,,,,,,,,,6.17,4.1
1993-03-16,,,,,,,,,6.06,4.02
1993-03-17,,,,,,,,,6.02,3.98
1993-03-18,,,,,,,,,5.93,3.91
1993-03-19,,,,,,,,,5.95,3.95
1993-03-22,,,,,,,,,5.96,3.92
1993-03-23,,,,,,,,,5.91,3.88
1993-03-24,,,,,,,,,5.95,3.93
1993-03-25,,,,,,,,,5.98,3.92
1993-03-26,,,,,,,,,6.09,4.02
1993-03-29,,,,,,,,,6.06,3.95
1993-03-30,,,,,,,,,6.02,3.91
1993-03-31,,,,,,,,,6.03,3.96
1993-04-01,143.8,7.1,6808.939,65.0423,2.96,5621.8,172102.0,1258.0,6.06,3.94
1993-04-02,,,,,,,,,6.16,3.99
1993-04-05,,,,,,,,,6.13,3.96
1993-04-06,,,,,,,,,6.08,3.93
1993-04-07,,,,,,,,,6.07,3.93
1993-04-08,,,,,,,,,5.97,3.85
1993-04-09,,,,,,,,,,
1993-04-12,,,,,,,,,5.92,3.82
1993-04-13,,,,,,,,,5.93,3.82
1993-04-14,,,,,,,,,5.9,3.78
1993-04-15,,,,,,,,,5.88,3.79
1993-04-16,,,,,,,,,5.89,3.8
1993-04-19,,,,,,,,,5.87,3.78
1993-04-20,,,,,,,,,5.87,3.78
1993-04-21,,,,,,,,,5.86,3.77
1993-04-22,,,,,,,,,5.85,3.75
1993-04-23,,,,,,,,,5.89,3.75
1993-04-26,,,,,,,,,5.94,3.79
1993-04-27,,,,,,,,,6.02,3.88
1993-04-28,,,,,,,,,6.03,3.86
1993-04-29,,,,,,,,,5.99,3.79
1993-04-30,,,,,,,,,6.05,3.83
1993-05-01,144.2,7.1,,64.8006,3.0,5637.9,172960.0,1260.0,,
1993-05-03,,,,,,,,,5.96,3.75
1993-05-04,,,,,,,,,5.92,3.75
1993-05-05,,,,,,,,,5.93,3.8
1993-05-06,,,,,,,,,5.89,3.8
1993-05-07,,,,,,,,,5.92,3.79
1993-05-10,,,,,,,,,5.89,3.79
1993-05-11,,,,,,,,,5.89,3.79
1993-05-12,,,,,,,,,5.96,3.82
1993-05-13,,,,,,,,,6.02,3.91
1993-05-14,,,,,,,,,6.03,3.97
1993-05-17,,,,,,,,,6.07,4.05
1993-05-18,,,,,,,,,6.15,4.08
1993-05-19,,,,,,,,,6.11,4.03
1993-05-20,,,,,,,,,6.09,4.03
1993-05-21,,,,,,,,,6.16,4.14
1993-05-24,,,,,,,,,6.16,4.19
1993-05-25,,,,,,,,,6.17,4.19
1993-05-26,,,,,,,,,6.12,4.2
1993-05-27,,,,,,,,,6.11,4.22
1993-05-28,,,,,,,,,6.16,4.24
1993-05-31,,,,,,,,,,
1993-06-01,144.3,7.0,,64.9476,3.04,5632.9,173018.0,1280.0,6.07,4.16
1993-06-02,,,,,,,,,6.06,4.18
1993-06-03,,,,,,,,,6.02,4.14
1993-06-04,,,,,,,,,6.11,4.31
1993-06-07,,,,,,,,,6.08,4.3
1993-06-08,,,,,,,,,6.09,4.33
1993-06-09,,,,,,,,,6.07,4.29
1993-06-10,,,,,,,,,6.07,4.29
1993-06-11,,,,,,,,,5.97,4.15
1993-06-14,,,,,,,,,5.97,4.13
1993-06-15,,,,,,,,,5.96,4.11
1993-06-16,,,,,,,,,5.96,4.09
1993-06-17,,,,,,,,,5.93,4.08
1993-06-18,,,,,,,,,5.97,4.16
1993-06-21,,,,,,,,,5.92,4.16
1993-06-22,,,,,,,,,5.91,4.15
1993-06-23,,,,,,,,,5.91,4.2
1993-06-24,,,,,,,,,5.88,4.15
1993-06-25,,,,,,,,,5.84,4.1
1993-06-28,,,,,,,,,5.8,4.06
1993-06-29,,,,,,,,,5.79,4.03
1993-06-30,,,,,,,,,5.8,4.03
1993-07-01,144.5,6.9,6882.098,65.1142,3.06,5660.1,175822.0,1254.0,5.8,3.99
1993-07-02,,,,,,,,,5.76,3.93
1993-07-05,,,,,,,,,,
1993-07-06,,,,,,,,,5.8,4.0
1993-07-07,,,,,,,,,5.8,4.0
1993-07-08,,,,,,,,,5.78,4.0
1993-07-09,,,,,,,,,5.76,3.98
1993-07-12,,,,,,,,,5.75,3.99
1993-07-13,,,,,,,,,5.78,4.04
1993-07-14,,,,,,,,,5.72,3.97
1993-07-15,,,,,,,,,5.72,3.99
1993-07-16,,,,,,,,,5.71,3.99
1993-07-19,,,,,,,,,5.71,3.99
1993-07-20,,,,,,,,,5.75,4.09
1993-07-21,,,,,,,,,5.83,4.15
1993-07-22,,,,,,,,,5.9,4.22
1993-07-23,,,,,,,,,5.95,4.25
1993-07-26,,,,,,,,,5.93,4.22
1993-07-27,,,,,,,,,5.92,4.25
1993-07-28,,,,,,,,,5.9,4.21
1993-07-29,,,,,,,,,5.81,4.12
1993-07-30,,,,,,,,,5.83,4.13
1993-08-01,144.8,6.8,,65.0421,3.03,5682.0,175233.0,1300.0,,
1993-08-02,,,,,,,,,5.85,4.19
1993-08-03,,,,,,,,,5.83,4.17
1993-08-04,,,,,,,,,5.87,4.16
1993-08-05,,,,,,,,,5.86,4.12
1993-08-06,,,,,,,,,5.86,4.09
1993-08-09,,,,,,,,,5.82,4.06
1993-08-10,,,,,,,,,5.82,4.1
1993-08-11,,,,,,,,,5.75,4.1
1993-08-12,,,,,,,,,5.77,4.06
1993-08-13,,,,,,,,,5.72,4.0
1993-08-16,,,,,,,,,5.68,3.98
1993-08-17,,,,,,,,,5.7,4.02
1993-08-18,,,,,,,,,5.69,3.98
1993-08-19,,,,,,,,,5.64,3.93
1993-08-20,,,,,,,,,5.61,3.93
1993-08-23,,,,,,,,,5.6,3.97
1993-08-24,,,,,,,,,5.54,3.89
1993-08-25,,,,,,,,,5.51,3.85
1993-08-26,,,,,,,,,5.42,3.82
1993-08-27,,,,,,,,,5.48,3.87
1993-08-30,,,,,,,,,5.44,3.86
1993-08-31,,,,,,,,,5.45,3.88
1993-09-01,145.0,6.7,,65.3749,3.09,5675.1,176608.0,1343.0,5.46,3.88
1993-09-02,,,,,,,,,5.41,3.83
1993-09-03,,,,,,,,,5.31,3.71
1993-09-06,,,,,,,,,,
1993-09-07,,,,,,,,,5.23,3.7
1993-09-08,,,,,,,,,5.23,3.78
1993-09-09,,,,,,,,,5.35,3.88
1993-09-10,,,,,,,,,5.29,3.8
1993-09-13,,,,,,,,,5.26,3.82
1993-09-14,,,,,,,,,5.37,3.91
1993-09-15,,,,,,,,,5.39,3.89
1993-09-16,,,,,,,,,5.37,3.88
1993-09-17,,,,,,,,,5.38,3.89
1993-09-20,,,,,,,,,5.42,3.92
1993-09-21,,,,,,,,,5.47,3.9
1993-09-22,,,,,,,,,5.45,3.9
1993-09-23,,,,,,,,,5.42,3.87
1993-09-24,,,,,,,,,5.42,3.9
1993-09-27,,,,,,,,,5.3,3.81
1993-09-28,,,,,,,,,5.28,3.79
1993-09-29,,,,,,,,,5.35,3.84
1993-09-30,,,,,,,,,5.4,3.89
1993-10-01,145.6,6.8,7013.738,65.863,2.99,5669.1,177588.0,1392.0,5.34,3.84
1993-10-04,,,,,,,,,5.34,3.85
1993-10-05,,,,,,,,,5.35,3.86
1993-10-06,,,,,,,,,5.35,3.85
1993-10-07,,,,,,,,,5.33,3.83
1993-10-08,,,,,,,,,5.26,3.78
1993-10-11,,,,,,,,,,
1993-10-12,,,,,,,,,5.27,3.82
1993-10-13,,,,,,,,,5.27,3.84
1993-10-14,,,,,,,,,5.23,3.82
1993-10-15,,,,,,,,,5.19,3.81
1993-10-18,,,,,,,,,5.27,3.84
1993-10-19,,,,,,,,,5.27,3.86
1993-10-20,,,,,,,,,5.26,3.86
1993-10-21,,,,,,,,,5.35,3.89
1993-10-22,,,,,,,,,5.42,3.91
1993-10-25,,,,,,,,,5.47,3.95
1993-10-26,,,,,,,,,5.43,3.93
1993-10-27,,,,,,,,,5.44,3.99
1993-10-28,,,,,,,,,5.41,3.97
1993-10-29,,,,,,,,,5.43,3.99
1993-11-01,146.0,6.6,,66.1696,3.02,5694.4,179758.0,1376.0,5.56,4.11
1993-11-02,,,,,,,,,5.63,4.16
1993-11-03,,,,,,,,,5.67,4.13
1993-11-04,,,,,,,,,5.67,4.13
1993-11-05,,,,,,,,,5.75,4.2
1993-11-08,,,,,,,,,5.7,4.13
1993-11-09,,,,,,,,,5.64,4.12
1993-11-10,,,,,,,,,5.72,4.17
1993-11-11,,,,,,,,,,
1993-11-12,,,,,,,,,5.66,4.11
1993-11-15,,,,,,,,,5.69,4.11
1993-11-16,,,,,,,,,5.66,4.1
1993-11-17,,,,,,,,,5.65,4.09
1993-11-18,,,,,,,,,5.72,4.15
1993-11-19,,,,,,,,,5.84,4.22
1993-11-22,,,,,,,,,5.89,4.26
1993-11-23,,,,,,,,,5.82,4.19
1993-11-24,,,,,,,,,5.84,4.18
1993-11-25,,,,,,,,,,
1993-11-26,,,,,,,,,5.78,4.16
1993-11-29,,,,,,,,,5.76,4.17
1993-11-30,,,,,,,,,5.83,4.22
1993-12-01,146.3,6.5,,66.5531,2.96,5893.8,181077.0,1533.0,5.82,4.2
1993-12-02,,,,,,,,,5.81,4.22
1993-12-03,,,,,,,,,5.8,4.24
1993-12-06,,,,,,,,,5.72,4.19
1993-12-07,,,,,,,,,5.71,4.17
1993-12-08,,,,,,,,,5.71,4.18
1993-12-09,,,,,,,,,5.68,4.18
1993-12-10,,,,,,,,,5.73,4.21
1993-12-13,,,,,,,,,5.78,4.23
1993-12-14,,,,,,,,,5.82,4.25
1993-12-15,,,,,,,,,5.83,4.22
1993-12-16,,,,,,,,,5.84,4.23
1993-12-17,,,,,,,,,5.81,4.2
1993-12-20,,,,,,,,,5.83,4.22
1993-12-21,,,,,,,,,5.85,4.26
1993-12-22,,,,,,,,,5.74,4.19
1993-12-23,,,,,,,,,5.72,4.18
1993-12-24,,,,,,,,,,
1993-12-27,,,,,,,,,5.72,4.2
1993-12-28,,,,,,,,,5.72,4.2
1993-12-29,,,,,,,,,5.74,4.2
1993-12-30,,,,,,,,,5.82,4.25
1993-12-31,,,,,,,,,5.83,4.25
1994-01-01,146.3,6.6,7115.652,66.7591,3.05,5779.0,179615.0,1272.0,,
1994-01-03,,,,,,,,,5.92,4.3
1994-01-04,,,,,,,,,5.88,4.29
1994-01-05,,,,,,,,,5.9,4.31
1994-01-06,,,,,,,,,5.84,4.24
1994-01-07,,,,,,,,,5.7,4.09
1994-01-10,,,,,,,,,5.67,4.08
1994-01-11,,,,,,,,,5.67,4.08
1994-01-12,,,,,,,,,5.6,4.05
1994-01-13,,,,,,,,,5.71,4.13
1994-01-14,,,,,,,,,5.78,4.17
1994-01-17,,,,,,,,,,
1994-01-18,,,,,,,,,5.74,4.14
1994-01-19,,,,,,,,,5.76,4.12
1994-01-20,,,,,,,,,5.71,4.07
1994-01-21,,,,,,,,,5.73,4.09
1994-01-24,,,,,,,,,5.74,4.09
1994-01-25,,,,,,,,,5.78,4.11
1994-01-26,,,,,,,,,5.77,4.13
1994-01-27,,,,,,,,,5.73,4.11
1994-01-28,,,,,,,,,5.68,4.08
1994-01-31,,,,,,,,,5.7,4.12
1994-02-01,146.7,6.6,,66.8019,3.25,5798.0,183101.0,1337.0,5.77,4.2
1994-02-02,,,,,,,,,5.77,4.2
1994-02-03,,,,,,,,,5.81,4.28
1994-02-04,,,,,,,,,5.94,4.42
1994-02-07,,,,,,,,,5.96,4.41
1994-02-08,,,,,,,,,6.01,4.44
1994-02-09,,,,,,,,,5.92,4.43
1994-02-10,,,,,,,,,5.91,4.45
1994-02-11,,,,,,,,,5.88,4.44
1994-02-14,,,,,,,,,5.9,4.44
1994-02-15,,,,,,,,,5.88,4.44
1994-02-16,,,,,,,,,5.89,4.44
1994-02-17,,,,,,,,,6.0,4.5
1994-02-18,,,,,,,,,6.09,4.57
1994-02-21,,,,,,,,,,
1994-02-22,,,,,,,,,6.05,4.57
1994-02-23,,,,,,,,,6.13,4.67
1994-02-24,,,,,,,,,6.22,4.72
1994-02-25,,,,,,,,,6.21,4.72
1994-02-28,,,,,,,,,6.15,4.67
1994-03-01,147.1,6.5,,67.4704,3.34,5829.4,186721.0,1564.0,6.28,4.81
1994-03-02,,,,,,,,,6.3,4.79
1994-03-03,,,,,,,,,6.35,4.83
1994-03-04,,,,,,,,,6.38,4.88
1994-03-07,,,,,,,,,6.32,4.87
1994-03-08,,,,,,,,,6.38,4.92
1994-03-09,,,,,,,,,6.38,4.96
1994-03-10,,,,,,,,,6.48,4.96
1994-03-11,,,,,,,,,6.46,4.95
1994-03-14,,,,,,,,,6.5,4.99
1994-03-15,,,,,,,,,6.47,4.99
1994-03-16,,,,,,,,,6.4,4.96
1994-03-17,,,,,,,,,6.4,4.94
1994-03-18,,,,,,,,,6.49,5.03
1994-03-21,,,,,,,,,6.55,5.09
1994-03-22,,,,,,,,,6.44,5.03
1994-03-23,,,,,,,,,6.44,5.0
1994-03-24,,,,,,,,,6.58,5.08
1994-03-25,,,,,,,,,6.61,5.1
1994-03-28,,,,,,,,,6.63,5.12
1994-03-29,,,,,,,,,6.71,5.19
1994-03-30,,,,,,,,,6.78,5.19
1994-03-31,,,,,,,,,6.77,5.21
1994-04-01,147.2,6.4,7246.931,67.8707,3.56,5890.5,186423.0,1465.0,,
1994-04-04,,,,,,,,,7.16,5.57
1994-04-05,,,,,,,,,6.97,5.45
1994-04-06,,,,,,,,,6.93,5.4
1994-04-07,,,,,,,,,6.86,5.37
1994-04-08,,,,,,,,,6.94,5.43
1994-04-11,,,,,,,,,6.92,5.43
1994-04-12,,,,,,,,,6.87,5.4
1994-04-13,,,,,,,,,6.93,5.43
1994-04-14,,,,,,,,,6.97,5.49
1994-04-15,,,,,,,,,6.97,5.51
1994-04-18,,,,,,,,,7.14,5.7
1994-04-19,,,,,,,,,7.1,5.7
1994-04-20,,,,,,,,,7.05,5.67
1994-04-21,,,,,,,,,6.91,5.59
1994-04-22,,,,,,,,,6.93,5.62
1994-04-25,,,,,,,,,6.86,5.61
1994-04-26,,,,,,,,,6.86,5.59
1994-04-27,,,,,,,,,,
1994-04-28,,,,,,,,,7.04,5.75
1994-04-29,,,,,,,,,7.06,5.73
1994-05-01,147.5,6.1,,68.187,4.01,5911.1,185616.0,1526.0,,
1994-05-02,,,,,,,,,7.09,5.81
1994-05-03,,,,,,,,,7.13,5.86
1994-05-04,,,,,,,,,7.14,5.89
1994-05-05,,,,,,,,,7.11,5.88
1994-05-06,,,,,,,,,7.35,6.12
1994-05-09,,,,,,,,,7.49,6.26
1994-05-10,,,,,,,,,7.33,6.13
1994-05-11,,,,,,,,,7.4,6.2
1994-05-12,,,,,,,,,7.36,6.13
1994-05-13,,,,,,,,,7.29,6.05
1994-05-16,,,,,,,,,7.24,6.03
1994-05-17,,,,,,,,,7.03,5.88
1994-05-18,,,,,,,,,7.03,5.83
1994-05-19,,,,,,,,,6.96,5.73
1994-05-20,,,,,,,,,7.02,5.8
1994-05-23,,,,,,,,,7.19,5.94
1994-05-24,,,,,,,,,7.17,5.94
1994-05-25,,,,,,,,,7.14,5.95
1994-05-26,,,,,,,,,7.09,5.92
1994-05-27,,,,,,,,,7.12,5.97
1994-05-30,,,,,,,,,,
1994-05-31,,,,,,,,,7.17,6.01
1994-06-01,147.9,6.1,,68.645,4.25,5917.5,187800.0,1409.0,7.12,5.98
1994-06-02,,,,,,,,,7.07,5.93
1994-06-03,,,,,,,,,6.98,5.84
1994-06-06,,,,,,,,,6.91,5.78
1994-06-07,,,,,,,,,6.95,5.8
1994-06-08,,,,,,,,,6.96,5.78
1994-06-09,,,,,,,,,6.98,5.8
1994-06-10,,,,,,,,,7.03,5.85
1994-06-13,,,,,,,,,7.07,5.91
1994-06-14,,,,,,,,,7.0,5.81
1994-06-15,,,,,,,,,7.1,5.88
1994-06-16,,,,,,,,,7.07,5.83
1994-06-17,,,,,,,,,7.14,5.88
1994-06-20,,,,,,,,,7.16,5.92
1994-06-21,,,,,,,,,7.22,6.04
1994-06-22,,,,,,,,,7.13,5.97
1994-06-23,,,,,,,,,7.1,5.94
1994-06-24,,,,,,,,,7.22,6.06
1994-06-27,,,,,,,,,7.18,6.05
1994-06-28,,,,,,,,,7.26,6.13
1994-06-29,,,,,,,,,7.24,6.12
1994-06-30,,,,,,,,,7.34,6.19
1994-07-01,148.4,6.1,7331.075,68.7317,4.26,5946.4,188062.0,1439.0,7.34,6.19
1994-07-04,,,,,,,,,,
1994-07-05,,,,,,,,,7.31,6.14
1994-07-06,,,,,,,,,7.32,6.11
1994-07-07,,,,,,,,,7.3,6.11
1994-07-08,,,,,,,,,7.42,6.25
1994-07-11,,,,,,,,,7.47,6.29
1994-07-12,,,,,,,,,7.43,6.24
1994-07-13,,,,,,,,,7.41,6.22
1994-07-14,,,,,,,,,7.25,6.05
1994-07-15,,,,,,,,,7.25,6.04
1994-07-18,,,,,,,,,7.2,5.99
1994-07-19,,,,,,,,,7.15,5.94
1994-07-20,,,,,,,,,7.25,6.06
1994-07-21,,,,,,,,,7.27,6.11
1994-07-22,,,,,,,,,7.29,6.15
1994-07-25,,,,,,,,,7.27,6.13
1994-07-26,,,,,,,,,7.28,6.16
1994-07-27,,,,,,,,,7.34,6.22
1994-07-28,,,,,,,,,7.29,6.21
1994-07-29,,,,,,,,,7.12,5.99
1994-08-01,149.0,6.0,,69.1882,4.47,5968.7,190771.0,1450.0,7.13,6.03
1994-08-02,,,,,,,,,7.11,5.98
1994-08-03,,,,,,,,,7.09,5.96
1994-08-04,,,,,,,,,7.12,5.98
1994-08-05,,,,,,,,,7.28,6.18
1994-08-08,,,,,,,,,7.28,6.22
1994-08-09,,,,,,,,,7.33,6.26
1994-08-10,,,,,,,,,7.3,6.21
1994-08-11,,,,,,,,,7.36,6.26
1994-08-12,,,,,,,,,7.27,6.22
1994-08-15,,,,,,,,,7.3,6.26
1994-08-16,,,,,,,,,7.19,6.21
1994-08-17,,,,,,,,,7.15,6.14
1994-08-18,,,,,,,,,7.28,6.23
1994-08-19,,,,,,,,,7.27,6.23
1994-08-22,,,,,,,,,7.31,6.27
1994-08-23,,,,,,,,,7.28,6.26
1994-08-24,,,,,,,,,7.22,6.18
1994-08-25,,,,,,,,,7.29,6.24
1994-08-26,,,,,,,,,7.24,6.21
1994-08-29,,,,,,,,,7.24,6.2
1994-08-30,,,,,,,,,7.2,6.18
1994-08-31,,,,,,,,,7.19,6.17
1994-09-01,149.3,5.9,,69.3935,4.73,6001.5,192585.0,1474.0,7.19,6.15
1994-09-02,,,,,,,,,7.21,6.17
1994-09-05,,,,,,,,,,
1994-09-06,,,,,,,,,7.27,6.22
1994-09-07,,,,,,,,,7.29,6.22
1994-09-08,,,,,,,,,7.3,6.22
1994-09-09,,,,,,,,,7.44,6.35
1994-09-12,,,,,,,,,7.46,6.37
1994-09-13,,,,,,,,,7.44,6.35
1994-09-14,,,,,,,,,7.41,6.33
1994-09-15,,,,,,,,,7.35,6.28
1994-09-16,,,,,,,,,7.52,6.42
1994-09-19,,,,,,,,,7.49,6.39
1994-09-20,,,,,,,,,7.53,6.44
1994-09-21,,,,,,,,,7.56,6.52
1994-09-22,,,,,,,,,7.56,6.5
1994-09-23,,,,,,,,,7.57,6.52
1994-09-26,,,,,,,,,7.57,6.54
1994-09-27,,,,,,,,,7.61,6.52
1994-09-28,,,,,,,,,7.57,6.51
1994-09-29,,,,,,,,,7.64,6.6
1994-09-30,,,,,,,,,7.62,6.62
1994-10-01,149.4,5.8,7455.288,69.9576,4.76,6065.3,193914.0,1450.0,,
1994-10-03,,,,,,,,,7.66,6.69
1994-10-04,,,,,,,,,7.7,6.68
1994-10-05,,,,,,,,,7.77,6.73
1994-10-06,,,,,,,,,7.78,6.71
1994-10-07,,,,,,,,,7.7,6.65
1994-10-10,,,,,,,,,,
1994-10-11,,,,,,,,,7.65,6.63
1994-10-12,,,,,,,,,7.69,6.67
1994-10-13,,,,,,,,,7.64,6.63
1994-10-14,,,,,,,,,7.61,6.57
1994-10-17,,,,,,,,,7.62,6.61
1994-10-18,,,,,,,,,7.64,6.61
1994-10-19,,,,,,,,,7.68,6.66
1994-10-20,,,,,,,,,7.8,6.77
1994-10-21,,,,,,,,,7.81,6.8
1994-10-24,,,,,,,,,7.86,6.84
1994-10-25,,,,,,,,,7.88,6.87
1994-10-26,,,,,,,,,7.88,6.9
1994-10-27,,,,,,,,,7.88,6.89
1994-10-28,,,,,,,,,7.82,6.82
1994-10-31,,,,,,,,,7.81,6.84
1994-11-01,149.8,5.6,,70.4288,5.29,6075.4,194425.0,1511.0,7.91,6.93
1994-11-02,,,,,,,,,7.96,6.96
1994-11-03,,,,,,,,,7.96,6.98
1994-11-04,,,,,,,,,8.04,7.05
1994-11-07,,,,,,,,,8.05,7.06
1994-11-08,,,,,,,,,8.01,7.02
1994-11-09,,,,,,,,,7.94,7.01
1994-11-10,,,,,,,,,7.98,7.06
1994-11-11,,,,,,,,,,
1994-11-14,,,,,,,,,7.94,7.06
1994-11-15,,,,,,,,,7.92,7.1
1994-11-16,,,,,,,,,7.97,7.15
1994-11-17,,,,,,,,,8.03,7.21
1994-11-18,,,,,,,,,8.01,7.23
1994-11-21,,,,,,,,,8.03,7.3
1994-11-22,,,,,,,,,8.0,7.29
1994-11-23,,,,,,,,,7.81,7.18
1994-11-24,,,,,,,,,,
1994-11-25,,,,,,,,,7.8,7.19
1994-11-28,,,,,,,,,7.88,7.35
1994-11-29,,,,,,,,,7.95,7.44
1994-11-30,,,,,,,,,7.91,7.4
1994-12-01,150.1,5.5,,71.1273,5.45,6108.1,194939.0,1455.0,7.92,7.42
1994-12-02,,,,,,,,,7.81,7.44
1994-12-05,,,,,,,,,7.83,7.58
1994-12-06,,,,,,,,,7.73,7.44
1994-12-07,,,,,,,,,7.81,7.48
1994-12-08,,,,,,,,,7.79,7.51
1994-12-09,,,,,,,,,7.79,7.53
1994-12-12,,,,,,,,,7.85,7.62
1994-12-13,,,,,,,,,7.83,7.71
1994-12-14,,,,,,,,,7.8,7.59
1994-12-15,,,,,,,,,7.79,7.54
1994-12-16,,,,,,,,,7.81,7.59
1994-12-19,,,,,,,,,7.81,7.59
1994-12-20,,,,,,,,,7.81,7.56
1994-12-21,,,,,,,,,7.8,7.58
1994-12-22,,,,,,,,,7.84,7.7
1994-12-23,,,,,,,,,7.85,7.74
1994-12-26,,,,,,,,,,
1994-12-27,,,,,,,,,7.76,7.67
1994-12-28,,,,,,,,,7.8,7.71
1994-12-29,,,,,,,,,7.82,7.69
1994-12-30,,,,,,,,,7.84,7.69
1995-01-01,150.5,5.6,7522.289,71.2635,5.53,6148.6,195908.0,1407.0,,
1995-01-02,,,,,,,,,,
1995-01-03,,,,,,,,,7.88,7.73
1995-01-04,,,,,,,,,7.82,7.62
1995-01-05,,,,,,,,,7.88,7.66
1995-01-06,,,,,,,,,7.87,7.64
1995-01-09,,,,,,,,,7.89,7.68
1995-01-10,,,,,,,,,7.84,7.63
1995-01-11,,,,,,,,,7.79,7.58
1995-01-12,,,,,,,,,7.8,7.56
1995-01-13,,,,,,,,,7.69,7.39
1995-01-16,,,,,,,,,,
1995-01-17,,,,,,,,,7.7,7.44
1995-01-18,,,,,,,,,7.71,7.48
1995-01-19,,,,,,,,,7.74,7.49
1995-01-20,,,,,,,,,7.82,7.5
1995-01-23,,,,,,,,,7.83,7.5
1995-01-24,,,,,,,,,7.86,7.57
1995-01-25,,,,,,,,,7.8,7.5
1995-01-26,,,,,,,,,7.76,7.39
1995-01-27,,,,,,,,,7.66,7.29
1995-01-30,,,,,,,,,7.65,7.23
1995-01-31,,,,,,,,,7.6,7.26
1995-02-01,150.9,5.4,,71.1758,5.92,6173.3,193068.0,1316.0,7.66,7.33
1995-02-02,,,,,,,,,7.68,7.4
1995-02-03,,,,,,,,,7.49,7.14
1995-02-06,,,,,,,,,7.53,7.18
1995-02-07,,,,,,,,,7.52,7.19
1995-02-08,,,,,,,,,7.53,7.18
1995-02-09,,,,,,,,,7.58,7.23
1995-02-10,,,,,,,,,7.62,7.33
1995-02-13,,,,,,,,,7.61,7.32
1995-02-14,,,,,,,,,7.51,7.21
1995-02-15,,,,,,,,,7.45,7.12
1995-02-16,,,,,,,,,7.4,7.02
1995-02-17,,,,,,,,,7.43,7.07
1995-02-20,,,,,,,,,,
1995-02-21,,,,,,,,,7.44,7.09
1995-02-22,,,,,,,,,7.34,6.92
1995-02-23,,,,,,,,,7.34,6.92
1995-02-24,,,,,,,,,7.33,6.89
1995-02-27,,,,,,,,,7.24,6.79
1995-02-28,,,,,,,,,7.22,6.79
1995-03-01,151.2,5.4,,71.2796,5.98,6200.3,195179.0,1249.0,7.23,6.81
1995-03-02,,,,,,,,,7.3,6.88
1995-03-03,,,,,,,,,7.36,6.89
1995-03-06,,,,,,,,,7.41,6.96
1995-03-07,,,,,,,,,7.44,7.0
1995-03-08,,,,,,,,,7.36,6.93
1995-03-09,,,,,,,,,7.3,6.83
1995-03-10,,,,,,,,,7.23,6.83
1995-03-13,,,,,,,,,7.19,6.76
1995-03-14,,,,,,,,,7.09,6.69
1995-03-15,,,,,,,,,7.09,6.71
1995-03-16,,,,,,,,,7.05,6.68
1995-03-17,,,,,,,,,7.12,6.69
1995-03-20,,,,,,,,,7.12,6.69
1995-03-21,,,,,,,,,7.16,6.71
1995-03-22,,,,,,,,,7.21,6.75
1995-03-23,,,,,,,,,7.21,6.75
1995-03-24,,,,,,,,,7.09,6.64
1995-03-27,,,,,,,,,7.05,6.62
1995-03-28,,,,,,,,,7.16,6.73
1995-03-29,,,,,,,,,7.16,6.73
1995-03-30,,,,,,,,,7.18,6.76
1995-03-31,,,,,,,,,7.2,6.8
1995-04-01,151.8,5.8,7580.997,71.1538,6.05,6223.9,195310.0,1267.0,,
1995-04-03,,,,,,,,,7.14,6.75
1995-04-04,,,,,,,,,7.12,6.71
1995-04-05,,,,,,,,,7.12,6.7
1995-04-06,,,,,,,,,7.09,6.66
1995-04-07,,,,,,,,,7.11,6.65
1995-04-10,,,,,,,,,7.12,6.66
1995-04-11,,,,,,,,,7.09,6.65
1995-04-12,,,,,,,,,7.06,6.61
1995-04-13,,,,,,,,,7.03,6.51
1995-04-14,,,,,,,,,,
1995-04-17,,,,,,,,,7.04,6.48
1995-04-18,,,,,,,,,7.04,6.44
1995-04-19,,,,,,,,,7.06,6.51
1995-04-20,,,,,,,,,7.02,6.43
1995-04-21,,,,,,,,,7.01,6.44
1995-04-24,,,,,,,,,7.01,6.46
1995-04-25,,,,,,,,,7.01,6.48
1995-04-26,,,,,,,,,7.01,6.5
1995-04-27,,,,,,,,,7.04,6.55
1995-04-28,,,,,,,,,7.07,6.6
1995-05-01,152.1,5.6,,71.4997,6.01,6238.3,198060.0,1314.0,7.09,6.62
1995-05-02,,,,,,,,,7.04,6.55
1995-05-03,,,,,,,,,6.96,6.47
1995-05-04,,,,,,,,,6.85,6.35
1995-05-05,,,,,,,,,6.69,6.16
1995-05-08,,,,,,,,,6.7,6.18
1995-05-09,,,,,,,,,6.61,6.08
1995-05-10,,,,,,,,,6.66,6.11
1995-05-11,,,,,,,,,6.68,6.2
1995-05-12,,,,,,,,,6.67,6.2
1995-05-15,,,,,,,,,6.62,6.16
1995-05-16,,,,,,,,,6.57,6.11
1995-05-17,,,,,,,,,6.53,6.11
1995-05-18,,,,,,,,,6.61,6.18
1995-05-19,,,,,,,,,6.61,6.19
1995-05-22,,,,,,,,,6.63,6.19
1995-05-23,,,,,,,,,6.57,6.15
1995-05-24,,,,,,,,,6.44,6.01
1995-05-25,,,,,,,,,6.39,5.99
1995-05-26,,,,,,,,,6.4,5.97
1995-05-29,,,,,,,,,,
1995-05-30,,,,,,,,,6.3,5.89
1995-05-31,,,,,,,,,6.3,5.89
1995-06-01,152.4,5.6,,71.7327,6.0,6267.4,200383.0,1281.0,6.2,5.71
1995-06-02,,,,,,,,,6.1,5.54
1995-06-05,,,,,,,,,6.08,5.54
1995-06-06,,,,,,,,,6.08,5.57
1995-06-07,,,,,,,,,6.2,5.74
1995-06-08,,,,,,,,,6.22,5.82
1995-06-09,,,,,,,,,6.4,6.01
1995-06-12,,,,,,,,,6.37,5.96
1995-06-13,,,,,,,,,6.14,5.63
1995-06-14,,,,,,,,,6.15,5.67
1995-06-15,,,,,,,,,6.18,5.73
1995-06-16,,,,,,,,,6.21,5.77
1995-06-19,,,,,,,,,6.13,5.65
1995-06-20,,,,,,,,,6.16,5.72
1995-06-21,,,,,,,,,6.13,5.68
1995-06-22,,,,,,,,,6.04,5.61
1995-06-23,,,,,,,,,6.06,5.64
1995-06-26,,,,,,,,,6.11,5.71
1995-06-27,,,,,,,,,6.15,5.7
1995-06-28,,,,,,,,,6.1,5.67
1995-06-29,,,,,,,,,6.28,5.89
1995-06-30,,,,,,,,,6.21,5.79
1995-07-01,152.6,5.7,7683.125,71.4334,5.85,6296.3,199110.0,1461.0,,
1995-07-03,,,,,,,,,6.21,5.79
1995-07-04,,,,,,,,,,
1995-07-05,,,,,,,,,6.19,5.78
1995-07-06,,,,,,,,,6.05,5.56
1995-07-07,,,,,,,,,6.04,5.54
1995-07-10,,,,,,,,,6.04,5.56
1995-07-11,,,,,,,,,6.09,5.59
1995-07-12,,,,,,,,,6.1,5.59
1995-07-13,,,,,,,,,6.09,5.61
1995-07-14,,,,,,,,,6.15,5.7
1995-07-17,,,,,,,,,6.22,5.77
1995-07-18,,,,,,,,,6.25,5.77
1995-07-19,,,,,,,,,6.43,5.89
1995-07-20,,,,,,,,,6.43,5.91
1995-07-21,,,,,,,,,6.53,5.95
1995-07-24,,,,,,,,,6.46,5.97
1995-07-25,,,,,,,,,6.43,5.94
1995-07-26,,,,,,,,,6.48,5.97
1995-07-27,,,,,,,,,6.43,5.91
1995-07-28,,,,,,,,,6.49,5.92
1995-07-31,,,,,,,,,6.45,5.88
1995-08-01,152.9,5.7,,72.3723,5.74,6319.0,201078.0,1416.0,6.5,5.94
1995-08-02,,,,,,,,,6.44,5.86
1995-08-03,,,,,,,,,6.53,5.94
1995-08-04,,,,,,,,,6.5,5.91
1995-08-07,,,,,,,,,6.48,5.9
1995-08-08,,,,,,,,,6.47,5.9
1995-08-09,,,,,,,,,6.47,5.93
1995-08-10,,,,,,,,,6.51,5.95
1995-08-11,,,,,,,,,6.59,6.05
1995-08-14,,,,,,,,,6.59,6.05
1995-08-15,,,,,,,,,6.57,6.11
1995-08-16,,,,,,,,,6.54,6.07
1995-08-17,,,,,,,,,6.57,6.12
1995-08-18,,,,,,,,,6.57,6.13
1995-08-21,,,,,,,,,6.54,6.08
1995-08-22,,,,,,,,,6.57,6.1
1995-08-23,,,,,,,,,6.6,6.11
1995-08-24,,,,,,,,,6.5,6.0
1995-08-25,,,,,,,,,6.38,5.9
1995-08-28,,,,,,,,,6.34,5.85
1995-08-29,,,,,,,,,6.36,5.93
1995-08-30,,,,,,,,,6.33,5.88
1995-08-31,,,,,,,,,6.28,5.85
1995-09-01,153.1,5.6,,72.6543,5.8,6347.7,201337.0,1369.0,6.22,5.78
1995-09-04,,,,,,,,,,
1995-09-05,,,,,,,,,6.18,5.77
1995-09-06,,,,,,,,,6.17,5.76
1995-09-07,,,,,,,,,6.21,5.8
1995-09-08,,,,,,,,,6.24,5.85
1995-09-11,,,,,,,,,6.24,5.83
1995-09-12,,,,,,,,,6.16,5.77
1995-09-13,,,,,,,,,6.18,5.8
1995-09-14,,,,,,,,,6.08,5.68
1995-09-15,,,,,,,,,6.11,5.71
1995-09-18,,,,,,,,,6.17,5.77
1995-09-19,,,,,,,,,6.14,5.75
1995-09-20,,,,,,,,,6.1,5.73
1995-09-21,,,,,,,,,6.21,5.83
1995-09-22,,,,,,,,,6.25,5.85
1995-09-25,,,,,,,,,6.26,5.89
1995-09-26,,,,,,,,,6.28,5.88
1995-09-27,,,,,,,,,6.3,5.92
1995-09-28,,,,,,,,,6.28,5.92
1995-09-29,,,,,,,,,6.17,5.83
1995-10-01,153.5,5.5,7772.586,72.5336,5.76,6373.5,200597.0,1369.0,,
1995-10-02,,,,,,,,,6.15,5.82
1995-10-03,,,,,,,,,6.13,5.8
1995-10-04,,,,,,,,,6.12,5.75
1995-10-05,,,,,,,,,6.06,5.72
1995-10-06,,,,,,,,,6.06,5.73
1995-10-09,,,,,,,,,,
1995-10-10,,,,,,,,,6.07,5.74
1995-10-11,,,,,,,,,6.09,5.75
1995-10-12,,,,,,,,,6.07,5.72
1995-10-13,,,,,,,,,5.97,5.67
1995-10-16,,,,,,,,,5.97,5.67
1995-10-17,,,,,,,,,5.97,5.65
1995-10-18,,,,,,,,,5.99,5.67
1995-10-19,,,,,,,,,5.98,5.67
1995-10-20,,,,,,,,,6.04,5.72
1995-10-23,,,,,,,,,6.07,5.76
1995-10-24,,,,,,,,,6.02,5.68
1995-10-25,,,,,,,,,6.0,5.64
1995-10-26,,,,,,,,,6.06,5.61
1995-10-27,,,,,,,,,6.05,5.64
1995-10-30,,,,,,,,,6.04,5.62
1995-10-31,,,,,,,,,6.03,5.61
1995-11-01,153.7,5.6,,72.717,5.8,6394.0,203545.0,1452.0,5.98,5.52
1995-11-02,,,,,,,,,5.92,5.46
1995-11-03,,,,,,,,,5.94,5.49
1995-11-06,,,,,,,,,5.96,5.51
1995-11-07,,,,,,,,,5.99,5.54
1995-11-08,,,,,,,,,5.92,5.47
1995-11-09,,,,,,,,,5.97,5.49
1995-11-10,,,,,,,,,6.0,5.52
1995-11-13,,,,,,,,,5.98,5.49
1995-11-14,,,,,,,,,5.97,5.47
1995-11-15,,,,,,,,,6.0,5.53
1995-11-16,,,,,,,,,5.93,5.46
1995-11-17,,,,,,,,,5.92,5.46
1995-11-20,,,,,,,,,5.93,5.46
1995-11-21,,,,,,,,,5.92,5.49
1995-11-22,,,,,,,,,5.93,5.51
1995-11-23,,,,,,,,,,
1995-11-24,,,,,,,,,5.91,5.49
1995-11-27,,,,,,,,,5.88,5.46
1995-11-28,,,,,,,,,5.88,5.45
1995-11-29,,,,,,,,,5.85,5.42
1995-11-30,,,,,,,,,5.76,5.36
1995-12-01,153.9,5.6,,72.9638,5.6,6417.8,204032.0,1431.0,5.71,5.32
1995-12-04,,,,,,,,,5.63,5.27
1995-12-05,,,,,,,,,5.65,5.29
1995-12-06,,,,,,,,,5.67,5.32
1995-12-07,,,,,,,,,5.72,5.39
1995-12-08,,,,,,,,,5.73,5.39
1995-12-11,,,,,,,,,5.71,5.38
1995-12-12,,,,,,,,,5.72,5.39
1995-12-13,,,,,,,,,5.74,5.39
1995-12-14,,,,,,,,,5.74,5.38
1995-12-15,,,,,,,,,5.75,5.36
1995-12-18,,,,,,,,,5.85,5.43
1995-12-19,,,,,,,,,5.81,5.36
1995-12-20,,,,,,,,,5.76,5.33
1995-12-21,,,,,,,,,5.77,5.33
1995-12-22,,,,,,,,,5.71,5.28
1995-12-25,,,,,,,,,,
1995-12-26,,,,,,,,,5.69,5.27
1995-12-27,,,,,,,,,5.66,5.23
1995-12-28,,,,,,,,,5.63,5.2
1995-12-29,,,,,,,,,5.58,5.18
1996-01-01,154.7,5.6,7868.468,72.5712,5.56,6453.9,203793.0,1467.0,,
1996-01-02,,,,,,,,,5.6,5.18
1996-01-03,,,,,,,,,5.58,5.17
1996-01-04,,,,,,,,,5.65,5.17
1996-01-05,,,,,,,,,5.69,5.2
1996-01-08,,,,,,,,,5.68,5.2
1996-01-09,,,,,,,,,5.7,5.18
1996-01-10,,,,,,,,,5.8,5.22
1996-01-11,,,,,,,,,5.78,5.22
1996-01-12,,,,,,,,,5.75,5.17
1996-01-15,,,,,,,,,,
1996-01-16,,,,,,,,,5.66,5.08
1996-01-17,,,,,,,,,5.58,5.05
1996-01-18,,,,,,,,,5.53,5.01
1996-01-19,,,,,,,,,5.54,5.03
1996-01-22,,,,,,,,,5.61,5.08
1996-01-23,,,,,,,,,5.66,5.09
1996-01-24,,,,,,,,,5.62,5.07
1996-01-25,,,,,,,,,5.7,5.11
1996-01-26,,,,,,,,,5.65,5.08
1996-01-29,,,,,,,,,5.69,5.1
1996-01-30,,,,,,,,,5.63,5.02
1996-01-31,,,,,,,,,5.6,4.93
1996-02-01,155.0,5.5,,73.6207,5.22,6517.8,206875.0,1491.0,5.63,4.93
1996-02-02,,,,,,,,,5.66,4.9
1996-02-05,,,,,,,,,5.7,4.95
1996-02-06,,,,,,,,,5.68,4.93
1996-02-07,,,,,,,,,5.66,4.92
1996-02-08,,,,,,,,,5.66,4.9
1996-02-09,,,,,,,,,5.66,4.85
1996-02-12,,,,,,,,,5.61,4.83
1996-02-13,,,,,,,,,5.58,4.8
1996-02-14,,,,,,,,,5.62,4.82
1996-02-15,,,,,,,,,5.7,4.87
1996-02-16,,,,,,,,,5.76,4.9
1996-02-19,,,,,,,,,,
1996-02-20,,,,,,,,,6.01,5.18
1996-02-21,,,,,,,,,5.98,5.16
1996-02-22,,,,,,,,,5.92,5.11
1996-02-23,,,,,,,,,5.97,5.13
1996-02-26,,,,,,,,,6.01,5.18
1996-02-27,,,,,,,,,6.06,5.28
1996-02-28,,,,,,,,,6.11,5.43
1996-02-29,,,,,,,,,6.13,5.44
1996-03-01,155.5,5.5,,73.5141,5.31,6560.4,207650.0,1424.0,5.99,5.26
1996-03-04,,,,,,,,,5.92,5.21
1996-03-05,,,,,,,,,5.96,5.28
1996-03-06,,,,,,,,,6.05,5.36
1996-03-07,,,,,,,,,6.07,5.4
1996-03-08,,,,,,,,,6.41,5.73
1996-03-11,,,,,,,,,6.33,5.71
1996-03-12,,,,,,,,,6.36,5.78
1996-03-13,,,,,,,,,6.35,5.73
1996-03-14,,,,,,,,,6.36,5.7
1996-03-15,,,,,,,,,6.46,5.87
1996-03-18,,,,,,,,,6.43,5.89
1996-03-19,,,,,,,,,6.41,5.85
1996-03-20,,,,,,,,,6.34,5.76
1996-03-21,,,,,,,,,6.28,5.72
1996-03-22,,,,,,,,,6.32,5.74
1996-03-25,,,,,,,,,6.26,5.69
1996-03-26,,,,,,,,,6.25,5.72
1996-03-27,,,,,,,,,6.34,5.81
1996-03-28,,,,,,,,,6.41,5.88
1996-03-29,,,,,,,,,6.34,5.79
1996-04-01,156.1,5.6,8032.84,74.2491,5.22,6597.3,209294.0,1516.0,6.31,5.79
1996-04-02,,,,,,,,,6.25,5.74
1996-04-03,,,,,,,,,6.27,5.77
1996-04-04,,,,,,,,,6.33,5.83
1996-04-05,,,,,,,,,6.57,6.09
1996-04-08,,,,,,,,,6.63,6.11
1996-04-09,,,,,,,,,6.56,6.06
1996-04-10,,,,,,,,,6.63,6.1
1996-04-11,,,,,,,,,6.68,6.12
1996-04-12,,,,,,,,,6.52,5.96
1996-04-15,,,,,,,,,6.47,5.93
1996-04-16,,,,,,,,,6.48,5.91
1996-04-17,,,,,,,,,6.52,5.96
1996-04-18,,,,,,,,,6.58,6.02
1996-04-19,,,,,,,,,6.53,5.95
1996-04-22,,,,,,,,,6.48,5.92
1996-04-23,,,,,,,,,6.52,5.93
1996-04-24,,,,,,,,,6.57,5.95
1996-04-25,,,,,,,,,6.56,5.99
1996-04-26,,,,,,,,,6.54,5.92
1996-04-29,,,,,,,,,6.59,5.98
1996-04-30,,,,,,,,,6.66,6.03
1996-05-01,156.4,5.6,,74.8142,5.24,6637.3,211157.0,1504.0,6.68,6.03
1996-05-02,,,,,,,,,6.85,6.16
1996-05-03,,,,,,,,,6.9,6.2
1996-05-06,,,,,,,,,6.86,6.15
1996-05-07,,,,,,,,,6.87,6.2
1996-05-08,,,,,,,,,6.78,6.15
1996-05-09,,,,,,,,,6.84,6.14
1996-05-10,,,,,,,,,6.75,6.04
1996-05-13,,,,,,,,,6.72,6.06
1996-05-14,,,,,,,,,6.66,6.01
1996-05-15,,,,,,,,,6.65,6.01
1996-05-16,,,,,,,,,6.7,6.08
1996-05-17,,,,,,,,,6.65,6.04
1996-05-20,,,,,,,,,6.62,6.02
1996-05-21,,,,,,,,,6.65,6.03
1996-05-22,,,,,,,,,6.63,6.03
1996-05-23,,,,,,,,,6.68,6.05
1996-05-24,,,,,,,,,6.65,6.03
1996-05-27,,,,,,,,,,
1996-05-28,,,,,,,,,6.67,6.05
1996-05-29,,,,,,,,,6.77,6.16
1996-05-30,,,,,,,,,6.78,6.18
1996-05-31,,,,,,,,,6.85,6.27
1996-06-01,156.7,5.3,,75.3726,5.27,6681.3,209474.0,1467.0,,
1996-06-03,,,,,,,,,6.87,6.26
1996-06-04,,,,,,,,,6.86,6.24
1996-06-05,,,,,,,,,6.82,6.24
1996-06-06,,,,,,,,,6.76,6.16
1996-06-07,,,,,,,,,6.93,6.4
1996-06-10,,,,,,,,,6.97,6.4
1996-06-11,,,,,,,,,6.99,6.37
1996-06-12,,,,,,,,,7.03,6.39
1996-06-13,,,,,,,,,7.01,6.36
1996-06-14,,,,,,,,,6.95,6.29
1996-06-17,,,,,,,,,6.9,6.27
1996-06-18,,,,,,,,,6.93,6.28
1996-06-19,,,,,,,,,6.96,6.31
1996-06-20,,,,,,,,,6.98,6.38
1996-06-21,,,,,,,,,6.96,6.35
1996-06-24,,,,,,,,,6.94,6.32
1996-06-25,,,,,,,,,6.91,6.3
1996-06-26,,,,,,,,,6.91,6.3
1996-06-27,,,,,,,,,6.83,6.21
1996-06-28,,,,,,,,,6.73,6.11
1996-07-01,157.0,5.5,8131.408,75.3738,5.4,6681.6,210827.0,1472.0,6.74,6.15
1996-07-02,,,,,,,,,6.8,6.22
1996-07-03,,,,,,,,,6.78,6.2
1996-07-04,,,,,,,,,,
1996-07-05,,,,,,,,,7.06,6.44
1996-07-08,,,,,,,,,7.05,6.43
1996-07-09,,,,,,,,,7.0,6.41
1996-07-10,,,,,,,,,6.95,6.34
1996-07-11,,,,,,,,,6.9,6.28
1996-07-12,,,,,,,,,6.85,6.26
1996-07-15,,,,,,,,,6.89,6.32
1996-07-16,,,,,,,,,6.84,6.23
1996-07-17,,,,,,,,,6.83,6.23
1996-07-18,,,,,,,,,6.72,6.16
1996-07-19,,,,,,,,,6.78,6.18
1996-07-22,,,,,,,,,6.84,6.23
1996-07-23,,,,,,,,,6.8,6.23
1996-07-24,,,,,,,,,6.87,6.26
1996-07-25,,,,,,,,,6.87,6.28
1996-07-26,,,,,,,,,6.85,6.25
1996-07-29,,,,,,,,,6.93,6.32
1996-07-30,,,,,,,,,6.89,6.3
1996-07-31,,,,,,,,,6.8,6.22
1996-08-01,157.2,5.1,,75.7557,5.22,6709.4,210846.0,1557.0,6.65,6.08
1996-08-02,,,,,,,,,6.51,5.91
1996-08-05,,,,,,,,,6.53,5.93
1996-08-06,,,,,,,,,6.54,5.93
1996-08-07,,,,,,,,,6.55,5.97
1996-08-08,,,,,,,,,6.56,5.97
1996-08-09,,,,,,,,,6.5,5.93
1996-08-12,,,,,,,,,6.49,5.92
1996-08-13,,,,,,,,,6.57,5.97
1996-08-14,,,,,,,,,6.58,5.97
1996-08-15,,,,,,,,,6.62,6.0
1996-08-16,,,,,,,,,6.56,5.95
1996-08-19,,,,,,,,,6.59,5.97
1996-08-20,,,,,,,,,6.59,5.97
1996-08-21,,,,,,,,,6.61,5.99
1996-08-22,,,,,,,,,6.62,6.0
1996-08-23,,,,,,,,,6.72,6.09
1996-08-26,,,,,,,,,6.8,6.18
1996-08-27,,,,,,,,,6.78,6.17
1996-08-28,,,,,,,,,6.79,6.17
1996-08-29,,,,,,,,,6.86,6.23
1996-08-30,,,,,,,,,6.96,6.34
1996-09-01,157.7,5.2,,76.2302,5.3,6747.4,213233.0,1475.0,,
1996-09-02,,,,,,,,,,
1996-09-03,,,,,,,,,6.92,6.35
1996-09-04,,,,,,,,,6.94,6.38
1996-09-05,,,,,,,,,6.98,6.38
1996-09-06,,,,,,,,,6.94,6.33
1996-09-09,,,,,,,,,6.9,6.32
1996-09-10,,,,,,,,,6.94,6.34
1996-09-11,,,,,,,,,6.94,6.34
1996-09-12,,,,,,,,,6.88,6.27
1996-09-13,,,,,,,,,6.74,6.1
1996-09-16,,,,,,,,,6.73,6.14
1996-09-17,,,,,,,,,6.81,6.22
1996-09-18,,,,,,,,,6.83,6.26
1996-09-19,,,,,,,,,6.87,6.29
1996-09-20,,,,,,,,,6.85,6.26
1996-09-23,,,,,,,,,6.83,6.24
1996-09-24,,,,,,,,,6.77,6.16
1996-09-25,,,,,,,,,6.71,6.08
1996-09-26,,,,,,,,,6.66,6.05
1996-09-27,,,,,,,,,6.68,6.07
1996-09-30,,,,,,,,,6.72,6.1
1996-10-01,158.2,5.2,8259.771,76.2157,5.24,6768.8,215526.0,1392.0,6.65,6.03
1996-10-02,,,,,,,,,6.61,5.98
1996-10-03,,,,,,,,,6.61,6.0
1996-10-04,,,,,,,,,6.48,5.85
1996-10-07,,,,,,,,,6.53,5.89
1996-10-08,,,,,,,,,6.53,5.9
1996-10-09,,,,,,,,,6.55,5.96
1996-10-10,,,,,,,,,6.61,6.01
1996-10-11,,,,,,,,,6.55,5.92
1996-10-14,,,,,,,,,,
1996-10-15,,,,,,,,,6.56,5.93
1996-10-16,,,,,,,,,6.57,5.94
1996-10-17,,,,,,,,,6.51,5.89
1996-10-18,,,,,,,,,6.5,5.89
1996-10-21,,,,,,,,,6.52,5.91
1996-10-22,,,,,,,,,6.56,5.95
1996-10-23,,,,,,,,,6.56,5.94
1996-10-24,,,,,,,,,6.57,5.94
1996-10-25,,,,,,,,,6.54,5.9
1996-10-28,,,,,,,,,6.56,5.92
1996-10-29,,,,,,,,,6.4,5.77
1996-10-30,,,,,,,,,6.4,5.79
1996-10-31,,,,,,,,,6.37,5.77
1996-11-01,158.7,5.4,,76.8973,5.31,6802.4,215167.0,1489.0,6.38,5.79
1996-11-04,,,,,,,,,6.36,5.78
1996-11-05,,,,,,,,,6.28,5.74
1996-11-06,,,,,,,,,6.3,5.76
1996-11-07,,,,,,,,,6.26,5.75
1996-11-08,,,,,,,,,6.29,5.76
1996-11-11,,,,,,,,,,
1996-11-12,,,,,,,,,6.19,5.73
1996-11-13,,,,,,,,,6.2,5.71
1996-11-14,,,,,,,,,6.15,5.66
1996-11-15,,,,,,,,,6.19,5.68
1996-11-18,,,,,,,,,6.2,5.7
1996-11-19,,,,,,,,,6.17,5.68
1996-11-20,,,,,,,,,6.14,5.65
1996-11-21,,,,,,,,,6.15,5.67
1996-11-22,,,,,,,,,6.15,5.69
1996-11-25,,,,,,,,,6.13,5.67
1996-11-26,,,,,,,,,6.13,5.66
1996-11-27,,,,,,,,,6.14,5.66
1996-11-28,,,,,,,,,,
1996-11-29,,,,,,,,,6.06,5.59
1996-12-01,159.1,5.4,,77.3772,5.29,6836.6,215690.0,1370.0,,
1996-12-02,,,,,,,,,6.08,5.61
1996-12-03,,,,,,,,,6.06,5.61
1996-12-04,,,,,,,,,6.11,5.64
1996-12-05,,,,,,,,,6.22,5.71
1996-12-06,,,,,,,,,6.26,5.73
1996-12-09,,,,,,,,,6.21,5.7
1996-12-10,,,,,,,,,6.23,5.71
1996-12-11,,,,,,,,,6.38,5.82
1996-12-12,,,,,,,,,6.4,5.84
1996-12-13,,,,,,,,,6.33,5.77
1996-12-16,,,,,,,,,6.39,5.82
1996-12-17,,,,,,,,,6.42,5.87
1996-12-18,,,,,,,,,6.46,5.89
1996-12-19,,,,,,,,,6.36,5.83
1996-12-20,,,,,,,,,6.35,5.83
1996-12-23,,,,,,,,,6.34,5.85
1996-12-24,,,,,,,,,6.36,5.85
1996-12-25,,,,,,,,,,
1996-12-26,,,,,,,,,6.35,5.85
1996-12-27,,,,,,,,,6.3,5.81
1996-12-30,,,,,,,,,6.31,5.8
1996-12-31,,,,,,,,,6.43,5.88
1997-01-01,159.4,5.3,8362.655,77.5135,5.25,6884.8,218124.0,1355.0,,
1997-01-02,,,,,,,,,6.54,5.97
1997-01-03,,,,,,,,,6.52,5.95
1997-01-06,,,,,,,,,6.54,5.97
1997-01-07,,,,,,,,,6.57,5.98
1997-01-08,,,,,,,,,6.6,6.01
1997-01-09,,,,,,,,,6.52,5.94
1997-01-10,,,,,,,,,6.63,6.06
1997-01-13,,,,,,,,,6.63,6.07
1997-01-14,,,,,,,,,6.53,5.98
1997-01-15,,,,,,,,,6.53,5.98
1997-01-16,,,,,,,,,6.57,6.0
1997-01-17,,,,,,,,,6.56,6.0
1997-01-20,,,,,,,,,,
1997-01-21,,,,,,,,,6.52,5.99
1997-01-22,,,,,,,,,6.56,6.0
1997-01-23,,,,,,,,,6.6,6.06
1997-01-24,,,,,,,,,6.64,6.07
1997-01-27,,,,,,,,,6.69,6.11
1997-01-28,,,,,,,,,6.64,6.04
1997-01-29,,,,,,,,,6.63,6.04
1997-01-30,,,,,,,,,6.61,6.01
1997-01-31,,,,,,,,,6.53,5.94
1997-02-01,159.7,5.2,,78.4255,5.19,6920.9,219587.0,1486.0,,
1997-02-03,,,,,,,,,6.47,5.89
1997-02-04,,,,,,,,,6.45,5.88
1997-02-05,,,,,,,,,6.47,5.91
1997-02-06,,,,,,,,,6.49,5.91
1997-02-07,,,,,,,,,6.43,5.86
1997-02-10,,,,,,,,,6.43,5.87
1997-02-11,,,,,,,,,6.43,5.88
1997-02-12,,,,,,,,,6.39,5.9
1997-02-13,,,,,,,,,6.32,5.83
1997-02-14,,,,,,,,,6.28,5.79
1997-02-17,,,,,,,,,,
1997-02-18,,,,,,,,,6.28,5.8
1997-02-19,,,,,,,,,6.3,5.82
1997-02-20,,,,,,,,,6.38,5.85
1997-02-21,,,,,,,,,6.36,5.85
1997-02-24,,,,,,,,,6.39,5.89
1997-02-25,,,,,,,,,6.4,5.9
1997-02-26,,,,,,,,,6.56,6.06
1997-02-27,,,,,,,,,6.58,6.09
1997-02-28,,,,,,,,,6.56,6.09
1997-03-01,159.8,5.2,,78.9197,5.39,6960.8,221189.0,1457.0,,
1997-03-03,,,,,,,,,6.58,6.11
1997-03-04,,,,,,,,,6.6,6.11
1997-03-05,,,,,,,,,6.6,6.13
1997-03-06,,,,,,,,,6.62,6.15
1997-03-07,,,,,,,,,6.57,6.1
1997-03-10,,,,,,,,,6.56,6.1
1997-03-11,,,,,,,,,6.57,6.09
1997-03-12,,,,,,,,,6.6,6.12
1997-03-13,,,,,,,,,6.72,6.21
1997-03-14,,,,,,,,,6.71,6.18
1997-03-17,,,,,,,,,6.72,6.22
1997-03-18,,,,,,,,,6.72,6.22
1997-03-19,,,,,,,,,6.74,6.24
1997-03-20,,,,,,,,,6.75,6.27
1997-03-21,,,,,,,,,6.74,6.29
1997-03-24,,,,,,,,,6.72,6.29
1997-03-25,,,,,,,,,6.75,6.33
1997-03-26,,,,,,,,,6.8,6.38
1997-03-27,,,,,,,,,6.9,6.45
1997-03-28,,,,,,,,,,
1997-03-31,,,,,,,,,6.92,6.45
1997-04-01,159.9,5.1,8518.825,78.9848,5.51,6972.8,217925.0,1492.0,6.9,6.42
1997-04-02,,,,,,,,,6.88,6.42
1997-04-03,,,,,,,,,6.86,6.4
1997-04-04,,,,,,,,,6.92,6.44
1997-04-07,,,,,,,,,6.87,6.41
1997-04-08,,,,,,,,,6.91,6.44
1997-04-09,,,,,,,,,6.91,6.44
1997-04-10,,,,,,,,,6.91,6.46
1997-04-11,,,,,,,,,6.98,6.53
1997-04-14,,,,,,,,,6.98,6.54
1997-04-15,,,,,,,,,6.88,6.45
1997-04-16,,,,,,,,,6.9,6.49
1997-04-17,,,,,,,,,6.86,6.44
1997-04-18,,,,,,,,,6.84,6.42
1997-04-21,,,,,,,,,6.87,6.46
1997-04-22,,,,,,,,,6.84,6.43
1997-04-23,,,,,,,,,6.89,6.47
1997-04-24,,,,,,,,,6.93,6.52
1997-04-25,,,,,,,,,6.94,6.54
1997-04-28,,,,,,,,,6.92,6.51
1997-04-29,,,,,,,,,6.77,6.34
1997-04-30,,,,,,,,,6.72,6.29
1997-05-01,159.9,4.9,,79.4296,5.5,7001.3,217771.0,1442.0,6.69,6.27
1997-05-02,,,,,,,,,6.68,6.26
1997-05-05,,,,,,,,,6.67,6.28
1997-05-06,,,,,,,,,6.67,6.29
1997-05-07,,,,,,,,,6.76,6.36
1997-05-08,,,,,,,,,6.72,6.33
1997-05-09,,,,,,,,,6.67,6.24
1997-05-12,,,,,,,,,6.65,6.23
1997-05-13,,,,,,,,,6.71,6.3
1997-05-14,,,,,,,,,6.68,6.26
1997-05-15,,,,,,,,,6.67,6.25
1997-05-16,,,,,,,,,6.7,6.28
1997-05-19,,,,,,,,,6.71,6.28
1997-05-20,,,,,,,,,6.7,6.25
1997-05-21,,,,,,,,,6.74,6.25
1997-05-22,,,,,,,,,6.76,6.27
1997-05-23,,,,,,,,,6.74,6.25
1997-05-26,,,,,,,,,,
1997-05-27,,,,,,,,,6.79,6.3
1997-05-28,,,,,,,,,6.8,6.34
1997-05-29,,,,,,,,,6.75,6.3
1997-05-30,,,,,,,,,6.67,6.22
1997-06-01,160.2,5.0,,79.7971,5.56,7035.8,220233.0,1494.0,,
1997-06-02,,,,,,,,,6.66,6.23
1997-06-03,,,,,,,,,6.63,6.2
1997-06-04,,,,,,,,,6.62,6.2
1997-06-05,,,,,,,,,6.62,6.2
1997-06-06,,,,,,,,,6.51,6.12
1997-06-09,,,,,,,,,6.55,6.15
1997-06-10,,,,,,,,,6.57,6.17
1997-06-11,,,,,,,,,6.56,6.19
1997-06-12,,,,,,,,,6.48,6.07
1997-06-13,,,,,,,,,6.43,6.03
1997-06-16,,,,,,,,,6.4,6.02
1997-06-17,,,,,,,,,6.43,6.05
1997-06-18,,,,,,,,,6.4,6.02
1997-06-19,,,,,,,,,6.4,6.04
1997-06-20,,,,,,,,,6.37,6.02
1997-06-23,,,,,,,,,6.4,6.04
1997-06-24,,,,,,,,,6.42,6.03
1997-06-25,,,,,,,,,6.45,6.05
1997-06-26,,,,,,,,,6.5,6.05
1997-06-27,,,,,,,,,6.46,6.03
1997-06-30,,,,,,,,,6.51,6.08
1997-07-01,160.4,4.9,8662.823,80.4666,5.52,7071.7,222985.0,1437.0,6.45,6.02
1997-07-02,,,,,,,,,6.42,6.02
1997-07-03,,,,,,,,,6.31,5.93
1997-07-04,,,,,,,,,,
1997-07-07,,,,,,,,,6.27,5.92
1997-07-08,,,,,,,,,6.27,5.92
1997-07-09,,,,,,,,,6.25,5.9
1997-07-10,,,,,,,,,6.26,5.91
1997-07-11,,,,,,,,,6.23,5.89
1997-07-14,,,,,,,,,6.26,5.94
1997-07-15,,,,,,,,,6.26,5.92
1997-07-16,,,,,,,,,6.2,5.87
1997-07-17,,,,,,,,,6.19,5.87
1997-07-18,,,,,,,,,6.24,5.91
1997-07-21,,,,,,,,,6.27,5.94
1997-07-22,,,,,,,,,6.15,5.9
1997-07-23,,,,,,,,,6.14,5.85
1997-07-24,,,,,,,,,6.16,5.87
1997-07-25,,,,,,,,,6.18,5.87
1997-07-28,,,,,,,,,6.16,5.86
1997-07-29,,,,,,,,,6.11,5.79
1997-07-30,,,,,,,,,6.05,5.76
1997-07-31,,,,,,,,,6.02,5.74
1997-08-01,160.8,4.8,,81.2825,5.54,7119.4,223120.0,1390.0,6.2,5.89
1997-08-04,,,,,,,,,6.23,5.91
1997-08-05,,,,,,,,,6.23,5.93
1997-08-06,,,,,,,,,6.21,5.91
1997-08-07,,,,,,,,,6.24,5.93
1997-08-08,,,,,,,,,6.38,6.02
1997-08-11,,,,,,,,,6.36,5.99
1997-08-12,,,,,,,,,6.39,6.0
1997-08-13,,,,,,,,,6.36,5.95
1997-08-14,,,,,,,,,6.27,5.92
1997-08-15,,,,,,,,,6.27,5.87
1997-08-18,,,,,,,,,6.21,5.82
1997-08-19,,,,,,,,,6.21,5.85
1997-08-20,,,,,,,,,6.24,5.88
1997-08-21,,,,,,,,,6.3,5.95
1997-08-22,,,,,,,,,6.38,5.98
1997-08-25,,,,,,,,,6.39,6.01
1997-08-26,,,,,,,,,6.38,5.99
1997-08-27,,,,,,,,,6.38,6.01
1997-08-28,,,,,,,,,6.3,5.94
1997-08-29,,,,,,,,,6.34,5.97
1997-09-01,161.2,4.9,,82.0327,5.54,7158.1,224509.0,1546.0,,
1997-09-02,,,,,,,,,6.31,5.94
1997-09-03,,,,,,,,,6.33,5.96
1997-09-04,,,,,,,,,6.33,5.98
1997-09-05,,,,,,,,,6.37,5.98
1997-09-08,,,,,,,,,6.33,5.98
1997-09-09,,,,,,,,,6.34,5.98
1997-09-10,,,,,,,,,6.37,6.0
1997-09-11,,,,,,,,,6.39,6.0
1997-09-12,,,,,,,,,6.29,5.93
1997-09-15,,,,,,,,,6.28,5.93
1997-09-16,,,,,,,,,6.11,5.81
1997-09-17,,,,,,,,,6.1,5.79
1997-09-18,,,,,,,,,6.11,5.81
1997-09-19,,,,,,,,,6.09,5.81
1997-09-22,,,,,,,,,6.06,5.79
1997-09-23,,,,,,,,,6.1,5.8
1997-09-24,,,,,,,,,6.04,5.78
1997-09-25,,,,,,,,,6.13,5.85
1997-09-26,,,,,,,,,6.08,5.8
1997-09-29,,,,,,,,,6.1,5.8
1997-09-30,,,,,,,,,6.12,5.8
1997-10-01,161.5,4.7,8765.907,82.7656,5.5,7205.1,224300.0,1520.0,6.04,5.75
1997-10-02,,,,,,,,,6.01,5.73
1997-10-03,,,,,,,,,6.01,5.72
1997-10-06,,,,,,,,,5.96,5.68
1997-10-07,,,,,,,,,5.94,5.67
1997-10-08,,,,,,,,,6.08,5.79
1997-10-09,,,,,,,,,6.09,5.8
1997-10-10,,,,,,,,,6.15,5.86
1997-10-13,,,,,,,,,,
1997-10-14,,,,,,,,,6.07,5.81
1997-10-15,,,,,,,,,6.1,5.84
1997-10-16,,,,,,,,,6.09,5.84
1997-10-17,,,,,,,,,6.17,5.91
1997-10-20,,,,,,,,,6.15,5.9
1997-10-21,,,,,,,,,6.14,5.92
1997-10-22,,,,,,,,,6.12,5.91
1997-10-23,,,,,,,,,6.04,5.79
1997-10-24,,,,,,,,,6.01,5.79
1997-10-27,,,,,,,,,5.91,5.62
1997-10-28,,,,,,,,,5.98,5.74
1997-10-29,,,,,,,,,5.91,5.67
1997-10-30,,,,,,,,,5.84,5.61
1997-10-31,,,,,,,,,5.84,5.63
1997-11-01,161.7,4.6,,83.427,5.52,7257.0,223718.0,1510.0,,
1997-11-03,,,,,,,,,5.91,5.69
1997-11-04,,,,,,,,,5.95,5.73
1997-11-05,,,,,,,,,5.95,5.73
1997-11-06,,,,,,,,,5.9,5.7
1997-11-07,,,,,,,,,5.9,5.71
1997-11-10,,,,,,,,,5.91,5.73
1997-11-11,,,,,,,,,,
1997-11-12,,,,,,,,,5.89,5.7
1997-11-13,,,,,,,,,5.87,5.7
1997-11-14,,,,,,,,,5.86,5.7
1997-11-17,,,,,,,,,5.85,5.7
1997-11-18,,,,,,,,,5.85,5.71
1997-11-19,,,,,,,,,5.82,5.7
1997-11-20,,,,,,,,,5.84,5.73
1997-11-21,,,,,,,,,5.82,5.68
1997-11-24,,,,,,,,,5.86,5.71
1997-11-25,,,,,,,,,5.85,5.71
1997-11-26,,,,,,,,,5.86,5.74
1997-11-27,,,,,,,,,,
1997-11-28,,,,,,,,,5.86,5.76
1997-12-01,161.8,4.7,,83.784,5.5,7300.0,225236.0,1566.0,5.86,5.78
1997-12-02,,,,,,,,,5.86,5.78
1997-12-03,,,,,,,,,5.83,5.74
1997-12-04,,,,,,,,,5.84,5.71
1997-12-05,,,,,,,,,5.92,5.8
1997-12-08,,,,,,,,,5.96,5.85
1997-12-09,,,,,,,,,5.95,5.81
1997-12-10,,,,,,,,,5.9,5.75
1997-12-11,,,,,,,,,5.82,5.68
1997-12-12,,,,,,,,,5.74,5.63
1997-12-15,,,,,,,,,5.78,5.68
1997-12-16,,,,,,,,,5.77,5.68
1997-12-17,,,,,,,,,5.81,5.7
1997-12-18,,,,,,,,,5.76,5.68
1997-12-19,,,,,,,,,5.72,5.66
1997-12-22,,,,,,,,,5.72,5.69
1997-12-23,,,,,,,,,5.73,5.69
1997-12-24,,,,,,,,,5.76,5.67
1997-12-25,,,,,,,,,,
1997-12-26,,,,,,,,,5.75,5.69
1997-12-29,,,,,,,,,5.76,5.69
1997-12-30,,,,,,,,,5.8,5.71
1997-12-31,,,,,,,,,5.75,5.66
1998-01-01,162.0,4.6,8866.48,84.1564,5.56,7368.9,225954.0,1525.0,,
1998-01-02,,,,,,,,,5.67,5.59
1998-01-05,,,,,,,,,5.52,5.47
1998-01-06,,,,,,,,,5.49,5.39
1998-01-07,,,,,,,,,5.55,5.42
1998-01-08,,,,,,,,,5.49,5.31
1998-01-09,,,,,,,,,5.4,5.17
1998-01-12,,,,,,,,,5.39,5.2
1998-01-13,,,,,,,,,5.41,5.25
1998-01-14,,,,,,,,,5.45,5.29
1998-01-15,,,,,,,,,5.48,5.29
1998-01-16,,,,,,,,,5.54,5.35
1998-01-19,,,,,,,,,,
1998-01-20,,,,,,,,,5.57,5.37
1998-01-21,,,,,,,,,5.54,5.33
1998-01-22,,,,,,,,,5.56,5.3
1998-01-23,,,,,,,,,5.7,5.42
1998-01-26,,,,,,,,,5.63,5.39
1998-01-27,,,,,,,,,5.7,5.46
1998-01-28,,,,,,,,,5.69,5.46
1998-01-29,,,,,,,,,5.58,5.36
1998-01-30,,,,,,,,,5.53,5.32
1998-02-01,162.0,4.6,,84.3066,5.51,7416.5,225746.0,1584.0,,
1998-02-02,,,,,,,,,5.57,5.36
1998-02-03,,,,,,,,,5.56,5.34
1998-02-04,,,,,,,,,5.57,5.32
1998-02-05,,,,,,,,,5.62,5.36
1998-02-06,,,,,,,,,5.62,5.38
1998-02-09,,,,,,,,,5.65,5.41
1998-02-10,,,,,,,,,5.64,5.41
1998-02-11,,,,,,,,,5.53,5.39
1998-02-12,,,,,,,,,5.52,5.39
1998-02-13,,,,,,,,,5.49,5.36
1998-02-16,,,,,,,,,,
1998-02-17,,,,,,,,,5.44,5.34
1998-02-18,,,,,,,,,5.49,5.37
1998-02-19,,,,,,,,,5.51,5.39
1998-02-20,,,,,,,,,5.54,5.41
1998-02-23,,,,,,,,,5.58,5.46
1998-02-24,,,,,,,,,5.69,5.57
1998-02-25,,,,,,,,,5.63,5.55
1998-02-26,,,,,,,,,5.65,5.58
1998-02-27,,,,,,,,,5.62,5.55
1998-03-01,162.0,4.7,,84.342,5.49,7464.0,226889.0,1567.0,,
1998-03-02,,,,,,,,,5.72,5.6
1998-03-03,,,,,,,,,5.77,5.64
1998-03-04,,,,,,,,,5.76,5.63
1998-03-05,,,,,,,,,5.78,5.62
1998-03-06,,,,,,,,,5.73,5.58
1998-03-09,,,,,,,,,5.67,5.57
1998-03-10,,,,,,,,,5.67,5.55
1998-03-11,,,,,,,,,5.63,5.53
1998-03-12,,,,,,,,,5.56,5.5
1998-03-13,,,,,,,,,5.58,5.5
1998-03-16,,,,,,,,,5.54,5.47
1998-03-17,,,,,,,,,5.56,5.5
1998-03-18,,,,,,,,,5.58,5.52
1998-03-19,,,,,,,,,5.58,5.52
1998-03-20,,,,,,,,,5.57,5.52
1998-03-23,,,,,,,,,5.57,5.52
1998-03-24,,,,,,,,,5.58,5.5
1998-03-25,,,,,,,,,5.64,5.58
1998-03-26,,,,,,,,,5.68,5.62
1998-03-27,,,,,,,,,5.68,5.63
1998-03-30,,,,,,,,,5.72,5.65
1998-03-31,,,,,,,,,5.67,5.6
1998-04-01,162.2,4.3,8969.699,84.6339,5.45,7501.7,230409.0,1540.0,5.62,5.55
1998-04-02,,,,,,,,,5.56,5.52
1998-04-03,,,,,,,,,5.47,5.42
1998-04-06,,,,,,,,,5.51,5.45
1998-04-07,,,,,,,,,5.53,5.45
1998-04-08,,,,,,,,,5.58,5.49
1998-04-09,,,,,,,,,5.59,5.5
1998-04-10,,,,,,,,,,
1998-04-13,,,,,,,,,5.66,5.59
1998-04-14,,,,,,,,,5.63,5.57
1998-04-15,,,,,,,,,5.6,5.55
1998-04-16,,,,,,,,,5.59,5.53
1998-04-17,,,,,,,,,5.59,5.54
1998-04-20,,,,,,,,,5.65,5.57
1998-04-21,,,,,,,,,5.68,5.6
1998-04-22,,,,,,,,,5.68,5.6
1998-04-23,,,,,,,,,5.69,5.61
1998-04-24,,,,,,,,,5.67,5.61
1998-04-27,,,,,,,,,5.8,5.71
1998-04-28,,,,,,,,,5.8,5.69
1998-04-29,,,,,,,,,5.81,5.71
1998-04-30,,,,,,,,,5.68,5.59
1998-05-01,162.6,4.4,,85.1867,5.49,7547.0,230995.0,1536.0,5.67,5.59
1998-05-04,,,,,,,,,5.67,5.59
1998-05-05,,,,,,,,,5.7,5.61
1998-05-06,,,,,,,,,5.67,5.56
1998-05-07,,,,,,,,,5.67,5.56
1998-05-08,,,,,,,,,5.71,5.61
1998-05-11,,,,,,,,,5.79,5.66
1998-05-12,,,,,,,,,5.7,5.59
1998-05-13,,,,,,,,,5.64,5.59
1998-05-14,,,,,,,,,5.67,5.63
1998-05-15,,,,,,,,,5.68,5.63
1998-05-18,,,,,,,,,5.64,5.59
1998-05-19,,,,,,,,,5.65,5.59
1998-05-20,,,,,,,,,5.61,5.57
1998-05-21,,,,,,,,,5.65,5.63
1998-05-22,,,,,,,,,5.64,5.63
1998-05-25,,,,,,,,,,
1998-05-26,,,,,,,,,5.59,5.61
1998-05-27,,,,,,,,,5.56,5.53
1998-05-28,,,,,,,,,5.58,5.57
1998-05-29,,,,,,,,,5.56,5.53
1998-06-01,162.8,4.5,,84.6809,5.56,7584.4,233207.0,1641.0,5.53,5.52
1998-06-02,,,,,,,,,5.56,5.53
1998-06-03,,,,,,,,,5.57,5.55
1998-06-04,,,,,,,,,5.59,5.58
1998-06-05,,,,,,,,,5.58,5.58
1998-06-08,,,,,,,,,5.58,5.58
1998-06-09,,,,,,,,,5.59,5.6
1998-06-10,,,,,,,,,5.51,5.55
1998-06-11,,,,,,,,,5.44,5.45
1998-06-12,,,,,,,,,5.43,5.43
1998-06-15,,,,,,,,,5.38,5.43
1998-06-16,,,,,,,,,5.45,5.5
1998-06-17,,,,,,,,,5.54,5.55
1998-06-18,,,,,,,,,5.5,5.53
1998-06-19,,,,,,,,,5.47,5.52
1998-06-22,,,,,,,,,5.46,5.52
1998-06-23,,,,,,,,,5.45,5.49
1998-06-24,,,,,,,,,5.46,5.49
1998-06-25,,,,,,,,,5.46,5.53
1998-06-26,,,,,,,,,5.46,5.51
1998-06-29,,,,,,,,,5.47,5.51
1998-06-30,,,,,,,,,5.44,5.49
1998-07-01,163.2,4.5,9121.097,84.3445,5.54,7616.9,231551.0,1698.0,5.44,5.46
1998-07-02,,,,,,,,,5.42,5.44
1998-07-03,,,,,,,,,,
1998-07-06,,,,,,,,,5.39,5.43
1998-07-07,,,,,,,,,5.42,5.44
1998-07-08,,,,,,,,,5.43,5.44
1998-07-09,,,,,,,,,5.41,5.43
1998-07-10,,,,,,,,,5.42,5.41
1998-07-13,,,,,,,,,5.46,5.44
1998-07-14,,,,,,,,,5.49,5.46
1998-07-15,,,,,,,,,5.48,5.46
1998-07-16,,,,,,,,,5.5,5.46
1998-07-17,,,,,,,,,5.51,5.46
1998-07-20,,,,,,,,,5.48,5.46
1998-07-21,,,,,,,,,5.45,5.46
1998-07-22,,,,,,,,,5.46,5.48
1998-07-23,,,,,,,,,5.45,5.46
1998-07-24,,,,,,,,,5.45,5.48
1998-07-27,,,,,,,,,5.47,5.48
1998-07-28,,,,,,,,,5.5,5.46
1998-07-29,,,,,,,,,5.52,5.49
1998-07-30,,,,,,,,,5.5,5.49
1998-07-31,,,,,,,,,5.5,5.49
1998-08-01,163.4,4.5,,86.0816,5.55,7656.2,229792.0,1614.0,,
1998-08-03,,,,,,,,,5.46,5.46
1998-08-04,,,,,,,,,5.43,5.43
1998-08-05,,,,,,,,,5.43,5.39
1998-08-06,,,,,,,,,5.44,5.39
1998-08-07,,,,,,,,,5.4,5.34
1998-08-10,,,,,,,,,5.41,5.34
1998-08-11,,,,,,,,,5.37,5.31
1998-08-12,,,,,,,,,5.4,5.32
1998-08-13,,,,,,,,,5.44,5.37
1998-08-14,,,,,,,,,5.4,5.34
1998-08-17,,,,,,,,,5.4,5.34
1998-08-18,,,,,,,,,5.41,5.36
1998-08-19,,,,,,,,,5.42,5.34
1998-08-20,,,,,,,,,5.38,5.32
1998-08-21,,,,,,,,,5.32,5.25
1998-08-24,,,,,,,,,5.3,5.22
1998-08-25,,,,,,,,,5.25,5.18
1998-08-26,,,,,,,,,5.26,5.12
1998-08-27,,,,,,,,,5.12,4.98
1998-08-28,,,,,,,,,5.09,4.93
1998-08-31,,,,,,,,,5.05,4.91
1998-09-01,163.5,4.6,,86.0023,5.51,7678.1,232308.0,1582.0,5.05,4.86
1998-09-02,,,,,,,,,5.1,4.96
1998-09-03,,,,,,,,,5.03,4.91
1998-09-04,,,,,,,,,5.02,4.91
1998-09-07,,,,,,,,,,
1998-09-08,,,,,,,,,5.04,4.91
1998-09-09,,,,,,,,,4.95,4.79
1998-09-10,,,,,,,,,4.76,4.57
1998-09-11,,,,,,,,,4.85,4.68
1998-09-14,,,,,,,,,4.87,4.72
1998-09-15,,,,,,,,,4.9,4.73
1998-09-16,,,,,,,,,4.88,4.75
1998-09-17,,,,,,,,,4.8,4.7
1998-09-18,,,,,,,,,4.7,4.61
1998-09-21,,,,,,,,,4.69,4.63
1998-09-22,,,,,,,,,4.73,4.66
1998-09-23,,,,,,,,,4.69,4.52
1998-09-24,,,,,,,,,4.64,4.43
1998-09-25,,,,,,,,,4.6,4.43
1998-09-28,,,,,,,,,4.61,4.45
1998-09-29,,,,,,,,,4.59,4.47
1998-09-30,,,,,,,,,4.44,4.3
1998-10-01,163.9,4.5,9293.991,86.591,5.07,7708.8,236174.0,1715.0,4.33,4.17
1998-10-02,,,,,,,,,4.31,4.17
1998-10-05,,,,,,,,,4.16,4.04
1998-10-06,,,,,,,,,4.24,4.1
1998-10-07,,,,,,,,,4.34,4.12
1998-10-08,,,,,,,,,4.56,4.1
1998-10-09,,,,,,,,,4.77,4.19
1998-10-12,,,,,,,,,,
1998-10-13,,,,,,,,,4.73,4.13
1998-10-14,,,,,,,,,4.58,4.08
1998-10-15,,,,,,,,,4.58,4.13
1998-10-16,,,,,,,,,4.44,3.86
1998-10-19,,,,,,,,,4.47,3.9
1998-10-20,,,,,,,,,4.57,3.98
1998-10-21,,,,,,,,,4.59,4.12
1998-10-22,,,,,,,,,4.62,4.16
1998-10-23,,,,,,,,,4.7,4.2
1998-10-26,,,,,,,,,4.73,4.23
1998-10-27,,,,,,,,,4.63,4.12
1998-10-28,,,,,,,,,4.6,4.01
1998-10-29,,,,,,,,,4.54,4.0
1998-10-30,,,,,,,,,4.64,4.12
1998-11-01,164.1,4.4,,86.5115,4.83,7745.7,237592.0,1660.0,,
1998-11-02,,,,,,,,,4.77,4.26
1998-11-03,,,,,,,,,4.78,4.25
1998-11-04,,,,,,,,,4.83,4.43
1998-11-05,,,,,,,,,4.82,4.47
1998-11-06,,,,,,,,,4.93,4.59
1998-11-09,,,,,,,,,4.88,4.57
1998-11-10,,,,,,,,,4.81,4.5
1998-11-11,,,,,,,,,,
1998-11-12,,,,,,,,,4.77,4.47
1998-11-13,,,,,,,,,4.82,4.54
1998-11-16,,,,,,,,,4.85,4.56
1998-11-17,,,,,,,,,4.87,4.58
1998-11-18,,,,,,,,,4.85,4.63
1998-11-19,,,,,,,,,4.85,4.66
1998-11-20,,,,,,,,,4.82,4.66
1998-11-23,,,,,,,,,4.84,4.63
1998-11-24,,,,,,,,,4.85,4.64
1998-11-25,,,,,,,,,4.83,4.66
1998-11-26,,,,,,,,,,
1998-11-27,,,,,,,,,4.81,4.62
1998-11-30,,,,,,,,,4.74,4.54
1998-12-01,164.4,4.4,,86.8615,4.68,7771.8,240140.0,1792.0,4.67,4.44
1998-12-02,,,,,,,,,4.59,4.36
1998-12-03,,,,,,,,,4.58,4.36
1998-12-04,,,,,,,,,4.62,4.46
1998-12-07,,,,,,,,,4.69,4.54
1998-12-08,,,,,,,,,4.6,4.46
1998-12-09,,,,,,,,,4.56,4.42
1998-12-10,,,,,,,,,4.53,4.39
1998-12-11,,,,,,,,,4.61,4.46
1998-12-14,,,,,,,,,4.58,4.42
1998-12-15,,,,,,,,,4.62,4.47
1998-12-16,,,,,,,,,4.58,4.4
1998-12-17,,,,,,,,,4.58,4.42
1998-12-18,,,,,,,,,4.58,4.45
1998-12-21,,,,,,,,,4.64,4.56
1998-12-22,,,,,,,,,4.7,4.59
1998-12-23,,,,,,,,,4.81,4.73
1998-12-24,,,,,,,,,4.86,4.78
1998-12-25,,,,,,,,,,
1998-12-28,,,,,,,,,4.78,4.73
1998-12-29,,,,,,,,,4.71,4.6
1998-12-30,,,,,,,,,4.65,4.56
1998-12-31,,,,,,,,,4.65,4.54
1999-01-01,164.7,4.3,9411.682,87.2205,4.63,7813.1,240269.0,1748.0,,
1999-01-04,,,,,,,,,4.69,4.58
1999-01-05,,,,,,,,,4.74,4.64
1999-01-06,,,,,,,,,4.73,4.62
1999-01-07,,,,,,,,,4.77,4.63
1999-01-08,,,,,,,,,4.86,4.71
1999-01-11,,,,,,,,,4.9,4.74
1999-01-12,,,,,,,,,4.82,4.68
1999-01-13,,,,,,,,,4.74,4.61
1999-01-14,,,,,,,,,4.63,4.47
1999-01-15,,,,,,,,,4.66,4.56
1999-01-18,,,,,,,,,,
1999-01-19,,,,,,,,,4.71,4.62
1999-01-20,,,,,,,,,4.76,4.66
1999-01-21,,,,,,,,,4.7,4.63
1999-01-22,,,,,,,,,4.64,4.59
1999-01-25,,,,,,,,,4.67,4.59
1999-01-26,,,,,,,,,4.69,4.63
1999-01-27,,,,,,,,,4.68,4.57
1999-01-28,,,,,,,,,4.67,4.58
1999-01-29,,,,,,,,,4.66,4.58
1999-02-01,164.7,4.4,,87.726,4.76,7840.9,243346.0,1670.0,4.75,4.65
1999-02-02,,,,,,,,,4.79,4.7
1999-02-03,,,,,,,,,4.83,4.72
1999-02-04,,,,,,,,,4.89,4.77
1999-02-05,,,,,,,,,4.94,4.8
1999-02-08,,,,,,,,,4.94,4.8
1999-02-09,,,,,,,,,4.91,4.79
1999-02-10,,,,,,,,,4.9,4.77
1999-02-11,,,,,,,,,4.93,4.8
1999-02-12,,,,,,,,,5.06,4.91
1999-02-15,,,,,,,,,,
1999-02-16,,,,,,,,,5.03,4.93
1999-02-17,,,,,,,,,4.98,4.89
1999-02-18,,,,,,,,,5.04,4.93
1999-02-19,,,,,,,,,5.07,4.95
1999-02-22,,,,,,,,,5.03,4.91
1999-02-23,,,,,,,,,5.1,5.0
1999-02-24,,,,,,,,,5.18,5.05
1999-02-25,,,,,,,,,5.32,5.15
1999-02-26,,,,,,,,,5.29,5.13
1999-03-01,164.8,4.2,,87.9125,4.81,7855.9,244687.0,1710.0,5.4,5.2
1999-03-02,,,,,,,,,5.35,5.18
1999-03-03,,,,,,,,,5.39,5.19
1999-03-04,,,,,,,,,5.41,5.2
1999-03-05,,,,,,,,,5.34,5.14
1999-03-08,,,,,,,,,5.29,5.12
1999-03-09,,,,,,,,,5.18,5.02
1999-03-10,,,,,,,,,5.2,5.04
1999-03-11,,,,,,,,,5.21,5.05
1999-03-12,,,,,,,,,5.16,5.0
1999-03-15,,,,,,,,,5.15,4.99
1999-03-16,,,,,,,,,5.11,4.97
1999-03-17,,,,,,,,,5.14,5.01
1999-03-18,,,,,,,,,5.11,4.99
1999-03-19,,,,,,,,,5.17,5.04
1999-03-22,,,,,,,,,5.21,5.08
1999-03-23,,,,,,,,,5.2,5.03
1999-03-24,,,,,,,,,5.17,4.98
1999-03-25,,,,,,,,,5.21,5.02
1999-03-26,,,,,,,,,5.21,4.99
1999-03-29,,,,,,,,,5.28,5.02
1999-03-30,,,,,,,,,5.21,4.97
1999-03-31,,,,,,,,,5.25,4.99
1999-04-01,165.9,4.3,9526.21,88.1082,4.74,7871.1,246628.0,1553.0,5.27,5.01
1999-04-02,,,,,,,,,5.2,4.96
1999-04-05,,,,,,,,,5.2,4.96
1999-04-06,,,,,,,,,5.13,4.93
1999-04-07,,,,,,,,,5.14,4.93
1999-04-08,,,,,,,,,5.03,4.86
1999-04-09,,,,,,,,,5.05,4.88
1999-04-12,,,,,,,,,5.06,4.93
1999-04-13,,,,,,,,,5.12,4.94
1999-04-14,,,,,,,,,5.13,4.95
1999-04-15,,,,,,,,,5.18,4.97
1999-04-16,,,,,,,,,5.23,5.02
1999-04-19,,,,,,,,,5.18,4.99
1999-04-20,,,,,,,,,5.16,4.95
1999-04-21,,,,,,,,,5.17,4.99
1999-04-22,,,,,,,,,5.25,5.05
1999-04-23,,,,,,,,,5.26,5.04
1999-04-26,,,,,,,,,5.23,5.04
1999-04-27,,,,,,,,,5.22,5.04
1999-04-28,,,,,,,,,5.27,5.02
1999-04-29,,,,,,,,,5.22,4.95
1999-04-30,,,,,,,,,5.36,5.08
1999-05-01,166.0,4.2,,88.6483,4.74,7894.2,248367.0,1611.0,,
1999-05-03,,,,,,,,,5.38,5.08
1999-05-04,,,,,,,,,5.42,5.12
1999-05-05,,,,,,,,,5.4,5.09
1999-05-06,,,,,,,,,5.52,5.19
1999-05-07,,,,,,,,,5.54,5.19
1999-05-10,,,,,,,,,5.54,5.15
1999-05-11,,,,,,,,,5.59,5.19
1999-05-12,,,,,,,,,5.51,5.19
1999-05-13,,,,,,,,,5.41,5.12
1999-05-14,,,,,,,,,5.62,5.3
1999-05-17,,,,,,,,,5.66,5.31
1999-05-18,,,,,,,,,5.68,5.38
1999-05-19,,,,,,,,,5.6,5.37
1999-05-20,,,,,,,,,5.6,5.35
1999-05-21,,,,,,,,,5.52,5.3
1999-05-24,,,,,,,,,5.5,5.28
1999-05-25,,,,,,,,,5.49,5.3
1999-05-26,,,,,,,,,5.55,5.33
1999-05-27,,,,,,,,,5.62,5.43
1999-05-28,,,,,,,,,5.64,5.42
1999-05-31,,,,,,,,,,
1999-06-01,166.0,4.3,,88.5903,4.76,7925.1,249329.0,1559.0,5.78,5.54
1999-06-02,,,,,,,,,5.8,5.55
1999-06-03,,,,,,,,,5.8,5.54
1999-06-04,,,,,,,,,5.82,5.56
1999-06-07,,,,,,,,,5.81,5.56
1999-06-08,,,,,,,,,5.83,5.57
1999-06-09,,,,,,,,,5.87,5.61
1999-06-10,,,,,,,,,5.92,5.66
1999-06-11,,,,,,,,,6.02,5.7
1999-06-14,,,,,,,,,5.98,5.66
1999-06-15,,,,,,,,,5.98,5.66
1999-06-16,,,,,,,,,5.94,5.61
1999-06-17,,,,,,,,,5.79,5.49
1999-06-18,,,,,,,,,5.84,5.56
1999-06-21,,,,,,,,,5.9,5.62
1999-06-22,,,,,,,,,5.94,5.65
1999-06-23,,,,,,,,,6.0,5.7
1999-06-24,,,,,,,,,6.05,5.75
1999-06-25,,,,,,,,,6.02,5.73
1999-06-28,,,,,,,,,5.96,5.68
1999-06-29,,,,,,,,,5.93,5.68
1999-06-30,,,,,,,,,5.81,5.53
1999-07-01,166.7,4.3,9686.626,89.1098,4.99,7965.8,251263.0,1669.0,5.85,5.58
1999-07-02,,,,,,,,,5.82,5.58
1999-07-05,,,,,,,,,,
1999-07-06,,,,,,,,,5.88,5.64
1999-07-07,,,,,,,,,5.92,5.64
1999-07-08,,,,,,,,,5.85,5.59
1999-07-09,,,,,,,,,5.84,5.61
1999-07-12,,,,,,,,,5.74,5.53
1999-07-13,,,,,,,,,5.71,5.5
1999-07-14,,,,,,,,,5.74,5.55
1999-07-15,,,,,,,,,5.72,5.53
1999-07-16,,,,,,,,,5.68,5.5
1999-07-19,,,,,,,,,5.66,5.46
1999-07-20,,,,,,,,,5.65,5.43
1999-07-21,,,,,,,,,5.66,5.45
1999-07-22,,,,,,,,,5.78,5.52
1999-07-23,,,,,,,,,5.84,5.58
1999-07-26,,,,,,,,,5.86,5.61
1999-07-27,,,,,,,,,5.82,5.56
1999-07-28,,,,,,,,,5.81,5.54
1999-07-29,,,,,,,,,5.88,5.62
1999-07-30,,,,,,,,,5.92,5.63
1999-08-01,167.1,4.2,,89.5007,5.07,8016.9,253844.0,1648.0,,
1999-08-02,,,,,,,,,5.92,5.65
1999-08-03,,,,,,,,,5.95,5.65
1999-08-04,,,,,,,,,5.96,5.64
1999-08-05,,,,,,,,,5.88,5.55
1999-08-06,,,,,,,,,6.02,5.69
1999-08-09,,,,,,,,,6.13,5.79
1999-08-10,,,,,,,,,6.16,5.79
1999-08-11,,,,,,,,,6.05,5.76
1999-08-12,,,,,,,,,6.08,5.78
1999-08-13,,,,,,,,,5.98,5.71
1999-08-16,,,,,,,,,5.98,5.75
1999-08-17,,,,,,,,,5.89,5.68
1999-08-18,,,,,,,,,5.88,5.66
1999-08-19,,,,,,,,,5.9,5.66
1999-08-20,,,,,,,,,5.88,5.65
1999-08-23,,,,,,,,,5.89,5.66
1999-08-24,,,,,,,,,5.85,5.65
1999-08-25,,,,,,,,,5.73,5.53
1999-08-26,,,,,,,,,5.75,5.56
1999-08-27,,,,,,,,,5.85,5.65
1999-08-30,,,,,,,,,5.95,5.73
1999-08-31,,,,,,,,,5.98,5.73
1999-09-01,167.8,4.2,,89.1304,5.22,8041.2,255029.0,1635.0,5.99,5.74
1999-09-02,,,,,,,,,6.03,5.74
1999-09-03,,,,,,,,,5.89,5.64
1999-09-06,,,,,,,,,,
1999-09-07,,,,,,,,,5.95,5.69
1999-09-08,,,,,,,,,5.93,5.67
1999-09-09,,,,,,,,,5.97,5.71
1999-09-10,,,,,,,,,5.89,5.64
1999-09-13,,,,,,,,,5.92,5.66
1999-09-14,,,,,,,,,5.96,5.71
1999-09-15,,,,,,,,,5.94,5.67
1999-09-16,,,,,,,,,5.9,5.63
1999-09-17,,,,,,,,,5.87,5.63
1999-09-20,,,,,,,,,5.91,5.67
1999-09-21,,,,,,,,,5.94,5.67
1999-09-22,,,,,,,,,5.92,5.67
1999-09-23,,,,,,,,,5.87,5.63
1999-09-24,,,,,,,,,5.75,5.55
1999-09-27,,,,,,,,,5.83,5.62
1999-09-28,,,,,,,,,5.89,5.65
1999-09-29,,,,,,,,,5.97,5.68
1999-09-30,,,,,,,,,5.9,5.63
1999-10-01,168.1,4.1,9900.169,90.2709,5.2,8102.4,254816.0,1608.0,6.0,5.73
1999-10-04,,,,,,,,,5.95,5.7
1999-10-05,,,,,,,,,6.02,5.78
1999-10-06,,,,,,,,,6.04,5.81
1999-10-07,,,,,,,,,6.05,5.82
1999-10-08,,,,,,,,,6.04,5.8
1999-10-11,,,,,,,,,,
1999-10-12,,,,,,,,,6.07,5.82
1999-10-13,,,,,,,,,6.12,5.87
1999-10-14,,,,,,,,,6.17,5.9
1999-10-15,,,,,,,,,6.09,5.82
1999-10-18,,,,,,,,,6.12,5.85
1999-10-19,,,,,,,,,6.18,5.92
1999-10-20,,,,,,,,,6.19,5.94
1999-10-21,,,,,,,,,6.2,5.93
1999-10-22,,,,,,,,,6.21,5.96
1999-10-25,,,,,,,,,6.22,5.98
1999-10-26,,,,,,,,,6.24,6.02
1999-10-27,,,,,,,,,6.19,5.94
1999-10-28,,,,,,,,,6.12,5.87
1999-10-29,,,,,,,,,6.02,5.79
1999-11-01,168.4,4.1,,90.7528,5.42,8165.3,258133.0,1648.0,6.06,5.83
1999-11-02,,,,,,,,,6.04,5.81
1999-11-03,,,,,,,,,6.01,5.79
1999-11-04,,,,,,,,,5.95,5.74
1999-11-05,,,,,,,,,5.92,5.72
1999-11-08,,,,,,,,,5.95,5.74
1999-11-09,,,,,,,,,5.97,5.77
1999-11-10,,,,,,,,,6.0,5.81
1999-11-11,,,,,,,,,,
1999-11-12,,,,,,,,,5.93,5.78
1999-11-15,,,,,,,,,5.94,5.79
1999-11-16,,,,,,,,,5.97,5.85
1999-11-17,,,,,,,,,6.04,5.9
1999-11-18,,,,,,,,,6.06,5.9
1999-11-19,,,,,,,,,6.07,5.92
1999-11-22,,,,,,,,,6.09,5.95
1999-11-23,,,,,,,,,6.08,5.93
1999-11-24,,,,,,,,,6.09,5.97
1999-11-25,,,,,,,,,,
1999-11-26,,,,,,,,,6.12,5.99
1999-11-29,,,,,,,,,6.21,6.04
1999-11-30,,,,,,,,,6.18,6.01
1999-12-01,168.8,4.0,,91.4784,5.3,8251.2,263311.0,1708.0,6.21,6.04
1999-12-02,,,,,,,,,6.24,6.06
1999-12-03,,,,,,,,,6.17,5.99
1999-12-06,,,,,,,,,6.16,5.98
1999-12-07,,,,,,,,,6.11,5.95
1999-12-08,,,,,,,,,6.15,5.98
1999-12-09,,,,,,,,,6.14,5.96
1999-12-10,,,,,,,,,6.08,5.93
1999-12-13,,,,,,,,,6.11,5.96
1999-12-14,,,,,,,,,6.22,6.07
1999-12-15,,,,,,,,,6.25,6.1
1999-12-16,,,,,,,,,6.31,6.15
1999-12-17,,,,,,,,,6.3,6.15
1999-12-20,,,,,,,,,6.36,6.21
1999-12-21,,,,,,,,,6.38,6.21
1999-12-22,,,,,,,,,6.39,6.24
1999-12-23,,,,,,,,,6.41,6.24
1999-12-24,,,,,,,,,,
1999-12-27,,,,,,,,,6.4,6.21
1999-12-28,,,,,,,,,6.43,6.23
1999-12-29,,,,,,,,,6.4,6.21
1999-12-30,,,,,,,,,6.39,6.19
1999-12-31,,,,,,,,,6.45,6.24
2000-01-01,169.3,4.0,10002.179,91.4092,5.45,8348.0,261545.0,1636.0,,
2000-01-03,,,,,,,,,6.58,6.38
2000-01-04,,,,,,,,,6.49,6.3
2000-01-05,,,,,,,,,6.62,6.38
2000-01-06,,,,,,,,,6.57,6.35
2000-01-07,,,,,,,,,6.52,6.31
2000-01-10,,,,,,,,,6.57,6.38
2000-01-11,,,,,,,,,6.67,6.45
2000-01-12,,,,,,,,,6.72,6.49
2000-01-13,,,,,,,,,6.63,6.4
2000-01-14,,,,,,,,,6.69,6.44
2000-01-17,,,,,,,,,,
2000-01-18,,,,,,,,,6.75,6.47
2000-01-19,,,,,,,,,6.73,6.46
2000-01-20,,,,,,,,,6.79,6.49
2000-01-21,,,,,,,,,6.79,6.48
2000-01-24,,,,,,,,,6.69,6.43
2000-01-25,,,,,,,,,6.7,6.44
2000-01-26,,,,,,,,,6.69,6.45
2000-01-27,,,,,,,,,6.68,6.51
2000-01-28,,,,,,,,,6.66,6.58
2000-01-31,,,,,,,,,6.68,6.61
2000-02-01,170.0,4.1,,91.7245,5.73,8408.8,265686.0,1737.0,6.62,6.6
2000-02-02,,,,,,,,,6.6,6.63
2000-02-03,,,,,,,,,6.49,6.56
2000-02-04,,,,,,,,,6.53,6.63
2000-02-07,,,,,,,,,6.64,6.68
2000-02-08,,,,,,,,,6.59,6.69
2000-02-09,,,,,,,,,6.56,6.69
2000-02-10,,,,,,,,,6.67,6.67
2000-02-11,,,,,,,,,6.63,6.65
2000-02-14,,,,,,,,,6.56,6.62
2000-02-15,,,,,,,,,6.56,6.66
2000-02-16,,,,,,,,,6.56,6.63
2000-02-17,,,,,,,,,6.58,6.69
2000-02-18,,,,,,,,,6.49,6.66
2000-02-21,,,,,,,,,,
2000-02-22,,,,,,,,,6.36,6.57
2000-02-23,,,,,,,,,6.44,6.61
2000-02-24,,,,,,,,,6.36,6.52
2000-02-25,,,,,,,,,6.36,6.45
2000-02-28,,,,,,,,,6.37,6.47
2000-02-29,,,,,,,,,6.42,6.53
2000-03-01,171.0,4.0,,92.083,5.85,8468.3,269019.0,1604.0,6.39,6.52
2000-03-02,,,,,,,,,6.4,6.52
2000-03-03,,,,,,,,,6.39,6.5
2000-03-06,,,,,,,,,6.42,6.55
2000-03-07,,,,,,,,,6.39,6.48
2000-03-08,,,,,,,,,6.38,6.5
2000-03-09,,,,,,,,,6.35,6.48
2000-03-10,,,,,,,,,6.39,6.55
2000-03-13,,,,,,,,,6.36,6.52
2000-03-14,,,,,,,,,6.31,6.48
2000-03-15,,,,,,,,,6.29,6.5
2000-03-16,,,,,,,,,6.26,6.5
2000-03-17,,,,,,,,,6.2,6.5
2000-03-20,,,,,,,,,6.18,6.52
2000-03-21,,,,,,,,,6.13,6.5
2000-03-22,,,,,,,,,6.13,6.5
2000-03-23,,,,,,,,,6.08,6.52
2000-03-24,,,,,,,,,6.2,6.64
2000-03-27,,,,,,,,,6.21,6.66
2000-03-28,,,,,,,,,6.17,6.6
2000-03-29,,,,,,,,,6.18,6.59
2000-03-30,,,,,,,,,6.06,6.52
2000-03-31,,,,,,,,,6.03,6.5
2000-04-01,170.9,3.8,10247.72,92.6659,6.02,8506.8,264067.0,1626.0,,
2000-04-03,,,,,,,,,6.0,6.45
2000-04-04,,,,,,,,,5.9,6.35
2000-04-05,,,,,,,,,5.9,6.35
2000-04-06,,,,,,,,,5.93,6.38
2000-04-07,,,,,,,,,5.86,6.38
2000-04-10,,,,,,,,,5.8,6.31
2000-04-11,,,,,,,,,5.89,6.36
2000-04-12,,,,,,,,,5.97,6.4
2000-04-13,,,,,,,,,5.94,6.4
2000-04-14,,,,,,,,,5.85,6.27
2000-04-17,,,,,,,,,6.01,6.33
2000-04-18,,,,,,,,,6.05,6.33
2000-04-19,,,,,,,,,5.99,6.33
2000-04-20,,,,,,,,,5.99,6.38
2000-04-21,,,,,,,,,,
2000-04-24,,,,,,,,,6.0,6.36
2000-04-25,,,,,,,,,6.14,6.48
2000-04-26,,,,,,,,,6.14,6.5
2000-04-27,,,,,,,,,6.23,6.63
2000-04-28,,,,,,,,,6.23,6.68
2000-05-01,171.2,4.0,,92.9347,6.27,8544.5,265992.0,1575.0,6.29,6.73
2000-05-02,,,,,,,,,6.32,6.72
2000-05-03,,,,,,,,,6.4,6.73
2000-05-04,,,,,,,,,6.46,6.77
2000-05-05,,,,,,,,,6.51,6.84
2000-05-08,,,,,,,,,6.57,6.87
2000-05-09,,,,,,,,,6.53,6.86
2000-05-10,,,,,,,,,6.47,6.84
2000-05-11,,,,,,,,,6.43,6.82
2000-05-12,,,,,,,,,6.51,6.91
2000-05-15,,,,,,,,,6.47,6.88
2000-05-16,,,,,,,,,6.43,6.89
2000-05-17,,,,,,,,,6.48,6.9
2000-05-18,,,,,,,,,6.56,6.93
2000-05-19,,,,,,,,,6.51,6.86
2000-05-22,,,,,,,,,6.44,6.81
2000-05-23,,,,,,,,,6.45,6.83
2000-05-24,,,,,,,,,6.47,6.79
2000-05-25,,,,,,,,,6.39,6.71
2000-05-26,,,,,,,,,6.33,6.69
2000-05-29,,,,,,,,,,
2000-05-30,,,,,,,,,6.38,6.74
2000-05-31,,,,,,,,,6.29,6.69
2000-06-01,172.2,4.0,,93.0018,6.53,8597.8,267750.0,1559.0,6.2,6.61
2000-06-02,,,,,,,,,6.15,6.52
2000-06-05,,,,,,,,,6.12,6.49
2000-06-06,,,,,,,,,6.14,6.51
2000-06-07,,,,,,,,,6.13,6.52
2000-06-08,,,,,,,,,6.13,6.56
2000-06-09,,,,,,,,,6.13,6.56
2000-06-12,,,,,,,,,6.09,6.52
2000-06-13,,,,,,,,,6.11,6.49
2000-06-14,,,,,,,,,6.06,6.44
2000-06-15,,,,,,,,,6.05,6.44
2000-06-16,,,,,,,,,5.99,6.38
2000-06-19,,,,,,,,,6.0,6.4
2000-06-20,,,,,,,,,6.03,6.43
2000-06-21,,,,,,,,,6.11,6.5
2000-06-22,,,,,,,,,6.12,6.5
2000-06-23,,,,,,,,,6.19,6.55
2000-06-26,,,,,,,,,6.11,6.5
2000-06-27,,,,,,,,,6.1,6.5
2000-06-28,,,,,,,,,6.11,6.43
2000-06-29,,,,,,,,,6.04,6.37
2000-06-30,,,,,,,,,6.03,6.38
2000-07-01,172.7,4.0,10318.165,92.8373,6.54,8665.3,265683.0,1463.0,,
2000-07-03,,,,,,,,,6.0,6.31
2000-07-04,,,,,,,,,,
2000-07-05,,,,,,,,,5.99,6.29
2000-07-06,,,,,,,,,6.05,6.34
2000-07-07,,,,,,,,,6.01,6.29
2000-07-10,,,,,,,,,6.04,6.31
2000-07-11,,,,,,,,,6.06,6.32
2000-07-12,,,,,,,,,6.09,6.34
2000-07-13,,,,,,,,,6.01,6.31
2000-07-14,,,,,,,,,6.1,6.41
2000-07-17,,,,,,,,,6.17,6.46
2000-07-18,,,,,,,,,6.16,6.44
2000-07-19,,,,,,,,,6.16,6.46
2000-07-20,,,,,,,,,6.01,6.32
2000-07-21,,,,,,,,,6.01,6.32
2000-07-24,,,,,,,,,6.04,6.35
2000-07-25,,,,,,,,,6.04,6.35
2000-07-26,,,,,,,,,6.04,6.29
2000-07-27,,,,,,,,,6.02,6.27
2000-07-28,,,,,,,,,6.04,6.3
2000-07-31,,,,,,,,,6.04,6.3
2000-08-01,172.7,4.1,,92.591,6.5,8712.2,266885.0,1541.0,6.0,6.27
2000-08-02,,,,,,,,,5.98,6.23
2000-08-03,,,,,,,,,5.95,6.22
2000-08-04,,,,,,,,,5.91,6.15
2000-08-07,,,,,,,,,5.97,6.2
2000-08-08,,,,,,,,,5.93,6.16
2000-08-09,,,,,,,,,5.81,6.18
2000-08-10,,,,,,,,,5.76,6.16
2000-08-11,,,,,,,,,5.79,6.25
2000-08-14,,,,,,,,,5.78,6.25
2000-08-15,,,,,,,,,5.81,6.28
2000-08-16,,,,,,,,,5.83,6.3
2000-08-17,,,,,,,,,5.81,6.3
2000-08-18,,,,,,,,,5.78,6.27
2000-08-21,,,,,,,,,5.79,6.28
2000-08-22,,,,,,,,,5.78,6.27
2000-08-23,,,,,,,,,5.73,6.2
2000-08-24,,,,,,,,,5.73,6.19
2000-08-25,,,,,,,,,5.73,6.19
2000-08-28,,,,,,,,,5.78,6.23
2000-08-29,,,,,,,,,5.81,6.26
2000-08-30,,,,,,,,,5.81,6.24
2000-08-31,,,,,,,,,5.73,6.18
2000-09-01,173.6,3.9,,92.9827,6.52,8757.7,270523.0,1507.0,5.68,6.09
2000-09-04,,,,,,,,,,
2000-09-05,,,,,,,,,5.69,6.09
2000-09-06,,,,,,,,,5.72,6.11
2000-09-07,,,,,,,,,5.76,6.14
2000-09-08,,,,,,,,,5.73,6.11
2000-09-11,,,,,,,,,5.77,6.12
2000-09-12,,,,,,,,,5.78,6.12
2000-09-13,,,,,,,,,5.74,6.09
2000-09-14,,,,,,,,,5.79,6.11
2000-09-15,,,,,,,,,5.84,6.07
2000-09-18,,,,,,,,,5.88,6.04
2000-09-19,,,,,,,,,5.86,6.05
2000-09-20,,,,,,,,,5.91,6.11
2000-09-21,,,,,,,,,5.88,6.11
2000-09-22,,,,,,,,,5.85,6.09
2000-09-25,,,,,,,,,5.84,6.11
2000-09-26,,,,,,,,,5.81,6.07
2000-09-27,,,,,,,,,5.83,6.0
2000-09-28,,,,,,,,,5.82,6.02
2000-09-29,,,,,,,,,5.8,5.98
2000-10-01,173.9,3.9,10435.744,92.64,6.51,8792.1,270339.0,1549.0,,
2000-10-02,,,,,,,,,5.83,5.98
2000-10-03,,,,,,,,,5.87,6.0
2000-10-04,,,,,,,,,5.9,6.03
2000-10-05,,,,,,,,,5.87,6.02
2000-10-06,,,,,,,,,5.82,5.98
2000-10-09,,,,,,,,,,
2000-10-10,,,,,,,,,5.8,5.98
2000-10-11,,,,,,,,,5.77,5.93
2000-10-12,,,,,,,,,5.73,5.86
2000-10-13,,,,,,,,,5.73,5.84
2000-10-16,,,,,,,,,5.74,5.89
2000-10-17,,,,,,,,,5.68,5.83
2000-10-18,,,,,,,,,5.66,5.82
2000-10-19,,,,,,,,,5.66,5.86
2000-10-20,,,,,,,,,5.64,5.84
2000-10-23,,,,,,,,,5.59,5.82
2000-10-24,,,,,,,,,5.63,5.86
2000-10-25,,,,,,,,,5.67,5.87
2000-10-26,,,,,,,,,5.69,5.9
2000-10-27,,,,,,,,,5.72,5.94
2000-10-30,,,,,,,,,5.74,5.97
2000-10-31,,,,,,,,,5.77,5.94
2000-11-01,174.2,3.9,,92.6604,6.51,8809.9,268850.0,1551.0,5.74,5.88
2000-11-02,,,,,,,,,5.74,5.87
2000-11-03,,,,,,,,,5.83,5.94
2000-11-06,,,,,,,,,5.87,5.99
2000-11-07,,,,,,,,,5.87,5.99
2000-11-08,,,,,,,,,5.87,5.99
2000-11-09,,,,,,,,,5.82,5.94
2000-11-10,,,,,,,,,5.82,5.92
2000-11-13,,,,,,,,,5.77,5.9
2000-11-14,,,,,,,,,5.76,5.92
2000-11-15,,,,,,,,,5.72,5.9
2000-11-16,,,,,,,,,5.68,5.87
2000-11-17,,,,,,,,,5.71,5.88
2000-11-20,,,,,,,,,5.68,5.87
2000-11-21,,,,,,,,,5.67,5.86
2000-11-22,,,,,,,,,5.62,5.85
2000-11-23,,,,,,,,,,
2000-11-24,,,,,,,,,5.63,5.86
2000-11-27,,,,,,,,,5.64,5.86
2000-11-28,,,,,,,,,5.59,5.79
2000-11-29,,,,,,,,,5.55,5.69
2000-11-30,,,,,,,,,5.48,5.61
2000-12-01,174.6,3.9,,92.3457,6.4,8844.0,268338.0,1532.0,5.52,5.62
2000-12-04,,,,,,,,,5.53,5.59
2000-12-05,,,,,,,,,5.43,5.49
2000-12-06,,,,,,,,,5.32,5.42
2000-12-07,,,,,,,,,5.32,5.45
2000-12-08,,,,,,,,,5.35,5.5
2000-12-11,,,,,,,,,5.37,5.52
2000-12-12,,,,,,,,,5.36,5.54
2000-12-13,,,,,,,,,5.29,5.45
2000-12-14,,,,,,,,,5.23,5.43
2000-12-15,,,,,,,,,5.2,5.38
2000-12-18,,,,,,,,,5.17,5.33
2000-12-19,,,,,,,,,5.19,5.35
2000-12-20,,,,,,,,,5.08,5.24
2000-12-21,,,,,,,,,5.03,5.14
2000-12-22,,,,,,,,,5.02,5.1
2000-12-25,,,,,,,,,,
2000-12-26,,,,,,,,,5.04,5.1
2000-12-27,,,,,,,,,5.11,5.1
2000-12-28,,,,,,,,,5.13,5.18
2000-12-29,,,,,,,,,5.12,5.11
2001-01-01,175.6,4.2,10470.231,91.8908,5.98,8940.9,272881.0,1600.0,,
2001-01-02,,,,,,,,,4.92,4.87
2001-01-03,,,,,,,,,5.14,4.92
2001-01-04,,,,,,,,,5.03,4.77
2001-01-05,,,,,,,,,4.93,4.56
2001-01-08,,,,,,,,,4.94,4.54
2001-01-09,,,,,,,,,4.98,4.64
2001-01-10,,,,,,,,,5.1,4.76
2001-01-11,,,,,,,,,5.14,4.77
2001-01-12,,,,,,,,,5.25,4.9
2001-01-15,,,,,,,,,,
2001-01-16,,,,,,,,,5.24,4.89
2001-01-17,,,,,,,,,5.19,4.84
2001-01-18,,,,,,,,,5.12,4.72
2001-01-19,,,,,,,,,5.19,4.75
2001-01-22,,,,,,,,,5.25,4.75
2001-01-23,,,,,,,,,5.3,4.82
2001-01-24,,,,,,,,,5.33,4.81
2001-01-25,,,,,,,,,5.29,4.78
2001-01-26,,,,,,,,,5.29,4.78
2001-01-29,,,,,,,,,5.32,4.77
2001-01-30,,,,,,,,,5.24,4.7
2001-01-31,,,,,,,,,5.19,4.62
2001-02-01,176.0,4.2,,91.2851,5.49,8975.8,272627.0,1625.0,5.1,4.55
2001-02-02,,,,,,,,,5.17,4.65
2001-02-05,,,,,,,,,5.18,4.68
2001-02-06,,,,,,,,,5.22,4.72
2001-02-07,,,,,,,,,5.1,4.7
2001-02-08,,,,,,,,,5.1,4.73
2001-02-09,,,,,,,,,5.03,4.67
2001-02-12,,,,,,,,,5.05,4.67
2001-02-13,,,,,,,,,5.07,4.75
2001-02-14,,,,,,,,,5.13,4.84
2001-02-15,,,,,,,,,5.19,4.89
2001-02-16,,,,,,,,,5.11,4.75
2001-02-19,,,,,,,,,,
2001-02-20,,,,,,,,,5.11,4.73
2001-02-21,,,,,,,,,5.14,4.68
2001-02-22,,,,,,,,,5.15,4.63
2001-02-23,,,,,,,,,5.1,4.53
2001-02-26,,,,,,,,,5.05,4.46
2001-02-27,,,,,,,,,4.96,4.44
2001-02-28,,,,,,,,,4.92,4.41
2001-03-01,176.1,4.3,,91.0585,5.31,9009.4,269820.0,1590.0,4.87,4.41
2001-03-02,,,,,,,,,4.95,4.48
2001-03-05,,,,,,,,,4.98,4.49
2001-03-06,,,,,,,,,4.99,4.49
2001-03-07,,,,,,,,,4.92,4.43
2001-03-08,,,,,,,,,4.89,4.43
2001-03-09,,,,,,,,,4.95,4.47
2001-03-12,,,,,,,,,4.92,4.46
2001-03-13,,,,,,,,,4.95,4.46
2001-03-14,,,,,,,,,4.84,4.32
2001-03-15,,,,,,,,,4.81,4.22
2001-03-16,,,,,,,,,4.78,4.26
2001-03-19,,,,,,,,,4.82,4.32
2001-03-20,,,,,,,,,4.78,4.24
2001-03-21,,,,,,,,,4.77,4.21
2001-03-22,,,,,,,,,4.73,4.17
2001-03-23,,,,,,,,,4.8,4.24
2001-03-26,,,,,,,,,4.85,4.27
2001-03-27,,,,,,,,,5.0,4.41
2001-03-28,,,,,,,,,4.97,4.3
2001-03-29,,,,,,,,,4.98,4.27
2001-03-30,,,,,,,,,4.93,4.18
2001-04-01,176.4,4.4,10599.0,90.7384,4.8,9008.9,274410.0,1649.0,,
2001-04-02,,,,,,,,,4.98,4.22
2001-04-03,,,,,,,,,4.94,4.15
2001-04-04,,,,,,,,,4.94,4.12
2001-04-05,,,,,,,,,4.98,4.19
2001-04-06,,,,,,,,,4.89,4.07
2001-04-09,,,,,,,,,4.93,4.1
2001-04-10,,,,,,,,,5.09,4.24
2001-04-11,,,,,,,,,5.12,4.29
2001-04-12,,,,,,,,,5.17,4.36
2001-04-13,,,,,,,,,,
2001-04-16,,,,,,,,,5.28,4.49
2001-04-17,,,,,,,,,5.21,4.41
2001-04-18,,,,,,,,,5.14,4.26
2001-04-19,,,,,,,,,5.27,4.29
2001-04-20,,,,,,,,,5.29,4.26
2001-04-23,,,,,,,,,5.2,4.15
2001-04-24,,,,,,,,,5.22,4.16
2001-04-25,,,,,,,,,5.28,4.2
2001-04-26,,,,,,,,,5.2,4.14
2001-04-27,,,,,,,,,5.34,4.28
2001-04-30,,,,,,,,,5.35,4.3
2001-05-01,177.3,4.3,,90.2607,4.21,9011.1,275769.0,1605.0,5.3,4.23
2001-05-02,,,,,,,,,5.31,4.27
2001-05-03,,,,,,,,,5.22,4.22
2001-05-04,,,,,,,,,5.21,4.14
2001-05-07,,,,,,,,,5.21,4.12
2001-05-08,,,,,,,,,5.24,4.1
2001-05-09,,,,,,,,,5.2,4.07
2001-05-10,,,,,,,,,5.31,4.17
2001-05-11,,,,,,,,,5.51,4.36
2001-05-14,,,,,,,,,5.46,4.29
2001-05-15,,,,,,,,,5.5,4.28
2001-05-16,,,,,,,,,5.48,4.25
2001-05-17,,,,,,,,,5.46,4.33
2001-05-18,,,,,,,,,5.41,4.37
2001-05-21,,,,,,,,,5.41,4.37
2001-05-22,,,,,,,,,5.42,4.34
2001-05-23,,,,,,,,,5.41,4.29
2001-05-24,,,,,,,,,5.52,4.32
2001-05-25,,,,,,,,,5.52,4.31
2001-05-28,,,,,,,,,,
2001-05-29,,,,,,,,,5.54,4.33
2001-05-30,,,,,,,,,5.54,4.34
2001-05-31,,,,,,,,,5.43,4.22
2001-06-01,177.7,4.5,,89.7811,3.97,9017.1,274474.0,1636.0,5.39,4.22
2001-06-04,,,,,,,,,5.35,4.19
2001-06-05,,,,,,,,,5.29,4.12
2001-06-06,,,,,,,,,5.27,4.12
2001-06-07,,,,,,,,,5.33,4.14
2001-06-08,,,,,,,,,5.38,4.17
2001-06-11,,,,,,,,,5.32,4.11
2001-06-12,,,,,,,,,5.27,4.09
2001-06-13,,,,,,,,,5.28,4.08
2001-06-14,,,,,,,,,5.26,4.04
2001-06-15,,,,,,,,,5.27,4.01
2001-06-18,,,,,,,,,5.27,3.98
2001-06-19,,,,,,,,,5.26,3.99
2001-06-20,,,,,,,,,5.24,3.98
2001-06-21,,,,,,,,,5.22,3.99
2001-06-22,,,,,,,,,5.14,3.93
2001-06-25,,,,,,,,,5.16,3.96
2001-06-26,,,,,,,,,5.24,4.03
2001-06-27,,,,,,,,,5.26,4.06
2001-06-28,,,,,,,,,5.35,4.22
2001-06-29,,,,,,,,,5.42,4.25
2001-07-01,177.4,4.6,10598.02,89.2352,3.77,9014.6,273098.0,1670.0,,
2001-07-02,,,,,,,,,5.37,4.21
2001-07-03,,,,,,,,,5.41,4.24
2001-07-04,,,,,,,,,,
2001-07-05,,,,,,,,,5.44,4.24
2001-07-06,,,,,,,,,5.41,4.16
2001-07-09,,,,,,,,,5.37,4.15
2001-07-10,,,,,,,,,5.32,4.08
2001-07-11,,,,,,,,,5.31,4.07
2001-07-12,,,,,,,,,5.27,4.07
2001-07-13,,,,,,,,,5.27,4.12
2001-07-16,,,,,,,,,5.21,4.07
2001-07-17,,,,,,,,,5.22,4.09
2001-07-18,,,,,,,,,5.12,3.96
2001-07-19,,,,,,,,,5.13,3.98
2001-07-20,,,,,,,,,5.15,3.98
2001-07-23,,,,,,,,,5.13,3.98
2001-07-24,,,,,,,,,5.13,3.97
2001-07-25,,,,,,,,,5.2,3.98
2001-07-26,,,,,,,,,5.19,3.94
2001-07-27,,,,,,,,,5.13,3.87
2001-07-30,,,,,,,,,5.11,3.86
2001-07-31,,,,,,,,,5.07,3.79
2001-08-01,177.4,4.9,,89.157,3.65,9001.4,275659.0,1567.0,5.11,3.83
2001-08-02,,,,,,,,,5.17,3.89
2001-08-03,,,,,,,,,5.2,3.91
2001-08-06,,,,,,,,,5.19,3.88
2001-08-07,,,,,,,,,5.2,3.9
2001-08-08,,,,,,,,,4.99,3.77
2001-08-09,,,,,,,,,5.04,3.77
2001-08-10,,,,,,,,,4.99,3.73
2001-08-13,,,,,,,,,4.97,3.7
2001-08-14,,,,,,,,,4.97,3.74
2001-08-15,,,,,,,,,5.0,3.8
2001-08-16,,,,,,,,,4.95,3.75
2001-08-17,,,,,,,,,4.84,3.67
2001-08-20,,,,,,,,,4.91,3.74
2001-08-21,,,,,,,,,4.87,3.69
2001-08-22,,,,,,,,,4.91,3.76
2001-08-23,,,,,,,,,4.89,3.72
2001-08-24,,,,,,,,,4.93,3.76
2001-08-27,,,,,,,,,4.94,3.78
2001-08-28,,,,,,,,,4.85,3.71
2001-08-29,,,,,,,,,4.78,3.67
2001-08-30,,,,,,,,,4.79,3.61
2001-08-31,,,,,,,,,4.85,3.64
2001-09-01,178.1,5.0,,88.6749,3.07,8975.3,268652.0,1562.0,,
2001-09-03,,,,,,,,,,
2001-09-04,,,,,,,,,4.99,3.83
2001-09-05,,,,,,,,,4.97,3.79
2001-09-06,,,,,,,,,4.86,3.65
2001-09-07,,,,,,,,,4.8,3.53
2001-09-10,,,,,,,,,4.84,3.53
2001-09-11,,,,,,,,,,
2001-09-12,,,,,,,,,,
2001-09-13,,,,,,,,,4.64,2.99
2001-09-14,,,,,,,,,4.57,2.87
2001-09-17,,,,,,,,,4.63,2.96
2001-09-18,,,,,,,,,4.72,2.96
2001-09-19,,,,,,,,,4.69,2.81
2001-09-20,,,,,,,,,4.75,2.91
2001-09-21,,,,,,,,,4.7,2.91
2001-09-24,,,,,,,,,4.73,2.94
2001-09-25,,,,,,,,,4.72,2.88
2001-09-26,,,,,,,,,4.65,2.82
2001-09-27,,,,,,,,,4.58,2.78
2001-09-28,,,,,,,,,4.6,2.86
2001-10-01,177.6,5.3,10660.465,88.4051,2.49,8987.3,288632.0,1540.0,4.55,2.82
2001-10-02,,,,,,,,,4.53,2.77
2001-10-03,,,,,,,,,4.5,2.77
2001-10-04,,,,,,,,,4.53,2.75
2001-10-05,,,,,,,,,4.52,2.71
2001-10-08,,,,,,,,,,
2001-10-09,,,,,,,,,4.62,2.74
2001-10-10,,,,,,,,,4.61,2.78
2001-10-11,,,,,,,,,4.69,2.88
2001-10-12,,,,,,,,,4.68,2.81
2001-10-15,,,,,,,,,4.62,2.78
2001-10-16,,,,,,,,,4.59,2.77
2001-10-17,,,,,,,,,4.59,2.8
2001-10-18,,,,,,,,,4.58,2.77
2001-10-19,,,,,,,,,4.63,2.77
2001-10-22,,,,,,,,,4.63,2.79
2001-10-23,,,,,,,,,4.66,2.81
2001-10-24,,,,,,,,,4.61,2.72
2001-10-25,,,,,,,,,4.56,2.63
2001-10-26,,,,,,,,,4.53,2.63
2001-10-29,,,,,,,,,4.5,2.55
2001-10-30,,,,,,,,,4.44,2.48
2001-10-31,,,,,,,,,4.3,2.44
2001-11-01,177.5,5.5,,87.886,2.09,8985.1,280033.0,1602.0,4.24,2.49
2001-11-02,,,,,,,,,4.37,2.48
2001-11-05,,,,,,,,,4.31,2.46
2001-11-06,,,,,,,,,4.3,2.37
2001-11-07,,,,,,,,,4.22,2.32
2001-11-08,,,,,,,,,4.32,2.42
2001-11-09,,,,,,,,,4.34,2.45
2001-11-12,,,,,,,,,,
2001-11-13,,,,,,,,,4.41,2.54
2001-11-14,,,,,,,,,4.54,2.7
2001-11-15,,,,,,,,,4.79,2.98
2001-11-16,,,,,,,,,4.91,3.09
2001-11-19,,,,,,,,,4.8,2.92
2001-11-20,,,,,,,,,4.88,2.96
2001-11-21,,,,,,,,,4.98,3.11
2001-11-22,,,,,,,,,,
2001-11-23,,,,,,,,,5.04,3.2
2001-11-26,,,,,,,,,5.05,3.22
2001-11-27,,,,,,,,,4.98,3.11
2001-11-28,,,,,,,,,4.98,3.12
2001-11-29,,,,,,,,,4.79,2.87
2001-11-30,,,,,,,,,4.78,2.84
2001-12-01,177.4,5.7,,87.8518,1.82,8990.7,276302.0,1568.0,,
2001-12-03,,,,,,,,,4.75,2.82
2001-12-04,,,,,,,,,4.7,2.81
2001-12-05,,,,,,,,,4.92,3.07
2001-12-06,,,,,,,,,5.04,3.19
2001-12-07,,,,,,,,,5.2,3.19
2001-12-10,,,,,,,,,5.17,3.1
2001-12-11,,,,,,,,,5.13,3.03
2001-12-12,,,,,,,,,5.02,2.97
2001-12-13,,,,,,,,,5.13,3.09
2001-12-14,,,,,,,,,5.24,3.2
2001-12-17,,,,,,,,,5.26,3.21
2001-12-18,,,,,,,,,5.16,3.13
2001-12-19,,,,,,,,,5.08,3.11
2001-12-20,,,,,,,,,5.08,3.15
2001-12-21,,,,,,,,,5.12,3.17
2001-12-24,,,,,,,,,5.18,3.22
2001-12-25,,,,,,,,,,
2001-12-26,,,,,,,,,5.22,3.26
2001-12-27,,,,,,,,,5.13,3.19
2001-12-28,,,,,,,,,5.15,3.16
2001-12-31,,,,,,,,,5.07,3.07
2002-01-01,177.7,5.7,10783.5,88.4634,1.73,9015.6,277135.0,1698.0,,
2002-01-02,,,,,,,,,5.2,3.22
2002-01-03,,,,,,,,,5.16,3.19
2002-01-04,,,,,,,,,5.18,3.19
2002-01-07,,,,,,,,,5.09,3.08
2002-01-08,,,,,,,,,5.1,3.07
2002-01-09,,,,,,,,,5.1,3.03
2002-01-10,,,,,,,,,5.0,2.94
2002-01-11,,,,,,,,,4.92,2.76
2002-01-14,,,,,,,,,4.91,2.79
2002-01-15,,,,,,,,,4.88,2.79
2002-01-16,,,,,,,,,4.88,2.84
2002-01-17,,,,,,,,,4.98,2.96
2002-01-18,,,,,,,,,4.94,2.91
2002-01-21,,,,,,,,,,
2002-01-22,,,,,,,,,4.96,2.97
2002-01-23,,,,,,,,,5.05,3.07
2002-01-24,,,,,,,,,5.07,3.15
2002-01-25,,,,,,,,,5.1,3.17
2002-01-28,,,,,,,,,5.12,3.19
2002-01-29,,,,,,,,,5.02,3.05
2002-01-30,,,,,,,,,5.02,3.06
2002-01-31,,,,,,,,,5.07,3.16
2002-02-01,178.0,5.7,,88.4578,1.74,9031.9,278869.0,1829.0,5.02,3.08
2002-02-04,,,,,,,,,4.94,2.99
2002-02-05,,,,,,,,,4.92,2.99
2002-02-06,,,,,,,,,4.92,2.98
2002-02-07,,,,,,,,,4.93,2.99
2002-02-08,,,,,,,,,4.9,2.95
2002-02-11,,,,,,,,,4.91,2.95
2002-02-12,,,,,,,,,4.97,3.04
2002-02-13,,,,,,,,,5.01,3.09
2002-02-14,,,,,,,,,4.95,3.07
2002-02-15,,,,,,,,,4.86,2.97
2002-02-18,,,,,,,,,,
2002-02-19,,,,,,,,,4.88,2.98
2002-02-20,,,,,,,,,4.88,3.0
2002-02-21,,,,,,,,,4.88,3.0
2002-02-22,,,,,,,,,4.84,2.97
2002-02-25,,,,,,,,,4.86,3.01
2002-02-26,,,,,,,,,4.93,3.08
2002-02-27,,,,,,,,,4.84,3.09
2002-02-28,,,,,,,,,4.88,3.06
2002-03-01,178.5,5.7,,89.1265,1.73,9050.7,278079.0,1642.0,4.98,3.18
2002-03-04,,,,,,,,,5.02,3.24
2002-03-05,,,,,,,,,5.02,3.25
2002-03-06,,,,,,,,,5.06,3.26
2002-03-07,,,,,,,,,5.22,3.36
2002-03-08,,,,,,,,,5.33,3.6
2002-03-11,,,,,,,,,5.33,3.59
2002-03-12,,,,,,,,,5.32,3.56
2002-03-13,,,,,,,,,5.28,3.49
2002-03-14,,,,,,,,,5.4,3.63
2002-03-15,,,,,,,,,5.35,3.63
2002-03-18,,,,,,,,,5.32,3.67
2002-03-19,,,,,,,,,5.33,3.64
2002-03-20,,,,,,,,,5.4,3.71
2002-03-21,,,,,,,,,5.39,3.73
2002-03-22,,,,,,,,,5.4,3.77
2002-03-25,,,,,,,,,5.41,3.78
2002-03-26,,,,,,,,,5.35,3.68
2002-03-27,,,,,,,,,5.35,3.66
2002-03-28,,,,,,,,,5.42,3.72
2002-03-29,,,,,,,,,,
2002-04-01,179.3,5.9,10887.46,89.5507,1.75,9099.9,281147.0,1592.0,5.44,3.74
2002-04-02,,,,,,,,,5.36,3.63
2002-04-03,,,,,,,,,5.3,3.55
2002-04-04,,,,,,,,,5.28,3.57
2002-04-05,,,,,,,,,5.22,3.49
2002-04-08,,,,,,,,,5.25,3.51
2002-04-09,,,,,,,,,5.22,3.48
2002-04-10,,,,,,,,,5.24,3.48
2002-04-11,,,,,,,,,5.22,3.47
2002-04-12,,,,,,,,,5.18,3.41
2002-04-15,,,,,,,,,5.15,3.38
2002-04-16,,,,,,,,,5.2,3.43
2002-04-17,,,,,,,,,5.24,3.41
2002-04-18,,,,,,,,,5.23,3.38
2002-04-19,,,,,,,,,5.21,3.36
2002-04-22,,,,,,,,,5.19,3.37
2002-04-23,,,,,,,,,5.18,3.39
2002-04-24,,,,,,,,,5.11,3.28
2002-04-25,,,,,,,,,5.1,3.25
2002-04-26,,,,,,,,,5.08,3.22
2002-04-29,,,,,,,,,5.13,3.26
2002-04-30,,,,,,,,,5.11,3.24
2002-05-01,179.5,5.8,,89.9348,1.75,9131.0,278966.0,1764.0,5.08,3.21
2002-05-02,,,,,,,,,5.13,3.25
2002-05-03,,,,,,,,,5.08,3.17
2002-05-06,,,,,,,,,5.1,3.19
2002-05-07,,,,,,,,,5.09,3.14
2002-05-08,,,,,,,,,5.24,3.32
2002-05-09,,,,,,,,,5.2,3.27
2002-05-10,,,,,,,,,5.15,3.19
2002-05-13,,,,,,,,,5.23,3.28
2002-05-14,,,,,,,,,5.32,3.4
2002-05-15,,,,,,,,,5.28,3.37
2002-05-16,,,,,,,,,5.2,3.28
2002-05-17,,,,,,,,,5.27,3.41
2002-05-20,,,,,,,,,5.21,3.33
2002-05-21,,,,,,,,,5.18,3.28
2002-05-22,,,,,,,,,5.13,3.23
2002-05-23,,,,,,,,,5.16,3.28
2002-05-24,,,,,,,,,5.16,3.28
2002-05-27,,,,,,,,,,
2002-05-28,,,,,,,,,5.16,3.3
2002-05-29,,,,,,,,,5.11,3.24
2002-05-30,,,,,,,,,5.06,3.17
2002-05-31,,,,,,,,,5.08,3.22
2002-06-01,179.6,5.8,,90.6736,1.75,9164.8,280426.0,1717.0,,
2002-06-03,,,,,,,,,5.06,3.19
2002-06-04,,,,,,,,,5.04,3.13
2002-06-05,,,,,,,,,5.08,3.16
2002-06-06,,,,,,,,,5.04,3.13
2002-06-07,,,,,,,,,5.1,3.16
2002-06-10,,,,,,,,,5.07,3.15
2002-06-11,,,,,,,,,5.02,3.09
2002-06-12,,,,,,,,,4.98,3.05
2002-06-13,,,,,,,,,4.94,3.0
2002-06-14,,,,,,,,,4.83,2.92
2002-06-17,,,,,,,,,4.89,2.96
2002-06-18,,,,,,,,,4.88,2.93
2002-06-19,,,,,,,,,4.76,2.81
2002-06-20,,,,,,,,,4.85,2.93
2002-06-21,,,,,,,,,4.79,2.88
2002-06-24,,,,,,,,,4.87,2.93
2002-06-25,,,,,,,,,4.88,2.92
2002-06-26,,,,,,,,,4.75,2.77
2002-06-27,,,,,,,,,4.84,2.85
2002-06-28,,,,,,,,,4.86,2.9
2002-07-01,180.0,5.8,10984.04,90.6436,1.73,9157.5,284161.0,1655.0,4.85,2.88
2002-07-02,,,,,,,,,4.77,2.78
2002-07-03,,,,,,,,,4.78,2.78
2002-07-04,,,,,,,,,,
2002-07-05,,,,,,,,,4.9,2.9
2002-07-08,,,,,,,,,4.84,2.84
2002-07-09,,,,,,,,,4.78,2.74
2002-07-10,,,,,,,,,4.66,2.61
2002-07-11,,,,,,,,,4.66,2.61
2002-07-12,,,,,,,,,4.63,2.56
2002-07-15,,,,,,,,,4.66,2.55
2002-07-16,,,,,,,,,4.75,2.66
2002-07-17,,,,,,,,,4.71,2.63
2002-07-18,,,,,,,,,4.66,2.55
2002-07-19,,,,,,,,,4.61,2.48
2002-07-22,,,,,,,,,4.51,2.4
2002-07-23,,,,,,,,,4.47,2.34
2002-07-24,,,,,,,,,4.49,2.38
2002-07-25,,,,,,,,,4.43,2.28
2002-07-26,,,,,,,,,4.43,2.2
2002-07-29,,,,,,,,,4.62,2.41
2002-07-30,,,,,,,,,4.65,2.44
2002-07-31,,,,,,,,,4.51,2.23
2002-08-01,180.5,5.7,,90.5505,1.74,9175.3,285884.0,1633.0,4.47,2.15
2002-08-02,,,,,,,,,4.33,1.99
2002-08-05,,,,,,,,,4.29,1.93
2002-08-06,,,,,,,,,4.42,2.11
2002-08-07,,,,,,,,,4.35,1.98
2002-08-08,,,,,,,,,4.4,2.1
2002-08-09,,,,,,,,,4.27,2.1
2002-08-12,,,,,,,,,4.22,2.1
2002-08-13,,,,,,,,,4.12,2.0
2002-08-14,,,,,,,,,4.06,2.12
2002-08-15,,,,,,,,,4.17,2.22
2002-08-16,,,,,,,,,4.32,2.28
2002-08-19,,,,,,,,,4.29,2.25
2002-08-20,,,,,,,,,4.17,2.12
2002-08-21,,,,,,,,,4.2,2.12
2002-08-22,,,,,,,,,4.3,2.22
2002-08-23,,,,,,,,,4.25,2.19
2002-08-26,,,,,,,,,4.22,2.19
2002-08-27,,,,,,,,,4.29,2.26
2002-08-28,,,,,,,,,4.22,2.23
2002-08-29,,,,,,,,,4.16,2.14
2002-08-30,,,,,,,,,4.14,2.14
2002-09-01,180.8,5.7,,90.6373,1.75,9197.1,281064.0,1804.0,,
2002-09-02,,,,,,,,,,
2002-09-03,,,,,,,,,3.98,2.01
2002-09-04,,,,,,,,,3.96,2.02
2002-09-05,,,,,,,,,3.91,1.95
2002-09-06,,,,,,,,,4.05,2.08
2002-09-09,,,,,,,,,4.05,2.13
2002-09-10,,,,,,,,,4.0,2.12
2002-09-11,,,,,,,,,4.07,2.18
2002-09-12,,,,,,,,,3.98,2.12
2002-09-13,,,,,,,,,3.92,2.07
2002-09-16,,,,,,,,,3.9,2.07
2002-09-17,,,,,,,,,3.87,2.06
2002-09-18,,,,,,,,,3.86,2.04
2002-09-19,,,,,,,,,3.79,1.93
2002-09-20,,,,,,,,,3.79,1.94
2002-09-23,,,,,,,,,3.7,1.93
2002-09-24,,,,,,,,,3.69,1.93
2002-09-25,,,,,,,,,3.77,2.0
2002-09-26,,,,,,,,,3.79,1.97
2002-09-27,,,,,,,,,3.69,1.82
2002-09-30,,,,,,,,,3.63,1.72
2002-10-01,181.2,5.7,11061.433,90.3988,1.75,9229.6,282940.0,1648.0,3.72,1.8
2002-10-02,,,,,,,,,3.71,1.75
2002-10-03,,,,,,,,,3.7,1.75
2002-10-04,,,,,,,,,3.69,1.78
2002-10-07,,,,,,,,,3.64,1.77
2002-10-08,,,,,,,,,3.65,1.8
2002-10-09,,,,,,,,,3.61,1.72
2002-10-10,,,,,,,,,3.68,1.75
2002-10-11,,,,,,,,,3.83,1.85
2002-10-14,,,,,,,,,,
2002-10-15,,,,,,,,,4.07,2.08
2002-10-16,,,,,,,,,4.06,2.02
2002-10-17,,,,,,,,,4.16,2.1
2002-10-18,,,,,,,,,4.14,2.09
2002-10-21,,,,,,,,,4.24,2.23
2002-10-22,,,,,,,,,4.27,2.21
2002-10-23,,,,,,,,,4.26,2.2
2002-10-24,,,,,,,,,4.16,2.09
2002-10-25,,,,,,,,,4.12,1.98
2002-10-28,,,,,,,,,4.1,1.88
2002-10-29,,,,,,,,,3.97,1.79
2002-10-30,,,,,,,,,3.99,1.74
2002-10-31,,,,,,,,,3.93,1.68
2002-11-01,181.5,5.9,,90.8947,1.34,9258.8,283408.0,1753.0,4.01,1.76
2002-11-04,,,,,,,,,4.07,1.79
2002-11-05,,,,,,,,,4.1,1.82
2002-11-06,,,,,,,,,4.09,1.87
2002-11-07,,,,,,,,,3.88,1.86
2002-11-08,,,,,,,,,3.85,1.87
2002-11-11,,,,,,,,,,
2002-11-12,,,,,,,,,3.84,1.79
2002-11-13,,,,,,,,,3.84,1.76
2002-11-14,,,,,,,,,4.03,1.89
2002-11-15,,,,,,,,,4.05,1.91
2002-11-18,,,,,,,,,4.02,1.91
2002-11-19,,,,,,,,,3.99,1.91
2002-11-20,,,,,,,,,4.08,1.98
2002-11-21,,,,,,,,,4.14,2.05
2002-11-22,,,,,,,,,4.18,2.1
2002-11-25,,,,,,,,,4.19,2.09
2002-11-26,,,,,,,,,4.08,1.97
2002-11-27,,,,,,,,,4.26,2.13
2002-11-28,,,,,,,,,,
2002-11-29,,,,,,,,,4.22,2.08
2002-12-01,181.8,6.0,,90.3906,1.24,9288.3,286646.0,1788.0,,
2002-12-02,,,,,,,,,4.22,2.07
2002-12-03,,,,,,,,,4.24,2.08
2002-12-04,,,,,,,,,4.18,2.02
2002-12-05,,,,,,,,,4.13,1.97
2002-12-06,,,,,,,,,4.09,1.89
2002-12-09,,,,,,,,,4.06,1.88
2002-12-10,,,,,,,,,4.06,1.9
2002-12-11,,,,,,,,,4.01,1.85
2002-12-12,,,,,,,,,4.01,1.85
2002-12-13,,,,,,,,,4.07,1.87
2002-12-16,,,,,,,,,4.15,1.94
2002-12-17,,,,,,,,,4.13,1.89
2002-12-18,,,,,,,,,4.06,1.81
2002-12-19,,,,,,,,,3.96,1.74
2002-12-20,,,,,,,,,3.97,1.76
2002-12-23,,,,,,,,,3.98,1.79
2002-12-24,,,,,,,,,3.95,1.73
2002-12-25,,,,,,,,,,
2002-12-26,,,,,,,,,3.93,1.7
2002-12-27,,,,,,,,,3.83,1.6
2002-12-30,,,,,,,,,3.82,1.61
2002-12-31,,,,,,,,,3.83,1.61
2003-01-01,182.6,5.8,11174.129,91.1369,1.24,9290.1,288657.0,1853.0,,
2003-01-02,,,,,,,,,4.07,1.8
2003-01-03,,,,,,,,,4.05,1.79
2003-01-06,,,,,,,,,4.09,1.84
2003-01-07,,,,,,,,,4.04,1.77
2003-01-08,,,,,,,,,4.0,1.71
2003-01-09,,,,,,,,,4.19,1.87
2003-01-10,,,,,,,,,4.16,1.79
2003-01-13,,,,,,,,,4.15,1.81
2003-01-14,,,,,,,,,4.1,1.76
2003-01-15,,,,,,,,,4.1,1.75
2003-01-16,,,,,,,,,4.1,1.75
2003-01-17,,,,,,,,,4.05,1.7
2003-01-20,,,,,,,,,,
2003-01-21,,,,,,,,,4.01,1.67
2003-01-22,,,,,,,,,3.95,1.66
2003-01-23,,,,,,,,,3.98,1.69
2003-01-24,,,,,,,,,3.94,1.66
2003-01-27,,,,,,,,,3.98,1.7
2003-01-28,,,,,,,,,4.0,1.7
2003-01-29,,,,,,,,,4.06,1.77
2003-01-30,,,,,,,,,4.0,1.7
2003-01-31,,,,,,,,,4.0,1.72
2003-02-01,183.6,5.9,,91.2505,1.26,9296.2,284696.0,1629.0,,
2003-02-03,,,,,,,,,4.01,1.72
2003-02-04,,,,,,,,,3.96,1.68
2003-02-05,,,,,,,,,4.02,1.73
2003-02-06,,,,,,,,,3.97,1.68
2003-02-07,,,,,,,,,3.96,1.63
2003-02-10,,,,,,,,,3.99,1.68
2003-02-11,,,,,,,,,3.98,1.65
2003-02-12,,,,,,,,,3.93,1.62
2003-02-13,,,,,,,,,3.89,1.57
2003-02-14,,,,,,,,,3.95,1.62
2003-02-17,,,,,,,,,,
2003-02-18,,,,,,,,,3.94,1.66
2003-02-19,,,,,,,,,3.88,1.61
2003-02-20,,,,,,,,,3.85,1.59
2003-02-21,,,,,,,,,3.9,1.63
2003-02-24,,,,,,,,,3.86,1.6
2003-02-25,,,,,,,,,3.81,1.58
2003-02-26,,,,,,,,,3.78,1.57
2003-02-27,,,,,,,,,3.76,1.58
2003-02-28,,,,,,,,,3.71,1.53
2003-03-01,183.9,5.9,,91.0006,1.25,9333.8,288177.0,1726.0,,
2003-03-03,,,,,,,,,3.68,1.52
2003-03-04,,,,,,,,,3.65,1.49
2003-03-05,,,,,,,,,3.63,1.46
2003-03-06,,,,,,,,,3.67,1.47
2003-03-07,,,,,,,,,3.63,1.39
2003-03-10,,,,,,,,,3.59,1.35
2003-03-11,,,,,,,,,3.6,1.38
2003-03-12,,,,,,,,,3.6,1.45
2003-03-13,,,,,,,,,3.74,1.59
2003-03-14,,,,,,,,,3.72,1.56
2003-03-17,,,,,,,,,3.82,1.63
2003-03-18,,,,,,,,,3.91,1.72
2003-03-19,,,,,,,,,3.98,1.72
2003-03-20,,,,,,,,,4.01,1.75
2003-03-21,,,,,,,,,4.11,1.8
2003-03-24,,,,,,,,,3.98,1.71
2003-03-25,,,,,,,,,3.97,1.69
2003-03-26,,,,,,,,,3.96,1.68
2003-03-27,,,,,,,,,3.95,1.62
2003-03-28,,,,,,,,,3.92,1.56
2003-03-31,,,,,,,,,3.83,1.51
2003-04-01,183.2,6.0,11312.766,90.4311,1.26,9356.4,289053.0,1643.0,3.84,1.5
2003-04-02,,,,,,,,,3.94,1.6
2003-04-03,,,,,,,,,3.93,1.55
2003-04-04,,,,,,,,,3.96,1.55
2003-04-07,,,,,,,,,4.03,1.65
2003-04-08,,,,,,,,,3.95,1.59
2003-04-09,,,,,,,,,3.93,1.55
2003-04-10,,,,,,,,,3.95,1.6
2003-04-11,,,,,,,,,4.0,1.65
2003-04-14,,,,,,,,,4.04,1.74
2003-04-15,,,,,,,,,3.98,1.69
2003-04-16,,,,,,,,,3.96,1.67
2003-04-17,,,,,,,,,3.98,1.71
2003-04-18,,,,,,,,,,
2003-04-21,,,,,,,,,4.0,1.71
2003-04-22,,,,,,,,,4.01,1.7
2003-04-23,,,,,,,,,4.02,1.7
2003-04-24,,,,,,,,,3.93,1.62
2003-04-25,,,,,,,,,3.91,1.57
2003-04-28,,,,,,,,,3.92,1.59
2003-04-29,,,,,,,,,3.96,1.62
2003-04-30,,,,,,,,,3.89,1.51
2003-05-01,182.9,6.1,,90.4,1.26,9414.4,289619.0,1751.0,3.88,1.5
2003-05-02,,,,,,,,,3.94,1.56
2003-05-05,,,,,,,,,3.92,1.55
2003-05-06,,,,,,,,,3.84,1.45
2003-05-07,,,,,,,,,3.72,1.45
2003-05-08,,,,,,,,,3.7,1.49
2003-05-09,,,,,,,,,3.69,1.45
2003-05-12,,,,,,,,,3.64,1.46
2003-05-13,,,,,,,,,3.63,1.47
2003-05-14,,,,,,,,,3.53,1.41
2003-05-15,,,,,,,,,3.53,1.46
2003-05-16,,,,,,,,,3.46,1.38
2003-05-19,,,,,,,,,3.46,1.35
2003-05-20,,,,,,,,,3.38,1.31
2003-05-21,,,,,,,,,3.39,1.38
2003-05-22,,,,,,,,,3.34,1.36
2003-05-23,,,,,,,,,3.34,1.38
2003-05-26,,,,,,,,,,
2003-05-27,,,,,,,,,3.41,1.33
2003-05-28,,,,,,,,,3.44,1.35
2003-05-29,,,,,,,,,3.34,1.3
2003-05-30,,,,,,,,,3.37,1.33
2003-06-01,183.1,6.3,,90.5196,1.22,9455.3,293671.0,1867.0,,
2003-06-02,,,,,,,,,3.43,1.33
2003-06-03,,,,,,,,,3.34,1.2
2003-06-04,,,,,,,,,3.3,1.2
2003-06-05,,,,,,,,,3.34,1.25
2003-06-06,,,,,,,,,3.37,1.27
2003-06-09,,,,,,,,,3.29,1.19
2003-06-10,,,,,,,,,3.2,1.13
2003-06-11,,,,,,,,,3.21,1.16
2003-06-12,,,,,,,,,3.18,1.13
2003-06-13,,,,,,,,,3.13,1.1
2003-06-16,,,,,,,,,3.18,1.18
2003-06-17,,,,,,,,,3.27,1.25
2003-06-18,,,,,,,,,3.37,1.27
2003-06-19,,,,,,,,,3.35,1.17
2003-06-20,,,,,,,,,3.4,1.22
2003-06-23,,,,,,,,,3.32,1.17
2003-06-24,,,,,,,,,3.29,1.14
2003-06-25,,,,,,,,,3.38,1.3
2003-06-26,,,,,,,,,3.55,1.41
2003-06-27,,,,,,,,,3.58,1.38
2003-06-30,,,,,,,,,3.54,1.32
2003-07-01,183.7,6.2,11566.669,90.9869,1.01,9491.6,296207.0,1897.0,3.56,1.3
2003-07-02,,,,,,,,,3.56,1.3
2003-07-03,,,,,,,,,3.67,1.32
2003-07-04,,,,,,,,,,
2003-07-07,,,,,,,,,3.74,1.36
2003-07-08,,,,,,,,,3.75,1.39
2003-07-09,,,,,,,,,3.73,1.37
2003-07-10,,,,,,,,,3.7,1.33
2003-07-11,,,,,,,,,3.66,1.29
2003-07-14,,,,,,,,,3.74,1.35
2003-07-15,,,,,,,,,3.94,1.45
2003-07-16,,,,,,,,,3.97,1.49
2003-07-17,,,,,,,,,3.98,1.47
2003-07-18,,,,,,,,,4.0,1.51
2003-07-21,,,,,,,,,4.19,1.61
2003-07-22,,,,,,,,,4.17,1.57
2003-07-23,,,,,,,,,4.12,1.54
2003-07-24,,,,,,,,,4.2,1.54
2003-07-25,,,,,,,,,4.22,1.52
2003-07-28,,,,,,,,,4.31,1.61
2003-07-29,,,,,,,,,4.42,1.67
2003-07-30,,,,,,,,,4.34,1.64
2003-07-31,,,,,,,,,4.49,1.8
2003-08-01,184.5,6.1,,90.7933,1.03,9538.8,299592.0,1833.0,4.44,1.85
2003-08-04,,,,,,,,,4.35,1.71
2003-08-05,,,,,,,,,4.47,1.88
2003-08-06,,,,,,,,,4.32,1.78
2003-08-07,,,,,,,,,4.3,1.74
2003-08-08,,,,,,,,,4.27,1.72
2003-08-11,,,,,,,,,4.38,1.81
2003-08-12,,,,,,,,,4.37,1.71
2003-08-13,,,,,,,,,4.58,1.86
2003-08-14,,,,,,,,,4.55,1.86
2003-08-15,,,,,,,,,4.55,1.85
2003-08-18,,,,,,,,,4.49,1.87
2003-08-19,,,,,,,,,4.38,1.81
2003-08-20,,,,,,,,,4.45,1.84
2003-08-21,,,,,,,,,4.53,1.98
2003-08-22,,,,,,,,,4.48,1.97
2003-08-25,,,,,,,,,4.53,2.02
2003-08-26,,,,,,,,,4.5,1.96
2003-08-27,,,,,,,,,4.54,2.05
2003-08-28,,,,,,,,,4.42,1.93
2003-08-29,,,,,,,,,4.45,1.95
2003-09-01,185.1,6.1,,91.3819,1.01,9582.5,298921.0,1939.0,,
2003-09-02,,,,,,,,,4.61,2.04
2003-09-03,,,,,,,,,4.6,2.02
2003-09-04,,,,,,,,,4.52,1.91
2003-09-05,,,,,,,,,4.35,1.72
2003-09-08,,,,,,,,,4.41,1.75
2003-09-09,,,,,,,,,4.37,1.71
2003-09-10,,,,,,,,,4.28,1.64
2003-09-11,,,,,,,,,4.35,1.71
2003-09-12,,,,,,,,,4.27,1.66
2003-09-15,,,,,,,,,4.28,1.63
2003-09-16,,,,,,,,,4.29,1.63
2003-09-17,,,,,,,,,4.2,1.63
2003-09-18,,,,,,,,,4.19,1.68
2003-09-19,,,,,,,,,4.17,1.7
2003-09-22,,,,,,,,,4.26,1.7
2003-09-23,,,,,,,,,4.24,1.68
2003-09-24,,,,,,,,,4.16,1.66
2003-09-25,,,,,,,,,4.12,1.65
2003-09-26,,,,,,,,,4.04,1.6
2003-09-29,,,,,,,,,4.09,1.61
2003-09-30,,,,,,,,,3.96,1.5
2003-10-01,184.9,6.0,11772.234,91.5049,1.01,9620.4,298205.0,1967.0,3.96,1.47
2003-10-02,,,,,,,,,4.03,1.48
2003-10-03,,,,,,,,,4.21,1.65
2003-10-06,,,,,,,,,4.17,1.6
2003-10-07,,,,,,,,,4.27,1.67
2003-10-08,,,,,,,,,4.27,1.65
2003-10-09,,,,,,,,,4.32,1.69
2003-10-10,,,,,,,,,4.29,1.65
2003-10-13,,,,,,,,,,
2003-10-14,,,,,,,,,4.37,1.73
2003-10-15,,,,,,,,,4.43,1.79
2003-10-16,,,,,,,,,4.47,1.96
2003-10-17,,,,,,,,,4.41,1.9
2003-10-20,,,,,,,,,4.41,1.88
2003-10-21,,,,,,,,,4.38,1.89
2003-10-22,,,,,,,,,4.29,1.8
2003-10-23,,,,,,,,,4.34,1.84
2003-10-24,,,,,,,,,4.24,1.76
2003-10-27,,,,,,,,,4.3,1.83
2003-10-28,,,,,,,,,4.23,1.71
2003-10-29,,,,,,,,,4.31,1.79
2003-10-30,,,,,,,,,4.36,1.86
2003-10-31,,,,,,,,,4.33,1.85
2003-11-01,185.0,5.8,,92.1265,1.0,9688.2,299433.0,2083.0,,
2003-11-03,,,,,,,,,4.4,1.9
2003-11-04,,,,,,,,,4.33,1.86
2003-11-05,,,,,,,,,4.38,1.94
2003-11-06,,,,,,,,,4.45,2.01
2003-11-07,,,,,,,,,4.48,2.04
2003-11-10,,,,,,,,,4.49,2.06
2003-11-11,,,,,,,,,,
2003-11-12,,,,,,,,,4.44,2.05
2003-11-13,,,,,,,,,4.3,1.92
2003-11-14,,,,,,,,,4.22,1.84
2003-11-17,,,,,,,,,4.18,1.8
2003-11-18,,,,,,,,,4.17,1.83
2003-11-19,,,,,,,,,4.24,1.9
2003-11-20,,,,,,,,,4.16,1.83
2003-11-21,,,,,,,,,4.15,1.84
2003-11-24,,,,,,,,,4.23,1.94
2003-11-25,,,,,,,,,4.19,1.89
2003-11-26,,,,,,,,,4.25,1.97
2003-11-27,,,,,,,,,,
2003-11-28,,,,,,,,,4.34,2.06
2003-12-01,185.5,5.7,,92.1732,0.98,9713.2,300702.0,2057.0,4.4,2.12
2003-12-02,,,,,,,,,4.38,2.07
2003-12-03,,,,,,,,,4.41,2.09
2003-12-04,,,,,,,,,4.38,2.06
2003-12-05,,,,,,,,,4.23,1.88
2003-12-08,,,,,,,,,4.29,1.94
2003-12-09,,,,,,,,,4.32,1.97
2003-12-10,,,,,,,,,4.3,1.94
2003-12-11,,,,,,,,,4.27,1.83
2003-12-12,,,,,,,,,4.26,1.84
2003-12-15,,,,,,,,,4.28,1.88
2003-12-16,,,,,,,,,4.24,1.83
2003-12-17,,,,,,,,,4.19,1.83
2003-12-18,,,,,,,,,4.16,1.85
2003-12-19,,,,,,,,,4.15,1.82
2003-12-22,,,,,,,,,4.18,1.84
2003-12-23,,,,,,,,,4.28,1.96
2003-12-24,,,,,,,,,4.2,1.83
2003-12-25,,,,,,,,,,
2003-12-26,,,,,,,,,4.17,1.82
2003-12-29,,,,,,,,,4.24,1.86
2003-12-30,,,,,,,,,4.29,1.86
2003-12-31,,,,,,,,,4.27,1.84
2004-01-01,186.3,5.7,11923.447,92.3268,1.0,9731.8,301993.0,1911.0,,
2004-01-02,,,,,,,,,4.38,1.94
2004-01-05,,,,,,,,,4.41,1.95
2004-01-06,,,,,,,,,4.29,1.84
2004-01-07,,,,,,,,,4.27,1.84
2004-01-08,,,,,,,,,4.27,1.85
2004-01-09,,,,,,,,,4.11,1.68
2004-01-12,,,,,,,,,4.11,1.68
2004-01-13,,,,,,,,,4.05,1.63
2004-01-14,,,,,,,,,4.01,1.65
2004-01-15,,,,,,,,,3.99,1.67
2004-01-16,,,,,,,,,4.04,1.7
2004-01-19,,,,,,,,,,
2004-01-20,,,,,,,,,4.08,1.69
2004-01-21,,,,,,,,,4.05,1.69
2004-01-22,,,,,,,,,3.99,1.66
2004-01-23,,,,,,,,,4.09,1.71
2004-01-26,,,,,,,,,4.16,1.75
2004-01-27,,,,,,,,,4.11,1.7
2004-01-28,,,,,,,,,4.22,1.87
2004-01-29,,,,,,,,,4.22,1.88
2004-01-30,,,,,,,,,4.16,1.84
2004-02-01,186.7,5.6,,92.8995,1.01,9765.4,303915.0,1846.0,,
2004-02-02,,,,,,,,,4.18,1.83
2004-02-03,,,,,,,,,4.13,1.78
2004-02-04,,,,,,,,,4.15,1.8
2004-02-05,,,,,,,,,4.2,1.85
2004-02-06,,,,,,,,,4.12,1.77
2004-02-09,,,,,,,,,4.09,1.76
2004-02-10,,,,,,,,,4.13,1.82
2004-02-11,,,,,,,,,4.05,1.73
2004-02-12,,,,,,,,,4.1,1.75
2004-02-13,,,,,,,,,4.05,1.7
2004-02-16,,,,,,,,,,
2004-02-17,,,,,,,,,4.05,1.7
2004-02-18,,,,,,,,,4.05,1.72
2004-02-19,,,,,,,,,4.05,1.7
2004-02-20,,,,,,,,,4.1,1.75
2004-02-23,,,,,,,,,4.05,1.69
2004-02-24,,,,,,,,,4.04,1.69
2004-02-25,,,,,,,,,4.02,1.67
2004-02-26,,,,,,,,,4.05,1.69
2004-02-27,,,,,,,,,3.99,1.66
2004-03-01,187.1,5.8,,92.5368,1.0,9815.8,309471.0,1998.0,4.0,1.67
2004-03-02,,,,,,,,,4.05,1.74
2004-03-03,,,,,,,,,4.07,1.74
2004-03-04,,,,,,,,,4.04,1.73
2004-03-05,,,,,,,,,3.85,1.57
2004-03-08,,,,,,,,,3.78,1.52
2004-03-09,,,,,,,,,3.73,1.51
2004-03-10,,,,,,,,,3.74,1.54
2004-03-11,,,,,,,,,3.74,1.52
2004-03-12,,,,,,,,,3.78,1.54
2004-03-15,,,,,,,,,3.78,1.56
2004-03-16,,,,,,,,,3.7,1.51
2004-03-17,,,,,,,,,3.71,1.53
2004-03-18,,,,,,,,,3.76,1.55
2004-03-19,,,,,,,,,3.8,1.56
2004-03-22,,,,,,,,,3.74,1.52
2004-03-23,,,,,,,,,3.73,1.52
2004-03-24,,,,,,,,,3.73,1.5
2004-03-25,,,,,,,,,3.75,1.51
2004-03-26,,,,,,,,,3.85,1.59
2004-03-29,,,,,,,,,3.91,1.63
2004-03-30,,,,,,,,,3.91,1.63
2004-03-31,,,,,,,,,3.86,1.6
2004-04-01,187.4,5.6,12112.815,92.8957,1.0,9865.8,307358.0,2003.0,3.91,1.65
2004-04-02,,,,,,,,,4.15,1.86
2004-04-05,,,,,,,,,4.24,1.91
2004-04-06,,,,,,,,,4.19,1.86
2004-04-07,,,,,,,,,4.19,1.87
2004-04-08,,,,,,,,,4.21,1.88
2004-04-09,,,,,,,,,,
2004-04-12,,,,,,,,,4.25,1.91
2004-04-13,,,,,,,,,4.35,2.01
2004-04-14,,,,,,,,,4.4,2.13
2004-04-15,,,,,,,,,4.42,2.1
2004-04-16,,,,,,,,,4.37,2.03
2004-04-19,,,,,,,,,4.39,2.07
2004-04-20,,,,,,,,,4.43,2.11
2004-04-21,,,,,,,,,4.45,2.22
2004-04-22,,,,,,,,,4.4,2.15
2004-04-23,,,,,,,,,4.48,2.29
2004-04-26,,,,,,,,,4.46,2.28
2004-04-27,,,,,,,,,4.43,2.21
2004-04-28,,,,,,,,,4.5,2.3
2004-04-29,,,,,,,,,4.55,2.34
2004-04-30,,,,,,,,,4.53,2.31
2004-05-01,188.2,5.6,,93.5845,1.0,9950.0,311088.0,1981.0,,
2004-05-03,,,,,,,,,4.53,2.34
2004-05-04,,,,,,,,,4.56,2.32
2004-05-05,,,,,,,,,4.61,2.34
2004-05-06,,,,,,,,,4.63,2.39
2004-05-07,,,,,,,,,4.79,2.64
2004-05-10,,,,,,,,,4.81,2.61
2004-05-11,,,,,,,,,4.79,2.61
2004-05-12,,,,,,,,,4.83,2.62
2004-05-13,,,,,,,,,4.85,2.67
2004-05-14,,,,,,,,,4.79,2.59
2004-05-17,,,,,,,,,4.7,2.51
2004-05-18,,,,,,,,,4.74,2.58
2004-05-19,,,,,,,,,4.79,2.61
2004-05-20,,,,,,,,,4.72,2.55
2004-05-21,,,,,,,,,4.76,2.6
2004-05-24,,,,,,,,,4.75,2.59
2004-05-25,,,,,,,,,4.73,2.58
2004-05-26,,,,,,,,,4.67,2.52
2004-05-27,,,,,,,,,4.6,2.46
2004-05-28,,,,,,,,,4.66,2.54
2004-05-31,,,,,,,,,,
2004-06-01,188.9,5.6,,92.8651,1.03,9988.4,309127.0,1828.0,4.71,2.6
2004-06-02,,,,,,,,,4.74,2.65
2004-06-03,,,,,,,,,4.71,2.63
2004-06-04,,,,,,,,,4.78,2.7
2004-06-07,,,,,,,,,4.78,2.67
2004-06-08,,,,,,,,,4.78,2.73
2004-06-09,,,,,,,,,4.82,2.79
2004-06-10,,,,,,,,,4.81,2.81
2004-06-11,,,,,,,,,,
2004-06-14,,,,,,,,,4.89,2.97
2004-06-15,,,,,,,,,4.69,2.77
2004-06-16,,,,,,,,,4.74,2.84
2004-06-17,,,,,,,,,4.71,2.81
2004-06-18,,,,,,,,,4.72,2.81
2004-06-21,,,,,,,,,4.7,2.8
2004-06-22,,,,,,,,,4.72,2.8
2004-06-23,,,,,,,,,4.71,2.78
2004-06-24,,,,,,,,,4.66,2.74
2004-06-25,,,,,,,,,4.66,2.74
2004-06-28,,,,,,,,,4.76,2.86
2004-06-29,,,,,,,,,4.7,2.83
2004-06-30,,,,,,,,,4.62,2.7
2004-07-01,189.1,5.5,12305.307,93.5502,1.26,10033.0,311681.0,2002.0,4.57,2.64
2004-07-02,,,,,,,,,4.48,2.54
2004-07-05,,,,,,,,,,
2004-07-06,,,,,,,,,4.49,2.56
2004-07-07,,,,,,,,,4.5,2.56
2004-07-08,,,,,,,,,4.49,2.55
2004-07-09,,,,,,,,,4.49,2.55
2004-07-12,,,,,,,,,4.46,2.53
2004-07-13,,,,,,,,,4.5,2.58
2004-07-14,,,,,,,,,4.5,2.62
2004-07-15,,,,,,,,,4.5,2.64
2004-07-16,,,,,,,,,4.38,2.54
2004-07-19,,,,,,,,,4.38,2.56
2004-07-20,,,,,,,,,4.47,2.67
2004-07-21,,,,,,,,,4.5,2.71
2004-07-22,,,,,,,,,4.48,2.69
2004-07-23,,,,,,,,,4.45,2.69
2004-07-26,,,,,,,,,4.49,2.75
2004-07-27,,,,,,,,,4.62,2.82
2004-07-28,,,,,,,,,4.61,2.78
2004-07-29,,,,,,,,,4.6,2.75
2004-07-30,,,,,,,,,4.5,2.68
2004-08-01,189.2,5.4,,93.6301,1.43,10078.2,311192.0,2024.0,,
2004-08-02,,,,,,,,,4.48,2.66
2004-08-03,,,,,,,,,4.45,2.66
2004-08-04,,,,,,,,,4.45,2.66
2004-08-05,,,,,,,,,4.43,2.64
2004-08-06,,,,,,,,,4.24,2.4
2004-08-09,,,,,,,,,4.28,2.45
2004-08-10,,,,,,,,,4.32,2.55
2004-08-11,,,,,,,,,4.3,2.54
2004-08-12,,,,,,,,,4.27,2.52
2004-08-13,,,,,,,,,4.22,2.47
2004-08-16,,,,,,,,,4.26,2.51
2004-08-17,,,,,,,,,4.21,2.44
2004-08-18,,,,,,,,,4.23,2.44
2004-08-19,,,,,,,,,4.22,2.43
2004-08-20,,,,,,,,,4.24,2.46
2004-08-23,,,,,,,,,4.28,2.5
2004-08-24,,,,,,,,,4.28,2.5
2004-08-25,,,,,,,,,4.26,2.51
2004-08-26,,,,,,,,,4.22,2.48
2004-08-27,,,,,,,,,4.23,2.48
2004-08-30,,,,,,,,,4.19,2.47
2004-08-31,,,,,,,,,4.13,2.41
2004-09-01,189.8,5.4,,93.7353,1.61,10110.5,317446.0,1905.0,4.13,2.41
2004-09-02,,,,,,,,,4.2,2.46
2004-09-03,,,,,,,,,4.3,2.61
2004-09-06,,,,,,,,,,
2004-09-07,,,,,,,,,4.26,2.58
2004-09-08,,,,,,,,,4.18,2.5
2004-09-09,,,,,,,,,4.22,2.5
2004-09-10,,,,,,,,,4.19,2.5
2004-09-13,,,,,,,,,4.16,2.5
2004-09-14,,,,,,,,,4.15,2.47
2004-09-15,,,,,,,,,4.18,2.51
2004-09-16,,,,,,,,,4.08,2.44
2004-09-17,,,,,,,,,4.14,2.53
2004-09-20,,,,,,,,,4.07,2.46
2004-09-21,,,,,,,,,4.05,2.49
2004-09-22,,,,,,,,,4.0,2.5
2004-09-23,,,,,,,,,4.02,2.57
2004-09-24,,,,,,,,,4.04,2.62
2004-09-27,,,,,,,,,4.01,2.59
2004-09-28,,,,,,,,,4.02,2.55
2004-09-29,,,,,,,,,4.1,2.61
2004-09-30,,,,,,,,,4.14,2.63
2004-10-01,190.8,5.5,12527.214,94.5695,1.76,10159.3,318476.0,2072.0,4.21,2.63
2004-10-04,,,,,,,,,4.19,2.65
2004-10-05,,,,,,,,,4.18,2.65
2004-10-06,,,,,,,,,4.23,2.7
2004-10-07,,,,,,,,,4.26,2.72
2004-10-08,,,,,,,,,4.15,2.61
2004-10-11,,,,,,,,,,
2004-10-12,,,,,,,,,4.12,2.56
2004-10-13,,,,,,,,,4.09,2.53
2004-10-14,,,,,,,,,4.03,2.48
2004-10-15,,,,,,,,,4.07,2.53
2004-10-18,,,,,,,,,4.07,2.55
2004-10-19,,,,,,,,,4.07,2.57
2004-10-20,,,,,,,,,4.01,2.53
2004-10-21,,,,,,,,,4.01,2.57
2004-10-22,,,,,,,,,4.0,2.55
2004-10-25,,,,,,,,,3.99,2.54
2004-10-26,,,,,,,,,4.01,2.54
2004-10-27,,,,,,,,,4.11,2.63
2004-10-28,,,,,,,,,4.09,2.59
2004-10-29,,,,,,,,,4.05,2.56
2004-11-01,191.7,5.4,,94.8015,1.93,10171.5,320520.0,1782.0,4.11,2.61
2004-11-02,,,,,,,,,4.1,2.6
2004-11-03,,,,,,,,,4.09,2.6
2004-11-04,,,,,,,,,4.1,2.63
2004-11-05,,,,,,,,,4.21,2.8
2004-11-08,,,,,,,,,4.22,2.8
2004-11-09,,,,,,,,,4.22,2.8
2004-11-10,,,,,,,,,4.25,2.82
2004-11-11,,,,,,,,,,
2004-11-12,,,,,,,,,4.2,2.86
2004-11-15,,,,,,,,,4.2,2.89
2004-11-16,,,,,,,,,4.21,2.91
2004-11-17,,,,,,,,,4.14,2.85
2004-11-18,,,,,,,,,4.12,2.86
2004-11-19,,,,,,,,,4.2,2.95
2004-11-22,,,,,,,,,4.18,2.95
2004-11-23,,,,,,,,,4.19,2.98
2004-11-24,,,,,,,,,4.2,3.01
2004-11-25,,,,,,,,,,
2004-11-26,,,,,,,,,4.24,3.03
2004-11-29,,,,,,,,,4.34,3.07
2004-11-30,,,,,,,,,4.36,3.02
2004-12-01,191.7,5.4,,95.5415,2.16,10520.8,324672.0,2042.0,4.38,3.01
2004-12-02,,,,,,,,,4.4,3.04
2004-12-03,,,,,,,,,4.27,2.94
2004-12-06,,,,,,,,,4.24,2.93
2004-12-07,,,,,,,,,4.23,2.95
2004-12-08,,,,,,,,,4.14,2.91
2004-12-09,,,,,,,,,4.19,2.93
2004-12-10,,,,,,,,,4.16,2.95
2004-12-13,,,,,,,,,4.16,2.98
2004-12-14,,,,,,,,,4.14,2.99
2004-12-15,,,,,,,,,4.09,2.97
2004-12-16,,,,,,,,,4.19,3.01
2004-12-17,,,,,,,,,4.21,3.03
2004-12-20,,,,,,,,,4.21,3.06
2004-12-21,,,,,,,,,4.18,3.05
2004-12-22,,,,,,,,,4.21,3.04
2004-12-23,,,,,,,,,4.23,3.02
2004-12-24,,,,,,,,,,
2004-12-27,,,,,,,,,4.3,3.07
2004-12-28,,,,,,,,,4.31,3.08
2004-12-29,,,,,,,,,4.33,3.12
2004-12-30,,,,,,,,,4.27,3.1
2004-12-31,,,,,,,,,4.24,3.08
2005-01-01,191.6,5.3,12767.286,95.8785,2.28,10247.0,321272.0,2144.0,,
2005-01-03,,,,,,,,,4.23,3.1
2005-01-04,,,,,,,,,4.29,3.2
2005-01-05,,,,,,,,,4.29,3.22
2005-01-06,,,,,,,,,4.29,3.18
2005-01-07,,,,,,,,,4.29,3.2
2005-01-10,,,,,,,,,4.29,3.23
2005-01-11,,,,,,,,,4.26,3.24
2005-01-12,,,,,,,,,4.25,3.22
2005-01-13,,,,,,,,,4.2,3.21
2005-01-14,,,,,,,,,4.23,3.24
2005-01-17,,,,,,,,,,
2005-01-18,,,,,,,,,4.21,3.26
2005-01-19,,,,,,,,,4.2,3.26
2005-01-20,,,,,,,,,4.17,3.21
2005-01-21,,,,,,,,,4.16,3.16
2005-01-24,,,,,,,,,4.14,3.2
2005-01-25,,,,,,,,,4.2,3.23
2005-01-26,,,,,,,,,4.21,3.27
2005-01-27,,,,,,,,,4.22,3.28
2005-01-28,,,,,,,,,4.16,3.25
2005-01-31,,,,,,,,,4.14,3.29
2005-02-01,192.4,5.4,,96.5709,2.5,10282.7,325308.0,2207.0,4.15,3.29
2005-02-02,,,,,,,,,4.15,3.32
2005-02-03,,,,,,,,,4.18,3.34
2005-02-04,,,,,,,,,4.09,3.29
2005-02-07,,,,,,,,,4.07,3.31
2005-02-08,,,,,,,,,4.05,3.33
2005-02-09,,,,,,,,,4.0,3.24
2005-02-10,,,,,,,,,4.07,3.29
2005-02-11,,,,,,,,,4.1,3.34
2005-02-14,,,,,,,,,4.08,3.38
2005-02-15,,,,,,,,,4.1,3.37
2005-02-16,,,,,,,,,4.16,3.41
2005-02-17,,,,,,,,,4.19,3.38
2005-02-18,,,,,,,,,4.27,3.45
2005-02-21,,,,,,,,,,
2005-02-22,,,,,,,,,4.29,3.46
2005-02-23,,,,,,,,,4.27,3.46
2005-02-24,,,,,,,,,4.29,3.52
2005-02-25,,,,,,,,,4.27,3.54
2005-02-28,,,,,,,,,4.36,3.59
2005-03-01,193.1,5.2,,96.4345,2.63,10347.9,326179.0,1864.0,4.38,3.59
2005-03-02,,,,,,,,,4.38,3.57
2005-03-03,,,,,,,,,4.39,3.59
2005-03-04,,,,,,,,,4.32,3.57
2005-03-07,,,,,,,,,4.31,3.61
2005-03-08,,,,,,,,,4.38,3.62
2005-03-09,,,,,,,,,4.52,3.66
2005-03-10,,,,,,,,,4.48,3.68
2005-03-11,,,,,,,,,4.56,3.73
2005-03-14,,,,,,,,,4.52,3.75
2005-03-15,,,,,,,,,4.54,3.75
2005-03-16,,,,,,,,,4.52,3.72
2005-03-17,,,,,,,,,4.47,3.7
2005-03-18,,,,,,,,,4.51,3.72
2005-03-21,,,,,,,,,4.53,3.72
2005-03-22,,,,,,,,,4.63,3.86
2005-03-23,,,,,,,,,4.61,3.84
2005-03-24,,,,,,,,,4.6,3.88
2005-03-25,,,,,,,,,,
2005-03-28,,,,,,,,,4.64,3.9
2005-03-29,,,,,,,,,4.6,3.87
2005-03-30,,,,,,,,,4.56,3.86
2005-03-31,,,,,,,,,4.5,3.8
2005-04-01,193.7,5.2,12922.656,96.6347,2.79,10412.1,329124.0,2061.0,4.46,3.75
2005-04-04,,,,,,,,,4.47,3.74
2005-04-05,,,,,,,,,4.48,3.75
2005-04-06,,,,,,,,,4.44,3.7
2005-04-07,,,,,,,,,4.49,3.72
2005-04-08,,,,,,,,,4.5,3.77
2005-04-11,,,,,,,,,4.45,3.75
2005-04-12,,,,,,,,,4.38,3.71
2005-04-13,,,,,,,,,4.38,3.66
2005-04-14,,,,,,,,,4.37,3.6
2005-04-15,,,,,,,,,4.27,3.54
2005-04-18,,,,,,,,,4.27,3.55
2005-04-19,,,,,,,,,4.21,3.5
2005-04-20,,,,,,,,,4.22,3.52
2005-04-21,,,,,,,,,4.32,3.65
2005-04-22,,,,,,,,,4.26,3.62
2005-04-25,,,,,,,,,4.26,3.64
2005-04-26,,,,,,,,,4.28,3.67
2005-04-27,,,,,,,,,4.25,3.64
2005-04-28,,,,,,,,,4.19,3.59
2005-04-29,,,,,,,,,4.21,3.66
2005-05-01,193.6,5.1,,96.7251,3.0,10464.1,327233.0,2025.0,,
2005-05-02,,,,,,,,,4.21,3.64
2005-05-03,,,,,,,,,4.21,3.68
2005-05-04,,,,,,,,,4.2,3.63
2005-05-05,,,,,,,,,4.19,3.58
2005-05-06,,,,,,,,,4.28,3.73
2005-05-09,,,,,,,,,4.29,3.76
2005-05-10,,,,,,,,,4.23,3.69
2005-05-11,,,,,,,,,4.21,3.68
2005-05-12,,,,,,,,,4.18,3.66
2005-05-13,,,,,,,,,4.12,3.61
2005-05-16,,,,,,,,,4.13,3.61
2005-05-17,,,,,,,,,4.12,3.61
2005-05-18,,,,,,,,,4.07,3.56
2005-05-19,,,,,,,,,4.11,3.64
2005-05-20,,,,,,,,,4.13,3.69
2005-05-23,,,,,,,,,4.07,3.65
2005-05-24,,,,,,,,,4.04,3.61
2005-05-25,,,,,,,,,4.08,3.61
2005-05-26,,,,,,,,,4.08,3.64
2005-05-27,,,,,,,,,4.08,3.64
2005-05-30,,,,,,,,,,
2005-05-31,,,,,,,,,4.0,3.6
2005-06-01,193.7,5.0,,97.1483,3.04,10498.0,337219.0,2068.0,3.91,3.5
2005-06-02,,,,,,,,,3.89,3.52
2005-06-03,,,,,,,,,3.98,3.57
2005-06-06,,,,,,,,,3.96,3.59
2005-06-07,,,,,,,,,3.92,3.57
2005-06-08,,,,,,,,,3.95,3.6
2005-06-09,,,,,,,,,3.98,3.64
2005-06-10,,,,,,,,,4.05,3.71
2005-06-13,,,,,,,,,4.09,3.71
2005-06-14,,,,,,,,,4.13,3.71
2005-06-15,,,,,,,,,4.12,3.72
2005-06-16,,,,,,,,,4.09,3.7
2005-06-17,,,,,,,,,4.09,3.72
2005-06-20,,,,,,,,,4.11,3.72
2005-06-21,,,,,,,,,4.06,3.71
2005-06-22,,,,,,,,,3.95,3.62
2005-06-23,,,,,,,,,3.96,3.63
2005-06-24,,,,,,,,,3.92,3.59
2005-06-27,,,,,,,,,3.9,3.6
2005-06-28,,,,,,,,,3.97,3.65
2005-06-29,,,,,,,,,3.99,3.65
2005-06-30,,,,,,,,,3.94,3.66
2005-07-01,194.9,5.0,13142.642,96.8397,3.26,10558.3,339529.0,2054.0,4.06,3.76
2005-07-04,,,,,,,,,,
2005-07-05,,,,,,,,,4.11,3.79
2005-07-06,,,,,,,,,4.08,3.77
2005-07-07,,,,,,,,,4.05,3.71
2005-07-08,,,,,,,,,4.11,3.78
2005-07-11,,,,,,,,,4.11,3.81
2005-07-12,,,,,,,,,4.15,3.82
2005-07-13,,,,,,,,,4.17,3.84
2005-07-14,,,,,,,,,4.19,3.86
2005-07-15,,,,,,,,,4.18,3.86
2005-07-18,,,,,,,,,4.22,3.89
2005-07-19,,,,,,,,,4.2,3.88
2005-07-20,,,,,,,,,4.17,3.9
2005-07-21,,,,,,,,,4.28,3.96
2005-07-22,,,,,,,,,4.23,3.92
2005-07-25,,,,,,,,,4.25,3.95
2005-07-26,,,,,,,,,4.24,3.95
2005-07-27,,,,,,,,,4.27,3.99
2005-07-28,,,,,,,,,4.2,3.96
2005-07-29,,,,,,,,,4.28,4.02
2005-08-01,196.1,4.9,,97.1584,3.5,10619.6,335605.0,2095.0,4.32,4.04
2005-08-02,,,,,,,,,4.34,4.06
2005-08-03,,,,,,,,,4.3,4.02
2005-08-04,,,,,,,,,4.32,4.04
2005-08-05,,,,,,,,,4.4,4.11
2005-08-08,,,,,,,,,4.42,4.16
2005-08-09,,,,,,,,,4.41,4.13
2005-08-10,,,,,,,,,4.4,4.13
2005-08-11,,,,,,,,,4.32,4.1
2005-08-12,,,,,,,,,4.24,4.05
2005-08-15,,,,,,,,,4.27,4.08
2005-08-16,,,,,,,,,4.23,4.03
2005-08-17,,,,,,,,,4.28,4.07
2005-08-18,,,,,,,,,4.21,4.01
2005-08-19,,,,,,,,,4.21,4.03
2005-08-22,,,,,,,,,4.22,4.03
2005-08-23,,,,,,,,,4.2,4.01
2005-08-24,,,,,,,,,4.19,3.99
2005-08-25,,,,,,,,,4.18,4.0
2005-08-26,,,,,,,,,4.2,4.06
2005-08-29,,,,,,,,,4.2,4.06
2005-08-30,,,,,,,,,4.16,3.97
2005-08-31,,,,,,,,,4.02,3.84
2005-09-01,198.8,5.0,,95.2764,3.62,10687.7,336600.0,2151.0,4.02,3.72
2005-09-02,,,,,,,,,4.03,3.75
2005-09-05,,,,,,,,,,
2005-09-06,,,,,,,,,4.09,3.8
2005-09-07,,,,,,,,,4.15,3.87
2005-09-08,,,,,,,,,4.15,3.87
2005-09-09,,,,,,,,,4.14,3.88
2005-09-12,,,,,,,,,4.18,3.92
2005-09-13,,,,,,,,,4.14,3.88
2005-09-14,,,,,,,,,4.17,3.9
2005-09-15,,,,,,,,,4.22,3.9
2005-09-16,,,,,,,,,4.26,3.97
2005-09-19,,,,,,,,,4.25,3.93
2005-09-20,,,,,,,,,4.26,4.0
2005-09-21,,,,,,,,,4.19,3.96
2005-09-22,,,,,,,,,4.19,3.95
2005-09-23,,,,,,,,,4.25,4.02
2005-09-26,,,,,,,,,4.3,4.07
2005-09-27,,,,,,,,,4.3,4.08
2005-09-28,,,,,,,,,4.26,4.09
2005-09-29,,,,,,,,,4.29,4.13
2005-09-30,,,,,,,,,4.34,4.18
2005-10-01,199.1,5.0,13324.204,96.4411,3.78,10767.3,336753.0,2065.0,,
2005-10-03,,,,,,,,,4.39,4.21
2005-10-04,,,,,,,,,4.38,4.22
2005-10-05,,,,,,,,,4.36,4.21
2005-10-06,,,,,,,,,4.37,4.2
2005-10-07,,,,,,,,,4.35,4.18
2005-10-10,,,,,,,,,,
2005-10-11,,,,,,,,,4.39,4.22
2005-10-12,,,,,,,,,4.45,4.24
2005-10-13,,,,,,,,,4.48,4.24
2005-10-14,,,,,,,,,4.48,4.27
2005-10-17,,,,,,,,,4.5,4.29
2005-10-18,,,,,,,,,4.49,4.27
2005-10-19,,,,,,,,,4.47,4.25
2005-10-20,,,,,,,,,4.46,4.27
2005-10-21,,,,,,,,,4.39,4.22
2005-10-24,,,,,,,,,4.45,4.25
2005-10-25,,,,,,,,,4.54,4.34
2005-10-26,,,,,,,,,4.6,4.38
2005-10-27,,,,,,,,,4.57,4.36
2005-10-28,,,,,,,,,4.58,4.4
2005-10-31,,,,,,,,,4.57,4.4
2005-11-01,198.1,5.0,,97.5016,4.0,10815.4,339719.0,2147.0,4.58,4.42
2005-11-02,,,,,,,,,4.61,4.43
2005-11-03,,,,,,,,,4.65,4.47
2005-11-04,,,,,,,,,4.66,4.47
2005-11-07,,,,,,,,,4.65,4.47
2005-11-08,,,,,,,,,4.57,4.43
2005-11-09,,,,,,,,,4.64,4.49
2005-11-10,,,,,,,,,4.55,4.44
2005-11-11,,,,,,,,,,
2005-11-14,,,,,,,,,4.61,4.5
2005-11-15,,,,,,,,,4.56,4.47
2005-11-16,,,,,,,,,4.49,4.42
2005-11-17,,,,,,,,,4.46,4.37
2005-11-18,,,,,,,,,4.5,4.4
2005-11-21,,,,,,,,,4.46,4.39
2005-11-22,,,,,,,,,4.43,4.32
2005-11-23,,,,,,,,,4.47,4.36
2005-11-24,,,,,,,,,,
2005-11-25,,,,,,,,,4.43,4.33
2005-11-28,,,,,,,,,4.41,4.33
2005-11-29,,,,,,,,,4.48,4.4
2005-11-30,,,,,,,,,4.49,4.42
2005-12-01,198.1,4.9,,97.9723,4.16,10853.1,339895.0,1994.0,4.52,4.45
2005-12-02,,,,,,,,,4.52,4.43
2005-12-05,,,,,,,,,4.57,4.47
2005-12-06,,,,,,,,,4.49,4.42
2005-12-07,,,,,,,,,4.52,4.42
2005-12-08,,,,,,,,,4.47,4.37
2005-12-09,,,,,,,,,4.54,4.43
2005-12-12,,,,,,,,,4.56,4.45
2005-12-13,,,,,,,,,4.54,4.43
2005-12-14,,,,,,,,,4.45,4.37
2005-12-15,,,,,,,,,4.47,4.37
2005-12-16,,,,,,,,,4.45,4.37
2005-12-19,,,,,,,,,4.45,4.38
2005-12-20,,,,,,,,,4.47,4.42
2005-12-21,,,,,,,,,4.49,4.43
2005-12-22,,,,,,,,,4.44,4.4
2005-12-23,,,,,,,,,4.38,4.37
2005-12-26,,,,,,,,,,
2005-12-27,,,,,,,,,4.34,4.35
2005-12-28,,,,,,,,,4.38,4.37
2005-12-29,,,,,,,,,4.37,4.38
2005-12-30,,,,,,,,,4.39,4.41
2006-01-01,199.3,4.7,13599.16,98.127,4.29,11038.6,349664.0,2273.0,,
2006-01-02,,,,,,,,,,
2006-01-03,,,,,,,,,4.37,4.34
2006-01-04,,,,,,,,,4.36,4.31
2006-01-05,,,,,,,,,4.36,4.32
2006-01-06,,,,,,,,,4.38,4.36
2006-01-09,,,,,,,,,4.38,4.36
2006-01-10,,,,,,,,,4.43,4.41
2006-01-11,,,,,,,,,4.46,4.44
2006-01-12,,,,,,,,,4.42,4.39
2006-01-13,,,,,,,,,4.36,4.34
2006-01-16,,,,,,,,,,
2006-01-17,,,,,,,,,4.34,4.33
2006-01-18,,,,,,,,,4.34,4.33
2006-01-19,,,,,,,,,4.38,4.37
2006-01-20,,,,,,,,,4.37,4.37
2006-01-23,,,,,,,,,4.36,4.35
2006-01-24,,,,,,,,,4.4,4.37
2006-01-25,,,,,,,,,4.49,4.46
2006-01-26,,,,,,,,,4.53,4.49
2006-01-27,,,,,,,,,4.52,4.51
2006-01-30,,,,,,,,,4.54,4.52
2006-01-31,,,,,,,,,4.53,4.54
2006-02-01,199.4,4.8,,98.1687,4.49,11102.6,347021.0,2119.0,4.57,4.59
2006-02-02,,,,,,,,,4.57,4.59
2006-02-03,,,,,,,,,4.54,4.59
2006-02-06,,,,,,,,,4.55,4.62
2006-02-07,,,,,,,,,4.57,4.61
2006-02-08,,,,,,,,,4.56,4.64
2006-02-09,,,,,,,,,4.54,4.66
2006-02-10,,,,,,,,,4.59,4.69
2006-02-13,,,,,,,,,4.58,4.68
2006-02-14,,,,,,,,,4.62,4.69
2006-02-15,,,,,,,,,4.61,4.71
2006-02-16,,,,,,,,,4.59,4.69
2006-02-17,,,,,,,,,4.54,4.66
2006-02-20,,,,,,,,,,
2006-02-21,,,,,,,,,4.57,4.71
2006-02-22,,,,,,,,,4.53,4.68
2006-02-23,,,,,,,,,4.56,4.72
2006-02-24,,,,,,,,,4.58,4.74
2006-02-27,,,,,,,,,4.59,4.74
2006-02-28,,,,,,,,,4.55,4.69
2006-03-01,199.7,4.7,,98.3913,4.59,11171.8,348357.0,1969.0,4.59,4.71
2006-03-02,,,,,,,,,4.64,4.72
2006-03-03,,,,,,,,,4.68,4.76
2006-03-06,,,,,,,,,4.74,4.77
2006-03-07,,,,,,,,,4.74,4.77
2006-03-08,,,,,,,,,4.73,4.72
2006-03-09,,,,,,,,,4.74,4.72
2006-03-10,,,,,,,,,4.76,4.74
2006-03-13,,,,,,,,,4.77,4.74
2006-03-14,,,,,,,,,4.71,4.66
2006-03-15,,,,,,,,,4.73,4.69
2006-03-16,,,,,,,,,4.65,4.62
2006-03-17,,,,,,,,,4.68,4.65
2006-03-20,,,,,,,,,4.66,4.65
2006-03-21,,,,,,,,,4.71,4.72
2006-03-22,,,,,,,,,4.7,4.74
2006-03-23,,,,,,,,,4.73,4.77
2006-03-24,,,,,,,,,4.67,4.72
2006-03-27,,,,,,,,,4.7,4.72
2006-03-28,,,,,,,,,4.79,4.81
2006-03-29,,,,,,,,,4.81,4.82
2006-03-30,,,,,,,,,4.86,4.84
2006-03-31,,,,,,,,,4.86,4.82
2006-04-01,200.7,4.7,13753.424,98.6826,4.79,11229.5,350072.0,1821.0,,
2006-04-03,,,,,,,,,4.88,4.86
2006-04-04,,,,,,,,,4.87,4.84
2006-04-05,,,,,,,,,4.84,4.81
2006-04-06,,,,,,,,,4.9,4.84
2006-04-07,,,,,,,,,4.97,4.89
2006-04-10,,,,,,,,,4.97,4.89
2006-04-11,,,,,,,,,4.93,4.88
2006-04-12,,,,,,,,,4.98,4.91
2006-04-13,,,,,,,,,5.05,4.96
2006-04-14,,,,,,,,,,
2006-04-17,,,,,,,,,5.01,4.91
2006-04-18,,,,,,,,,4.99,4.84
2006-04-19,,,,,,,,,5.04,4.86
2006-04-20,,,,,,,,,5.04,4.89
2006-04-21,,,,,,,,,5.01,4.9
2006-04-24,,,,,,,,,4.99,4.89
2006-04-25,,,,,,,,,5.07,4.95
2006-04-26,,,,,,,,,5.12,4.99
2006-04-27,,,,,,,,,5.09,4.91
2006-04-28,,,,,,,,,5.07,4.87
2006-05-01,201.3,4.6,,98.7074,4.94,11251.1,348889.0,1942.0,5.14,4.94
2006-05-02,,,,,,,,,5.12,4.92
2006-05-03,,,,,,,,,5.15,4.94
2006-05-04,,,,,,,,,5.16,4.97
2006-05-05,,,,,,,,,5.12,4.94
2006-05-08,,,,,,,,,5.12,4.97
2006-05-09,,,,,,,,,5.13,4.97
2006-05-10,,,,,,,,,5.13,5.01
2006-05-11,,,,,,,,,5.14,4.99
2006-05-12,,,,,,,,,5.19,5.01
2006-05-15,,,,,,,,,5.15,4.99
2006-05-16,,,,,,,,,5.1,4.96
2006-05-17,,,,,,,,,5.16,4.97
2006-05-18,,,,,,,,,5.08,4.94
2006-05-19,,,,,,,,,5.05,4.96
2006-05-22,,,,,,,,,5.04,4.94
2006-05-23,,,,,,,,,5.07,4.97
2006-05-24,,,,,,,,,5.03,4.94
2006-05-25,,,,,,,,,5.07,4.98
2006-05-26,,,,,,,,,5.06,4.96
2006-05-29,,,,,,,,,,
2006-05-30,,,,,,,,,5.09,4.99
2006-05-31,,,,,,,,,5.12,5.04
2006-06-01,201.8,4.6,,99.0398,4.99,11292.8,350795.0,1802.0,5.11,5.04
2006-06-02,,,,,,,,,5.0,4.92
2006-06-05,,,,,,,,,5.02,4.99
2006-06-06,,,,,,,,,5.01,4.99
2006-06-07,,,,,,,,,5.02,5.02
2006-06-08,,,,,,,,,5.0,5.01
2006-06-09,,,,,,,,,4.98,5.01
2006-06-12,,,,,,,,,4.99,5.02
2006-06-13,,,,,,,,,4.97,5.02
2006-06-14,,,,,,,,,5.05,5.11
2006-06-15,,,,,,,,,5.1,5.14
2006-06-16,,,,,,,,,5.13,5.16
2006-06-19,,,,,,,,,5.14,5.19
2006-06-20,,,,,,,,,5.15,5.19
2006-06-21,,,,,,,,,5.16,5.2
2006-06-22,,,,,,,,,5.2,5.23
2006-06-23,,,,,,,,,5.23,5.27
2006-06-26,,,,,,,,,5.25,5.27
2006-06-27,,,,,,,,,5.21,5.24
2006-06-28,,,,,,,,,5.25,5.29
2006-06-29,,,,,,,,,5.22,5.21
2006-06-30,,,,,,,,,5.15,5.16
2006-07-01,202.9,4.7,13870.188,98.9751,5.24,11322.1,351916.0,1737.0,,
2006-07-03,,,,,,,,,5.15,5.17
2006-07-04,,,,,,,,,,
2006-07-05,,,,,,,,,5.23,5.24
2006-07-06,,,,,,,,,5.19,5.22
2006-07-07,,,,,,,,,5.14,5.17
2006-07-10,,,,,,,,,5.13,5.17
2006-07-11,,,,,,,,,5.1,5.17
2006-07-12,,,,,,,,,5.1,5.17
2006-07-13,,,,,,,,,5.08,5.12
2006-07-14,,,,,,,,,5.07,5.08
2006-07-17,,,,,,,,,5.07,5.12
2006-07-18,,,,,,,,,5.13,5.19
2006-07-19,,,,,,,,,5.06,5.12
2006-07-20,,,,,,,,,5.03,5.06
2006-07-21,,,,,,,,,5.05,5.08
2006-07-24,,,,,,,,,5.05,5.1
2006-07-25,,,,,,,,,5.07,5.11
2006-07-26,,,,,,,,,5.04,5.06
2006-07-27,,,,,,,,,5.07,5.07
2006-07-28,,,,,,,,,5.0,4.98
2006-07-31,,,,,,,,,4.99,4.97
2006-08-01,203.8,4.7,,99.4047,5.25,11346.8,353285.0,1650.0,4.99,4.97
2006-08-02,,,,,,,,,4.96,4.97
2006-08-03,,,,,,,,,4.96,4.98
2006-08-04,,,,,,,,,4.91,4.91
2006-08-07,,,,,,,,,4.93,4.96
2006-08-08,,,,,,,,,4.93,4.91
2006-08-09,,,,,,,,,4.92,4.91
2006-08-10,,,,,,,,,4.93,4.93
2006-08-11,,,,,,,,,4.97,4.96
2006-08-14,,,,,,,,,5.0,5.01
2006-08-15,,,,,,,,,4.93,4.94
2006-08-16,,,,,,,,,4.87,4.87
2006-08-17,,,,,,,,,4.87,4.89
2006-08-18,,,,,,,,,4.84,4.87
2006-08-21,,,,,,,,,4.82,4.85
2006-08-22,,,,,,,,,4.82,4.87
2006-08-23,,,,,,,,,4.82,4.87
2006-08-24,,,,,,,,,4.81,4.88
2006-08-25,,,,,,,,,4.79,4.86
2006-08-28,,,,,,,,,4.8,4.88
2006-08-29,,,,,,,,,4.79,4.87
2006-08-30,,,,,,,,,4.76,4.83
2006-08-31,,,,,,,,,4.74,4.79
2006-09-01,202.8,4.5,,99.2246,5.25,11383.9,351240.0,1720.0,4.73,4.77
2006-09-04,,,,,,,,,,
2006-09-05,,,,,,,,,4.78,4.8
2006-09-06,,,,,,,,,4.8,4.82
2006-09-07,,,,,,,,,4.8,4.82
2006-09-08,,,,,,,,,4.78,4.8
2006-09-11,,,,,,,,,4.8,4.83
2006-09-12,,,,,,,,,4.78,4.82
2006-09-13,,,,,,,,,4.77,4.8
2006-09-14,,,,,,,,,4.79,4.83
2006-09-15,,,,,,,,,4.8,4.87
2006-09-18,,,,,,,,,4.81,4.88
2006-09-19,,,,,,,,,4.74,4.79
2006-09-20,,,,,,,,,4.73,4.81
2006-09-21,,,,,,,,,4.65,4.71
2006-09-22,,,,,,,,,4.6,4.67
2006-09-25,,,,,,,,,4.56,4.63
2006-09-26,,,,,,,,,4.59,4.68
2006-09-27,,,,,,,,,4.6,4.66
2006-09-28,,,,,,,,,4.63,4.68
2006-09-29,,,,,,,,,4.64,4.71
2006-10-01,201.9,4.4,14039.56,99.1229,5.25,11417.8,351035.0,1491.0,,
2006-10-02,,,,,,,,,4.62,4.66
2006-10-03,,,,,,,,,4.62,4.67
2006-10-04,,,,,,,,,4.57,4.6
2006-10-05,,,,,,,,,4.61,4.65
2006-10-06,,,,,,,,,4.7,4.74
2006-10-09,,,,,,,,,,
2006-10-10,,,,,,,,,4.75,4.82
2006-10-11,,,,,,,,,4.78,4.85
2006-10-12,,,,,,,,,4.79,4.85
2006-10-13,,,,,,,,,4.81,4.87
2006-10-16,,,,,,,,,4.79,4.85
2006-10-17,,,,,,,,,4.78,4.83
2006-10-18,,,,,,,,,4.77,4.85
2006-10-19,,,,,,,,,4.79,4.85
2006-10-20,,,,,,,,,4.79,4.87
2006-10-23,,,,,,,,,4.83,4.9
2006-10-24,,,,,,,,,4.83,4.91
2006-10-25,,,,,,,,,4.78,4.88
2006-10-26,,,,,,,,,4.73,4.81
2006-10-27,,,,,,,,,4.68,4.76
2006-10-30,,,,,,,,,4.68,4.78
2006-10-31,,,,,,,,,4.61,4.71
2006-11-01,202.0,4.5,,99.0963,5.25,11479.3,352116.0,1570.0,4.57,4.66
2006-11-02,,,,,,,,,4.6,4.67
2006-11-03,,,,,,,,,4.72,4.82
2006-11-06,,,,,,,,,4.71,4.82
2006-11-07,,,,,,,,,4.66,4.77
2006-11-08,,,,,,,,,4.64,4.75
2006-11-09,,,,,,,,,4.62,4.75
2006-11-10,,,,,,,,,4.59,4.73
2006-11-13,,,,,,,,,4.61,4.76
2006-11-14,,,,,,,,,4.57,4.74
2006-11-15,,,,,,,,,4.61,4.8
2006-11-16,,,,,,,,,4.66,4.85
2006-11-17,,,,,,,,,4.61,4.76
2006-11-20,,,,,,,,,4.6,4.76
2006-11-21,,,,,,,,,4.58,4.75
2006-11-22,,,,,,,,,4.57,4.74
2006-11-23,,,,,,,,,,
2006-11-24,,,,,,,,,4.55,4.73
2006-11-27,,,,,,,,,4.54,4.71
2006-11-28,,,,,,,,,4.51,4.67
2006-11-29,,,,,,,,,4.52,4.69
2006-11-30,,,,,,,,,4.46,4.62
2006-12-01,203.1,4.4,,100.1125,5.24,11587.6,356367.0,1649.0,4.43,4.52
2006-12-04,,,,,,,,,4.43,4.52
2006-12-05,,,,,,,,,4.45,4.52
2006-12-06,,,,,,,,,4.48,4.59
2006-12-07,,,,,,,,,4.49,4.58
2006-12-08,,,,,,,,,4.56,4.68
2006-12-11,,,,,,,,,4.52,4.67
2006-12-12,,,,,,,,,4.49,4.61
2006-12-13,,,,,,,,,4.58,4.7
2006-12-14,,,,,,,,,4.6,4.73
2006-12-15,,,,,,,,,4.6,4.73
2006-12-18,,,,,,,,,4.6,4.71
2006-12-19,,,,,,,,,4.6,4.71
2006-12-20,,,,,,,,,4.6,4.71
2006-12-21,,,,,,,,,4.55,4.66
2006-12-22,,,,,,,,,4.63,4.71
2006-12-25,,,,,,,,,,
2006-12-26,,,,,,,,,4.61,4.71
2006-12-27,,,,,,,,,4.66,4.77
2006-12-28,,,,,,,,,4.7,4.82
2006-12-29,,,,,,,,,4.71,4.82
2007-01-01,203.437,4.6,14215.651,99.7546,5.25,11647.1,355792.0,1409.0,,
2007-01-02,,,,,,,,,4.68,4.8
2007-01-03,,,,,,,,,4.67,4.76
2007-01-04,,,,,,,,,4.62,4.71
2007-01-05,,,,,,,,,4.65,4.76
2007-01-08,,,,,,,,,4.66,4.78
2007-01-09,,,,,,,,,4.66,4.79
2007-01-10,,,,,,,,,4.69,4.81
2007-01-11,,,,,,,,,4.74,4.86
2007-01-12,,,,,,,,,4.77,4.88
2007-01-15,,,,,,,,,,
2007-01-16,,,,,,,,,4.75,4.86
2007-01-17,,,,,,,,,4.79,4.91
2007-01-18,,,,,,,,,4.75,4.89
2007-01-19,,,,,,,,,4.78,4.93
2007-01-22,,,,,,,,,4.76,4.91
2007-01-23,,,,,,,,,4.81,4.94
2007-01-24,,,,,,,,,4.81,4.93
2007-01-25,,,,,,,,,4.87,4.98
2007-01-26,,,,,,,,,4.88,4.99
2007-01-29,,,,,,,,,4.9,4.99
2007-01-30,,,,,,,,,4.88,4.98
2007-01-31,,,,,,,,,4.83,4.94
2007-02-01,204.226,4.5,,100.7166,5.26,11734.2,356545.0,1480.0,4.84,4.96
2007-02-02,,,,,,,,,4.83,4.94
2007-02-05,,,,,,,,,4.81,4.92
2007-02-06,,,,,,,,,4.77,4.9
2007-02-07,,,,,,,,,4.74,4.87
2007-02-08,,,,,,,,,4.73,4.87
2007-02-09,,,,,,,,,4.79,4.92
2007-02-12,,,,,,,,,4.8,4.94
2007-02-13,,,,,,,,,4.82,4.95
2007-02-14,,,,,,,,,4.74,4.87
2007-02-15,,,,,,,,,4.7,4.83
2007-02-16,,,,,,,,,4.69,4.83
2007-02-19,,,,,,,,,,
2007-02-20,,,,,,,,,4.68,4.81
2007-02-21,,,,,,,,,4.69,4.82
2007-02-22,,,,,,,,,4.73,4.87
2007-02-23,,,,,,,,,4.68,4.82
2007-02-26,,,,,,,,,4.63,4.77
2007-02-27,,,,,,,,,4.5,4.59
2007-02-28,,,,,,,,,4.56,4.65
2007-03-01,205.288,4.4,,100.8952,5.26,11821.4,359415.0,1495.0,4.56,4.63
2007-03-02,,,,,,,,,4.52,4.56
2007-03-05,,,,,,,,,4.51,4.53
2007-03-06,,,,,,,,,4.53,4.58
2007-03-07,,,,,,,,,4.5,4.54
2007-03-08,,,,,,,,,4.51,4.56
2007-03-09,,,,,,,,,4.59,4.66
2007-03-12,,,,,,,,,4.56,4.62
2007-03-13,,,,,,,,,4.5,4.52
2007-03-14,,,,,,,,,4.53,4.54
2007-03-15,,,,,,,,,4.54,4.57
2007-03-16,,,,,,,,,4.55,4.58
2007-03-19,,,,,,,,,4.58,4.61
2007-03-20,,,,,,,,,4.56,4.6
2007-03-21,,,,,,,,,4.53,4.51
2007-03-22,,,,,,,,,4.6,4.58
2007-03-23,,,,,,,,,4.62,4.6
2007-03-26,,,,,,,,,4.6,4.56
2007-03-27,,,,,,,,,4.62,4.58
2007-03-28,,,,,,,,,4.62,4.53
2007-03-29,,,,,,,,,4.64,4.58
2007-03-30,,,,,,,,,4.65,4.58
2007-04-01,205.904,4.5,14402.082,101.5723,5.25,11868.1,358562.0,1490.0,,
2007-04-02,,,,,,,,,4.65,4.6
2007-04-03,,,,,,,,,4.67,4.63
2007-04-04,,,,,,,,,4.66,4.61
2007-04-05,,,,,,,,,4.68,4.63
2007-04-06,,,,,,,,,4.76,4.75
2007-04-09,,,,,,,,,4.75,4.73
2007-04-10,,,,,,,,,4.73,4.71
2007-04-11,,,,,,,,,4.74,4.73
2007-04-12,,,,,,,,,4.74,4.73
2007-04-13,,,,,,,,,4.76,4.76
2007-04-16,,,,,,,,,4.74,4.74
2007-04-17,,,,,,,,,4.69,4.68
2007-04-18,,,,,,,,,4.66,4.64
2007-04-19,,,,,,,,,4.68,4.64
2007-04-20,,,,,,,,,4.68,4.64
2007-04-23,,,,,,,,,4.66,4.62
2007-04-24,,,,,,,,,4.63,4.58
2007-04-25,,,,,,,,,4.66,4.63
2007-04-26,,,,,,,,,4.69,4.67
2007-04-27,,,,,,,,,4.71,4.67
2007-04-30,,,,,,,,,4.63,4.6
2007-05-01,206.755,4.4,,101.6269,5.25,11908.7,363085.0,1415.0,4.64,4.63
2007-05-02,,,,,,,,,4.65,4.65
2007-05-03,,,,,,,,,4.68,4.71
2007-05-04,,,,,,,,,4.65,4.68
2007-05-07,,,,,,,,,4.64,4.68
2007-05-08,,,,,,,,,4.63,4.68
2007-05-09,,,,,,,,,4.67,4.73
2007-05-10,,,,,,,,,4.65,4.7
2007-05-11,,,,,,,,,4.67,4.71
2007-05-14,,,,,,,,,4.69,4.73
2007-05-15,,,,,,,,,4.71,4.75
2007-05-16,,,,,,,,,4.71,4.73
2007-05-17,,,,,,,,,4.76,4.78
2007-05-18,,,,,,,,,4.81,4.82
2007-05-21,,,,,,,,,4.79,4.81
2007-05-22,,,,,,,,,4.83,4.83
2007-05-23,,,,,,,,,4.86,4.85
2007-05-24,,,,,,,,,4.86,4.85
2007-05-25,,,,,,,,,4.86,4.85
2007-05-28,,,,,,,,,,
2007-05-29,,,,,,,,,4.88,4.88
2007-05-30,,,,,,,,,4.88,4.89
2007-05-31,,,,,,,,,4.9,4.92
2007-06-01,207.234,4.6,,101.6547,5.25,11929.2,360234.0,1448.0,4.95,4.97
2007-06-04,,,,,,,,,4.93,4.97
2007-06-05,,,,,,,,,4.98,4.99
2007-06-06,,,,,,,,,4.97,4.97
2007-06-07,,,,,,,,,5.11,5.03
2007-06-08,,,,,,,,,5.12,5.01
2007-06-11,,,,,,,,,5.14,5.01
2007-06-12,,,,,,,,,5.26,5.08
2007-06-13,,,,,,,,,5.2,5.08
2007-06-14,,,,,,,,,5.23,5.1
2007-06-15,,,,,,,,,5.16,5.05
2007-06-18,,,,,,,,,5.15,5.01
2007-06-19,,,,,,,,,5.09,4.94
2007-06-20,,,,,,,,,5.14,4.97
2007-06-21,,,,,,,,,5.16,4.98
2007-06-22,,,,,,,,,5.14,4.92
2007-06-25,,,,,,,,,5.09,4.87
2007-06-26,,,,,,,,,5.1,4.9
2007-06-27,,,,,,,,,5.09,4.91
2007-06-28,,,,,,,,,5.12,4.96
2007-06-29,,,,,,,,,5.03,4.87
2007-07-01,207.603,4.7,14564.117,101.4953,5.26,11955.7,361770.0,1354.0,,
2007-07-02,,,,,,,,,5.0,4.86
2007-07-03,,,,,,,,,5.05,4.89
2007-07-04,,,,,,,,,,
2007-07-05,,,,,,,,,5.16,4.99
2007-07-06,,,,,,,,,5.19,4.99
2007-07-09,,,,,,,,,5.16,4.97
2007-07-10,,,,,,,,,5.03,4.85
2007-07-11,,,,,,,,,5.09,4.89
2007-07-12,,,,,,,,,5.13,4.94
2007-07-13,,,,,,,,,5.11,4.94
2007-07-16,,,,,,,,,5.05,4.89
2007-07-17,,,,,,,,,5.08,4.91
2007-07-18,,,,,,,,,5.02,4.84
2007-07-19,,,,,,,,,5.04,4.87
2007-07-20,,,,,,,,,4.96,4.79
2007-07-23,,,,,,,,,4.97,4.8
2007-07-24,,,,,,,,,4.94,4.77
2007-07-25,,,,,,,,,4.92,4.74
2007-07-26,,,,,,,,,4.79,4.56
2007-07-27,,,,,,,,,4.8,4.56
2007-07-30,,,,,,,,,4.82,4.59
2007-07-31,,,,,,,,,4.78,4.56
2007-08-01,207.667,4.6,,101.6943,5.02,11963.1,363676.0,1330.0,4.76,4.56
2007-08-02,,,,,,,,,4.77,4.59
2007-08-03,,,,,,,,,4.71,4.46
2007-08-06,,,,,,,,,4.72,4.46
2007-08-07,,,,,,,,,4.77,4.56
2007-08-08,,,,,,,,,4.84,4.64
2007-08-09,,,,,,,,,4.79,4.49
2007-08-10,,,,,,,,,4.81,4.47
2007-08-13,,,,,,,,,4.78,4.46
2007-08-14,,,,,,,,,4.73,4.39
2007-08-15,,,,,,,,,4.69,4.27
2007-08-16,,,,,,,,,4.6,4.08
2007-08-17,,,,,,,,,4.68,4.18
2007-08-20,,,,,,,,,4.64,4.11
2007-08-21,,,,,,,,,4.6,4.05
2007-08-22,,,,,,,,,4.63,4.15
2007-08-23,,,,,,,,,4.62,4.2
2007-08-24,,,,,,,,,4.63,4.3
2007-08-27,,,,,,,,,4.6,4.28
2007-08-28,,,,,,,,,4.53,4.13
2007-08-29,,,,,,,,,4.57,4.14
2007-08-30,,,,,,,,,4.51,4.08
2007-08-31,,,,,,,,,4.54,4.15
2007-09-01,208.547,4.7,,101.9428,4.94,12025.5,365178.0,1183.0,,
2007-09-03,,,,,,,,,,
2007-09-04,,,,,,,,,4.56,4.13
2007-09-05,,,,,,,,,4.48,4.03
2007-09-06,,,,,,,,,4.51,4.08
2007-09-07,,,,,,,,,4.38,3.9
2007-09-10,,,,,,,,,4.34,3.87
2007-09-11,,,,,,,,,4.37,3.95
2007-09-12,,,,,,,,,4.41,3.95
2007-09-13,,,,,,,,,4.49,4.08
2007-09-14,,,,,,,,,4.47,4.05
2007-09-17,,,,,,,,,4.48,4.08
2007-09-18,,,,,,,,,4.5,4.0
2007-09-19,,,,,,,,,4.53,4.0
2007-09-20,,,,,,,,,4.69,4.1
2007-09-21,,,,,,,,,4.64,4.06
2007-09-24,,,,,,,,,4.63,4.05
2007-09-25,,,,,,,,,4.63,4.0
2007-09-26,,,,,,,,,4.63,3.97
2007-09-27,,,,,,,,,4.58,3.95
2007-09-28,,,,,,,,,4.59,3.97
2007-10-01,209.19,4.7,14715.058,101.6446,4.76,12046.8,367322.0,1264.0,4.56,4.02
2007-10-02,,,,,,,,,4.54,3.98
2007-10-03,,,,,,,,,4.55,4.02
2007-10-04,,,,,,,,,4.54,4.0
2007-10-05,,,,,,,,,4.65,4.08
2007-10-08,,,,,,,,,,
2007-10-09,,,,,,,,,4.67,4.15
2007-10-10,,,,,,,,,4.65,4.15
2007-10-11,,,,,,,,,4.66,4.13
2007-10-12,,,,,,,,,4.7,4.23
2007-10-15,,,,,,,,,4.69,4.22
2007-10-16,,,,,,,,,4.66,4.12
2007-10-17,,,,,,,,,4.57,4.0
2007-10-18,,,,,,,,,4.52,3.93
2007-10-19,,,,,,,,,4.41,3.8
2007-10-22,,,,,,,,,4.42,3.85
2007-10-23,,,,,,,,,4.41,3.81
2007-10-24,,,,,,,,,4.36,3.74
2007-10-25,,,,,,,,,4.37,3.74
2007-10-26,,,,,,,,,4.41,3.77
2007-10-29,,,,,,,,,4.39,3.79
2007-10-30,,,,,,,,,4.4,3.82
2007-10-31,,,,,,,,,4.48,3.94
2007-11-01,210.834,4.7,,102.2167,4.49,12102.8,370776.0,1197.0,4.36,3.77
2007-11-02,,,,,,,,,4.31,3.66
2007-11-05,,,,,,,,,4.35,3.69
2007-11-06,,,,,,,,,4.38,3.7
2007-11-07,,,,,,,,,4.34,3.61
2007-11-08,,,,,,,,,4.28,3.47
2007-11-09,,,,,,,,,4.23,3.42
2007-11-12,,,,,,,,,,
2007-11-13,,,,,,,,,4.26,3.54
2007-11-14,,,,,,,,,4.28,3.57
2007-11-15,,,,,,,,,4.17,3.35
2007-11-16,,,,,,,,,4.15,3.33
2007-11-19,,,,,,,,,4.07,3.18
2007-11-20,,,,,,,,,4.06,3.14
2007-11-21,,,,,,,,,4.0,2.99
2007-11-22,,,,,,,,,,
2007-11-23,,,,,,,,,4.01,3.07
2007-11-26,,,,,,,,,3.83,2.92
2007-11-27,,,,,,,,,3.95,3.05
2007-11-28,,,,,,,,,4.03,3.17
2007-11-29,,,,,,,,,3.94,3.06
2007-11-30,,,,,,,,,3.97,3.04
2007-12-01,211.445,5.0,,102.2764,4.24,12182.7,366569.0,1037.0,,
2007-12-03,,,,,,,,,3.89,2.9
2007-12-04,,,,,,,,,3.89,2.9
2007-12-05,,,,,,,,,3.92,2.9
2007-12-06,,,,,,,,,4.02,3.03
2007-12-07,,,,,,,,,4.12,3.12
2007-12-10,,,,,,,,,4.15,3.17
2007-12-11,,,,,,,,,3.98,2.94
2007-12-12,,,,,,,,,4.05,3.07
2007-12-13,,,,,,,,,4.18,3.21
2007-12-14,,,,,,,,,4.24,3.31
2007-12-17,,,,,,,,,4.2,3.24
2007-12-18,,,,,,,,,4.14,3.19
2007-12-19,,,,,,,,,4.06,3.12
2007-12-20,,,,,,,,,4.04,3.09
2007-12-21,,,,,,,,,4.18,3.19
2007-12-24,,,,,,,,,4.23,3.24
2007-12-25,,,,,,,,,,
2007-12-26,,,,,,,,,4.3,3.31
2007-12-27,,,,,,,,,4.21,3.24
2007-12-28,,,,,,,,,4.11,3.12
2007-12-31,,,,,,,,,4.04,3.05
2008-01-01,212.174,5.0,14706.538,102.1493,3.94,12227.8,367368.0,1084.0,,
2008-01-02,,,,,,,,,3.91,2.88
2008-01-03,,,,,,,,,3.91,2.83
2008-01-04,,,,,,,,,3.88,2.74
2008-01-07,,,,,,,,,3.86,2.76
2008-01-08,,,,,,,,,3.86,2.76
2008-01-09,,,,,,,,,3.82,2.69
2008-01-10,,,,,,,,,3.91,2.71
2008-01-11,,,,,,,,,3.82,2.59
2008-01-14,,,,,,,,,3.81,2.58
2008-01-15,,,,,,,,,3.72,2.53
2008-01-16,,,,,,,,,3.74,2.51
2008-01-17,,,,,,,,,3.66,2.44
2008-01-18,,,,,,,,,3.66,2.36
2008-01-21,,,,,,,,,,
2008-01-22,,,,,,,,,3.52,2.08
2008-01-23,,,,,,,,,3.51,2.09
2008-01-24,,,,,,,,,3.68,2.25
2008-01-25,,,,,,,,,3.61,2.23
2008-01-28,,,,,,,,,3.61,2.2
2008-01-29,,,,,,,,,3.69,2.29
2008-01-30,,,,,,,,,3.78,2.3
2008-01-31,,,,,,,,,3.67,2.17
2008-02-01,212.687,4.9,,101.7756,2.98,12264.9,364126.0,1103.0,3.62,2.09
2008-02-04,,,,,,,,,3.68,2.08
2008-02-05,,,,,,,,,3.61,1.93
2008-02-06,,,,,,,,,3.61,1.96
2008-02-07,,,,,,,,,3.74,1.99
2008-02-08,,,,,,,,,3.64,1.93
2008-02-11,,,,,,,,,3.62,1.93
2008-02-12,,,,,,,,,3.66,1.94
2008-02-13,,,,,,,,,3.7,1.91
2008-02-14,,,,,,,,,3.85,1.93
2008-02-15,,,,,,,,,3.76,1.91
2008-02-18,,,,,,,,,,
2008-02-19,,,,,,,,,3.89,2.06
2008-02-20,,,,,,,,,3.93,2.14
2008-02-21,,,,,,,,,3.77,1.98
2008-02-22,,,,,,,,,3.79,1.98
2008-02-25,,,,,,,,,3.91,2.13
2008-02-26,,,,,,,,,3.88,2.04
2008-02-27,,,,,,,,,3.85,2.01
2008-02-28,,,,,,,,,3.71,1.87
2008-02-29,,,,,,,,,3.53,1.65
2008-03-01,213.448,5.1,,101.4508,2.61,12314.7,365164.0,1005.0,,
2008-03-03,,,,,,,,,3.54,1.61
2008-03-04,,,,,,,,,3.63,1.65
2008-03-05,,,,,,,,,3.7,1.66
2008-03-06,,,,,,,,,3.62,1.53
2008-03-07,,,,,,,,,3.56,1.53
2008-03-10,,,,,,,,,3.46,1.47
2008-03-11,,,,,,,,,3.6,1.74
2008-03-12,,,,,,,,,3.49,1.63
2008-03-13,,,,,,,,,3.56,1.63
2008-03-14,,,,,,,,,3.44,1.47
2008-03-17,,,,,,,,,3.34,1.35
2008-03-18,,,,,,,,,3.48,1.58
2008-03-19,,,,,,,,,3.38,1.54
2008-03-20,,,,,,,,,3.34,1.59
2008-03-21,,,,,,,,,,
2008-03-24,,,,,,,,,3.56,1.84
2008-03-25,,,,,,,,,3.51,1.79
2008-03-26,,,,,,,,,3.51,1.71
2008-03-27,,,,,,,,,3.56,1.73
2008-03-28,,,,,,,,,3.47,1.67
2008-03-31,,,,,,,,,3.45,1.62
2008-04-01,213.942,5.0,14865.701,100.7554,2.28,12302.6,364816.0,1013.0,3.57,1.8
2008-04-02,,,,,,,,,3.6,1.88
2008-04-03,,,,,,,,,3.61,1.91
2008-04-04,,,,,,,,,3.5,1.83
2008-04-07,,,,,,,,,3.57,1.95
2008-04-08,,,,,,,,,3.58,1.87
2008-04-09,,,,,,,,,3.49,1.77
2008-04-10,,,,,,,,,3.55,1.84
2008-04-11,,,,,,,,,3.49,1.76
2008-04-14,,,,,,,,,3.53,1.78
2008-04-15,,,,,,,,,3.6,1.84
2008-04-16,,,,,,,,,3.72,1.98
2008-04-17,,,,,,,,,3.75,2.13
2008-04-18,,,,,,,,,3.77,2.19
2008-04-21,,,,,,,,,3.75,2.2
2008-04-22,,,,,,,,,3.74,2.24
2008-04-23,,,,,,,,,3.77,2.22
2008-04-24,,,,,,,,,3.87,2.41
2008-04-25,,,,,,,,,3.91,2.44
2008-04-28,,,,,,,,,3.86,2.36
2008-04-29,,,,,,,,,3.85,2.35
2008-04-30,,,,,,,,,3.77,2.29
2008-05-01,215.208,5.4,,100.1336,1.98,12879.3,368255.0,973.0,3.78,2.37
2008-05-02,,,,,,,,,3.89,2.47
2008-05-05,,,,,,,,,3.88,2.42
2008-05-06,,,,,,,,,3.93,2.38
2008-05-07,,,,,,,,,3.87,2.31
2008-05-08,,,,,,,,,3.79,2.25
2008-05-09,,,,,,,,,3.77,2.25
2008-05-12,,,,,,,,,3.78,2.3
2008-05-13,,,,,,,,,3.9,2.47
2008-05-14,,,,,,,,,3.92,2.53
2008-05-15,,,,,,,,,3.83,2.45
2008-05-16,,,,,,,,,3.85,2.47
2008-05-19,,,,,,,,,3.83,2.42
2008-05-20,,,,,,,,,3.78,2.34
2008-05-21,,,,,,,,,3.81,2.41
2008-05-22,,,,,,,,,3.92,2.56
2008-05-23,,,,,,,,,3.85,2.46
2008-05-26,,,,,,,,,,
2008-05-27,,,,,,,,,3.93,2.55
2008-05-28,,,,,,,,,4.03,2.62
2008-05-29,,,,,,,,,4.08,2.67
2008-05-30,,,,,,,,,4.06,2.66
2008-06-01,217.463,5.6,,99.8728,2.0,12661.0,368926.0,1046.0,,
2008-06-02,,,,,,,,,3.98,2.51
2008-06-03,,,,,,,,,3.92,2.45
2008-06-04,,,,,,,,,3.98,2.47
2008-06-05,,,,,,,,,4.06,2.52
2008-06-06,,,,,,,,,3.94,2.4
2008-06-09,,,,,,,,,4.02,2.73
2008-06-10,,,,,,,,,4.11,2.91
2008-06-11,,,,,,,,,4.1,2.83
2008-06-12,,,,,,,,,4.23,3.03
2008-06-13,,,,,,,,,4.27,3.05
2008-06-16,,,,,,,,,4.25,3.02
2008-06-17,,,,,,,,,4.23,2.94
2008-06-18,,,,,,,,,4.16,2.89
2008-06-19,,,,,,,,,4.22,2.99
2008-06-20,,,,,,,,,4.16,2.88
2008-06-23,,,,,,,,,4.19,2.98
2008-06-24,,,,,,,,,4.1,2.87
2008-06-25,,,,,,,,,4.12,2.82
2008-06-26,,,,,,,,,4.07,2.68
2008-06-27,,,,,,,,,3.99,2.65
2008-06-30,,,,,,,,,3.99,2.63
2008-07-01,219.016,5.8,14898.999,99.4194,2.01,12514.8,367594.0,923.0,4.01,2.63
2008-07-02,,,,,,,,,3.99,2.6
2008-07-03,,,,,,,,,3.99,2.54
2008-07-04,,,,,,,,,,
2008-07-07,,,,,,,,,3.95,2.47
2008-07-08,,,,,,,,,3.91,2.47
2008-07-09,,,,,,,,,3.85,2.41
2008-07-10,,,,,,,,,3.83,2.44
2008-07-11,,,,,,,,,3.96,2.59
2008-07-14,,,,,,,,,3.9,2.47
2008-07-15,,,,,,,,,3.87,2.39
2008-07-16,,,,,,,,,3.97,2.44
2008-07-17,,,,,,,,,4.07,2.58
2008-07-18,,,,,,,,,4.11,2.66
2008-07-21,,,,,,,,,4.09,2.66
2008-07-22,,,,,,,,,4.14,2.74
2008-07-23,,,,,,,,,4.16,2.81
2008-07-24,,,,,,,,,4.03,2.61
2008-07-25,,,,,,,,,4.13,2.7
2008-07-28,,,,,,,,,4.06,2.59
2008-07-29,,,,,,,,,4.09,2.65
2008-07-30,,,,,,,,,4.07,2.64
2008-07-31,,,,,,,,,3.99,2.52
2008-08-01,218.69,6.1,,97.8491,2.0,12426.0,364611.0,844.0,3.97,2.51
2008-08-04,,,,,,,,,3.98,2.53
2008-08-05,,,,,,,,,4.04,2.54
2008-08-06,,,,,,,,,4.06,2.56
2008-08-07,,,,,,,,,3.92,2.43
2008-08-08,,,,,,,,,3.94,2.51
2008-08-11,,,,,,,,,3.99,2.56
2008-08-12,,,,,,,,,3.91,2.45
2008-08-13,,,,,,,,,3.94,2.5
2008-08-14,,,,,,,,,3.89,2.45
2008-08-15,,,,,,,,,3.84,2.4
2008-08-18,,,,,,,,,3.82,2.35
2008-08-19,,,,,,,,,3.83,2.32
2008-08-20,,,,,,,,,3.79,2.25
2008-08-21,,,,,,,,,3.84,2.33
2008-08-22,,,,,,,,,3.87,2.42
2008-08-25,,,,,,,,,3.79,2.33
2008-08-26,,,,,,,,,3.79,2.35
2008-08-27,,,,,,,,,3.77,2.31
2008-08-28,,,,,,,,,3.79,2.37
2008-08-29,,,,,,,,,3.83,2.36
2008-09-01,218.877,6.1,,93.5576,1.81,12445.0,358991.0,820.0,,
2008-09-02,,,,,,,,,3.74,2.26
2008-09-03,,,,,,,,,3.71,2.26
2008-09-04,,,,,,,,,3.64,2.2
2008-09-05,,,,,,,,,3.66,2.23
2008-09-08,,,,,,,,,3.66,2.3
2008-09-09,,,,,,,,,3.62,2.23
2008-09-10,,,,,,,,,3.65,2.22
2008-09-11,,,,,,,,,3.64,2.18
2008-09-12,,,,,,,,,3.74,2.23
2008-09-15,,,,,,,,,3.47,1.78
2008-09-16,,,,,,,,,3.48,1.89
2008-09-17,,,,,,,,,3.41,1.64
2008-09-18,,,,,,,,,3.54,1.78
2008-09-19,,,,,,,,,3.78,2.16
2008-09-22,,,,,,,,,3.83,2.13
2008-09-23,,,,,,,,,3.85,2.11
2008-09-24,,,,,,,,,3.8,2.03
2008-09-25,,,,,,,,,3.88,2.16
2008-09-26,,,,,,,,,3.85,2.11
2008-09-29,,,,,,,,,3.61,1.7
2008-09-30,,,,,,,,,3.85,2.0
2008-10-01,216.995,6.5,14608.209,94.4985,0.97,12446.5,346137.0,777.0,3.77,1.82
2008-10-02,,,,,,,,,3.66,1.62
2008-10-03,,,,,,,,,3.63,1.6
2008-10-06,,,,,,,,,3.48,1.43
2008-10-07,,,,,,,,,3.5,1.47
2008-10-08,,,,,,,,,3.72,1.65
2008-10-09,,,,,,,,,3.84,1.65
2008-10-10,,,,,,,,,3.89,1.62
2008-10-13,,,,,,,,,,
2008-10-14,,,,,,,,,4.08,1.82
2008-10-15,,,,,,,,,4.04,1.64
2008-10-16,,,,,,,,,3.99,1.61
2008-10-17,,,,,,,,,3.98,1.64
2008-10-20,,,,,,,,,3.91,1.71
2008-10-21,,,,,,,,,3.76,1.58
2008-10-22,,,,,,,,,3.65,1.53
2008-10-23,,,,,,,,,3.63,1.54
2008-10-24,,,,,,,,,3.76,1.57
2008-10-27,,,,,,,,,3.79,1.59
2008-10-28,,,,,,,,,3.89,1.65
2008-10-29,,,,,,,,,3.93,1.58
2008-10-30,,,,,,,,,4.0,1.59
2008-10-31,,,,,,,,,4.01,1.56
2008-11-01,213.153,6.8,,93.2617,0.39,12387.1,332498.0,652.0,,
2008-11-03,,,,,,,,,3.96,1.45
2008-11-04,,,,,,,,,3.81,1.39
2008-11-05,,,,,,,,,3.73,1.36
2008-11-06,,,,,,,,,3.75,1.28
2008-11-07,,,,,,,,,3.83,1.33
2008-11-10,,,,,,,,,3.82,1.27
2008-11-11,,,,,,,,,,
2008-11-12,,,,,,,,,3.75,1.19
2008-11-13,,,,,,,,,3.84,1.24
2008-11-14,,,,,,,,,3.72,1.22
2008-11-17,,,,,,,,,3.68,1.22
2008-11-18,,,,,,,,,3.53,1.15
2008-11-19,,,,,,,,,3.38,1.09
2008-11-20,,,,,,,,,3.1,1.0
2008-11-21,,,,,,,,,3.2,1.09
2008-11-24,,,,,,,,,3.35,1.31
2008-11-25,,,,,,,,,3.11,1.15
2008-11-26,,,,,,,,,2.99,1.09
2008-11-27,,,,,,,,,,
2008-11-28,,,,,,,,,2.93,1.0
2008-12-01,211.398,7.3,,90.6266,0.16,12238.5,324767.0,560.0,2.72,0.9
2008-12-02,,,,,,,,,2.68,0.9
2008-12-03,,,,,,,,,2.67,0.87
2008-12-04,,,,,,,,,2.55,0.82
2008-12-05,,,,,,,,,2.67,0.93
2008-12-08,,,,,,,,,2.77,0.97
2008-12-09,,,,,,,,,2.67,0.84
2008-12-10,,,,,,,,,2.69,0.86
2008-12-11,,,,,,,,,2.64,0.79
2008-12-12,,,,,,,,,2.6,0.78
2008-12-15,,,,,,,,,2.53,0.75
2008-12-16,,,,,,,,,2.37,0.65
2008-12-17,,,,,,,,,2.2,0.73
2008-12-18,,,,,,,,,2.08,0.68
2008-12-19,,,,,,,,,2.13,0.74
2008-12-22,,,,,,,,,2.16,0.87
2008-12-23,,,,,,,,,2.18,0.9
2008-12-24,,,,,,,,,2.2,0.9
2008-12-25,,,,,,,,,,
2008-12-26,,,,,,,,,2.16,0.89
2008-12-29,,,,,,,,,2.13,0.78
2008-12-30,,,,,,,,,2.11,0.75
2008-12-31,,,,,,,,,2.25,0.76
2009-01-01,211.933,7.8,14430.902,88.3712,0.15,12125.6,329787.0,490.0,,
2009-01-02,,,,,,,,,2.46,0.88
2009-01-05,,,,,,,,,2.49,0.78
2009-01-06,,,,,,,,,2.51,0.8
2009-01-07,,,,,,,,,2.52,0.82
2009-01-08,,,,,,,,,2.47,0.83
2009-01-09,,,,,,,,,2.43,0.75
2009-01-12,,,,,,,,,2.34,0.74
2009-01-13,,,,,,,,,2.33,0.76
2009-01-14,,,,,,,,,2.24,0.73
2009-01-15,,,,,,,,,2.23,0.73
2009-01-16,,,,,,,,,2.36,0.73
2009-01-19,,,,,,,,,,
2009-01-20,,,,,,,,,2.4,0.73
2009-01-21,,,,,,,,,2.56,0.78
2009-01-22,,,,,,,,,2.62,0.75
2009-01-23,,,,,,,,,2.65,0.83
2009-01-26,,,,,,,,,2.7,0.85
2009-01-27,,,,,,,,,2.59,0.87
2009-01-28,,,,,,,,,2.71,0.89
2009-01-29,,,,,,,,,2.87,0.95
2009-01-30,,,,,,,,,2.87,0.94
2009-02-01,212.705,8.3,,87.843,0.22,12007.4,328376.0,582.0,,
2009-02-02,,,,,,,,,2.76,0.89
2009-02-03,,,,,,,,,2.89,0.96
2009-02-04,,,,,,,,,2.95,0.98
2009-02-05,,,,,,,,,2.95,0.98
2009-02-06,,,,,,,,,3.05,0.99
2009-02-09,,,,,,,,,3.07,1.05
2009-02-10,,,,,,,,,2.9,0.92
2009-02-11,,,,,,,,,2.78,0.93
2009-02-12,,,,,,,,,2.75,0.89
2009-02-13,,,,,,,,,2.89,0.97
2009-02-16,,,,,,,,,,
2009-02-17,,,,,,,,,2.64,0.87
2009-02-18,,,,,,,,,2.74,0.97
2009-02-19,,,,,,,,,2.85,1.01
2009-02-20,,,,,,,,,2.78,0.96
2009-02-23,,,,,,,,,2.78,0.96
2009-02-24,,,,,,,,,2.8,1.03
2009-02-25,,,,,,,,,2.95,1.09
2009-02-26,,,,,,,,,2.98,1.08
2009-02-27,,,,,,,,,3.02,1.0
2009-03-01,212.495,8.7,,86.4689,0.18,11965.3,322634.0,505.0,,
2009-03-02,,,,,,,,,2.91,0.89
2009-03-03,,,,,,,,,2.93,0.91
2009-03-04,,,,,,,,,3.01,0.97
2009-03-05,,,,,,,,,2.83,0.9
2009-03-06,,,,,,,,,2.83,0.91
2009-03-09,,,,,,,,,2.89,0.96
2009-03-10,,,,,,,,,2.99,1.01
2009-03-11,,,,,,,,,2.95,1.03
2009-03-12,,,,,,,,,2.89,1.03
2009-03-13,,,,,,,,,2.89,0.98
2009-03-16,,,,,,,,,2.97,1.0
2009-03-17,,,,,,,,,3.02,1.05
2009-03-18,,,,,,,,,2.51,0.82
2009-03-19,,,,,,,,,2.61,0.87
2009-03-20,,,,,,,,,2.65,0.89
2009-03-23,,,,,,,,,2.68,0.93
2009-03-24,,,,,,,,,2.68,0.93
2009-03-25,,,,,,,,,2.81,0.96
2009-03-26,,,,,,,,,2.76,0.9
2009-03-27,,,,,,,,,2.78,0.9
2009-03-30,,,,,,,,,2.73,0.84
2009-03-31,,,,,,,,,2.71,0.81
2009-04-01,212.709,9.0,14381.236,85.7903,0.15,12009.4,324323.0,478.0,2.68,0.83
2009-04-02,,,,,,,,,2.77,0.88
2009-04-03,,,,,,,,,2.91,0.96
2009-04-06,,,,,,,,,2.95,0.94
2009-04-07,,,,,,,,,2.93,0.91
2009-04-08,,,,,,,,,2.86,0.93
2009-04-09,,,,,,,,,2.96,0.96
2009-04-10,,,,,,,,,,
2009-04-13,,,,,,,,,2.88,0.89
2009-04-14,,,,,,,,,2.8,0.86
2009-04-15,,,,,,,,,2.82,0.86
2009-04-16,,,,,,,,,2.86,0.91
2009-04-17,,,,,,,,,2.98,0.99
2009-04-20,,,,,,,,,2.88,0.93
2009-04-21,,,,,,,,,2.94,0.96
2009-04-22,,,,,,,,,2.98,1.0
2009-04-23,,,,,,,,,2.96,0.97
2009-04-24,,,,,,,,,3.03,0.99
2009-04-27,,,,,,,,,2.95,0.9
2009-04-28,,,,,,,,,3.05,0.95
2009-04-29,,,,,,,,,3.12,0.94
2009-04-30,,,,,,,,,3.16,0.91
2009-05-01,213.022,9.4,,84.9436,0.18,12179.6,327011.0,540.0,3.21,0.92
2009-05-04,,,,,,,,,3.19,0.94
2009-05-05,,,,,,,,,3.2,0.98
2009-05-06,,,,,,,,,3.18,0.96
2009-05-07,,,,,,,,,3.29,1.0
2009-05-08,,,,,,,,,3.29,1.0
2009-05-11,,,,,,,,,3.17,0.92
2009-05-12,,,,,,,,,3.17,0.9
2009-05-13,,,,,,,,,3.11,0.89
2009-05-14,,,,,,,,,3.1,0.87
2009-05-15,,,,,,,,,3.14,0.88
2009-05-18,,,,,,,,,3.22,0.93
2009-05-19,,,,,,,,,3.25,0.91
2009-05-20,,,,,,,,,3.19,0.87
2009-05-21,,,,,,,,,3.35,0.89
2009-05-22,,,,,,,,,3.45,0.92
2009-05-25,,,,,,,,,,
2009-05-26,,,,,,,,,3.5,0.96
2009-05-27,,,,,,,,,3.71,0.96
2009-05-28,,,,,,,,,3.67,0.97
2009-05-29,,,,,,,,,3.47,0.92
2009-06-01,214.79,9.5,,84.6746,0.21,12042.9,332227.0,585.0,3.71,0.97
2009-06-02,,,,,,,,,3.65,0.96
2009-06-03,,,,,,,,,3.56,0.91
2009-06-04,,,,,,,,,3.72,0.96
2009-06-05,,,,,,,,,3.84,1.32
2009-06-08,,,,,,,,,3.91,1.42
2009-06-09,,,,,,,,,3.86,1.33
2009-06-10,,,,,,,,,3.98,1.38
2009-06-11,,,,,,,,,3.88,1.35
2009-06-12,,,,,,,,,3.81,1.3
2009-06-15,,,,,,,,,3.76,1.26
2009-06-16,,,,,,,,,3.67,1.23
2009-06-17,,,,,,,,,3.68,1.19
2009-06-18,,,,,,,,,3.86,1.28
2009-06-19,,,,,,,,,3.79,1.25
2009-06-22,,,,,,,,,3.72,1.17
2009-06-23,,,,,,,,,3.65,1.14
2009-06-24,,,,,,,,,3.72,1.19
2009-06-25,,,,,,,,,3.55,1.12
2009-06-26,,,,,,,,,3.52,1.1
2009-06-29,,,,,,,,,3.51,1.11
2009-06-30,,,,,,,,,3.53,1.11
2009-07-01,214.726,9.5,14448.882,85.6853,0.16,11998.4,333670.0,594.0,3.55,1.05
2009-07-02,,,,,,,,,3.51,0.98
2009-07-03,,,,,,,,,,
2009-07-06,,,,,,,,,3.52,0.96
2009-07-07,,,,,,,,,3.47,0.98
2009-07-08,,,,,,,,,3.33,0.91
2009-07-09,,,,,,,,,3.44,0.94
2009-07-10,,,,,,,,,3.32,0.91
2009-07-13,,,,,,,,,3.38,0.92
2009-07-14,,,,,,,,,3.5,0.97
2009-07-15,,,,,,,,,3.63,1.03
2009-07-16,,,,,,,,,3.59,1.0
2009-07-17,,,,,,,,,3.67,1.02
2009-07-20,,,,,,,,,3.61,0.99
2009-07-21,,,,,,,,,3.5,0.96
2009-07-22,,,,,,,,,3.58,0.98
2009-07-23,,,,,,,,,3.72,1.08
2009-07-24,,,,,,,,,3.7,1.05
2009-07-27,,,,,,,,,3.75,1.08
2009-07-28,,,,,,,,,3.72,1.12
2009-07-29,,,,,,,,,3.69,1.17
2009-07-30,,,,,,,,,3.67,1.19
2009-07-31,,,,,,,,,3.52,1.13
2009-08-01,215.445,9.6,,86.6393,0.16,12011.2,339586.0,586.0,,
2009-08-03,,,,,,,,,3.66,1.18
2009-08-04,,,,,,,,,3.7,1.2
2009-08-05,,,,,,,,,3.8,1.23
2009-08-06,,,,,,,,,3.79,1.22
2009-08-07,,,,,,,,,3.89,1.32
2009-08-10,,,,,,,,,3.8,1.24
2009-08-11,,,,,,,,,3.71,1.21
2009-08-12,,,,,,,,,3.72,1.18
2009-08-13,,,,,,,,,3.59,1.12
2009-08-14,,,,,,,,,3.55,1.07
2009-08-17,,,,,,,,,3.48,1.04
2009-08-18,,,,,,,,,3.51,1.06
2009-08-19,,,,,,,,,3.45,1.01
2009-08-20,,,,,,,,,3.42,1.03
2009-08-21,,,,,,,,,3.56,1.13
2009-08-24,,,,,,,,,3.48,1.05
2009-08-25,,,,,,,,,3.45,1.05
2009-08-26,,,,,,,,,3.44,1.06
2009-08-27,,,,,,,,,3.47,1.04
2009-08-28,,,,,,,,,3.46,1.01
2009-08-31,,,,,,,,,3.4,0.97
2009-09-01,215.861,9.8,,87.3821,0.15,12061.1,330998.0,585.0,3.38,0.92
2009-09-02,,,,,,,,,3.29,0.89
2009-09-03,,,,,,,,,3.33,0.91
2009-09-04,,,,,,,,,3.45,0.94
2009-09-07,,,,,,,,,,
2009-09-08,,,,,,,,,3.47,0.93
2009-09-09,,,,,,,,,3.48,0.93
2009-09-10,,,,,,,,,3.36,0.9
2009-09-11,,,,,,,,,3.34,0.9
2009-09-14,,,,,,,,,3.42,0.94
2009-09-15,,,,,,,,,3.47,0.96
2009-09-16,,,,,,,,,3.48,1.01
2009-09-17,,,,,,,,,3.42,0.98
2009-09-18,,,,,,,,,3.49,1.03
2009-09-21,,,,,,,,,3.49,1.02
2009-09-22,,,,,,,,,3.46,1.02
2009-09-23,,,,,,,,,3.44,0.96
2009-09-24,,,,,,,,,3.4,0.93
2009-09-25,,,,,,,,,3.34,0.98
2009-09-28,,,,,,,,,3.31,0.98
2009-09-29,,,,,,,,,3.31,1.0
2009-09-30,,,,,,,,,3.31,0.95
2009-10-01,216.509,10.0,14651.249,87.5809,0.12,12069.4,334595.0,534.0,3.21,0.87
2009-10-02,,,,,,,,,3.24,0.88
2009-10-05,,,,,,,,,3.24,0.88
2009-10-06,,,,,,,,,3.27,0.91
2009-10-07,,,,,,,,,3.21,0.87
2009-10-08,,,,,,,,,3.27,0.9
2009-10-09,,,,,,,,,3.4,0.98
2009-10-12,,,,,,,,,,
2009-10-13,,,,,,,,,3.34,0.91
2009-10-14,,,,,,,,,3.45,0.96
2009-10-15,,,,,,,,,3.49,0.97
2009-10-16,,,,,,,,,3.43,0.97
2009-10-19,,,,,,,,,3.41,0.99
2009-10-20,,,,,,,,,3.35,0.95
2009-10-21,,,,,,,,,3.42,1.0
2009-10-22,,,,,,,,,3.44,0.97
2009-10-23,,,,,,,,,3.51,1.04
2009-10-26,,,,,,,,,3.59,1.06
2009-10-27,,,,,,,,,3.49,0.99
2009-10-28,,,,,,,,,3.44,0.95
2009-10-29,,,,,,,,,3.53,0.98
2009-10-30,,,,,,,,,3.41,0.9
2009-11-01,217.234,9.9,,87.9388,0.12,12129.6,337321.0,588.0,,
2009-11-02,,,,,,,,,3.45,0.92
2009-11-03,,,,,,,,,3.5,0.92
2009-11-04,,,,,,,,,3.57,0.91
2009-11-05,,,,,,,,,3.57,0.9
2009-11-06,,,,,,,,,3.54,0.86
2009-11-09,,,,,,,,,3.52,0.87
2009-11-10,,,,,,,,,3.5,0.85
2009-11-11,,,,,,,,,,
2009-11-12,,,,,,,,,3.45,0.82
2009-11-13,,,,,,,,,3.43,0.82
2009-11-16,,,,,,,,,3.33,0.78
2009-11-17,,,,,,,,,3.33,0.78
2009-11-18,,,,,,,,,3.36,0.77
2009-11-19,,,,,,,,,3.35,0.73
2009-11-20,,,,,,,,,3.36,0.75
2009-11-23,,,,,,,,,3.37,0.77
2009-11-24,,,,,,,,,3.32,0.73
2009-11-25,,,,,,,,,3.28,0.73
2009-11-26,,,,,,,,,,
2009-11-27,,,,,,,,,3.21,0.68
2009-11-30,,,,,,,,,3.21,0.67
2009-12-01,217.347,9.9,,88.2404,0.12,12188.2,338736.0,581.0,3.28,0.67
2009-12-02,,,,,,,,,3.32,0.72
2009-12-03,,,,,,,,,3.39,0.74
2009-12-04,,,,,,,,,3.48,0.84
2009-12-07,,,,,,,,,3.44,0.78
2009-12-08,,,,,,,,,3.4,0.73
2009-12-09,,,,,,,,,3.45,0.76
2009-12-10,,,,,,,,,3.49,0.78
2009-12-11,,,,,,,,,3.55,0.83
2009-12-14,,,,,,,,,3.56,0.87
2009-12-15,,,,,,,,,3.6,0.88
2009-12-16,,,,,,,,,3.61,0.85
2009-12-17,,,,,,,,,3.5,0.77
2009-12-18,,,,,,,,,3.55,0.82
2009-12-21,,,,,,,,,3.69,0.89
2009-12-22,,,,,,,,,3.76,0.95
2009-12-23,,,,,,,,,3.77,0.96
2009-12-24,,,,,,,,,3.82,1.0
2009-12-25,,,,,,,,,,
2009-12-28,,,,,,,,,3.85,1.09
2009-12-29,,,,,,,,,3.82,1.09
2009-12-30,,,,,,,,,3.8,1.08
2009-12-31,,,,,,,,,3.85,1.14
2010-01-01,217.488,9.8,14764.61,89.1897,0.11,12267.7,339093.0,614.0,,
2010-01-04,,,,,,,,,3.85,1.09
2010-01-05,,,,,,,,,3.77,1.01
2010-01-06,,,,,,,,,3.85,1.01
2010-01-07,,,,,,,,,3.85,1.03
2010-01-08,,,,,,,,,3.83,0.96
2010-01-11,,,,,,,,,3.85,0.95
2010-01-12,,,,,,,,,3.74,0.92
2010-01-13,,,,,,,,,3.8,0.97
2010-01-14,,,,,,,,,3.76,0.94
2010-01-15,,,,,,,,,3.7,0.89
2010-01-18,,,,,,,,,,
2010-01-19,,,,,,,,,3.73,0.93
2010-01-20,,,,,,,,,3.68,0.92
2010-01-21,,,,,,,,,3.62,0.87
2010-01-22,,,,,,,,,3.62,0.84
2010-01-25,,,,,,,,,3.66,0.86
2010-01-26,,,,,,,,,3.65,0.87
2010-01-27,,,,,,,,,3.66,0.9
2010-01-28,,,,,,,,,3.68,0.87
2010-01-29,,,,,,,,,3.63,0.82
2010-02-01,217.281,9.8,,89.5046,0.13,12267.6,339580.0,604.0,3.68,0.86
2010-02-02,,,,,,,,,3.67,0.86
2010-02-03,,,,,,,,,3.73,0.88
2010-02-04,,,,,,,,,3.62,0.8
2010-02-05,,,,,,,,,3.59,0.77
2010-02-08,,,,,,,,,3.62,0.79
2010-02-09,,,,,,,,,3.67,0.84
2010-02-10,,,,,,,,,3.72,0.91
2010-02-11,,,,,,,,,3.73,0.91
2010-02-12,,,,,,,,,3.69,0.84
2010-02-15,,,,,,,,,,
2010-02-16,,,,,,,,,3.66,0.82
2010-02-17,,,,,,,,,3.74,0.87
2010-02-18,,,,,,,,,3.79,0.9
2010-02-19,,,,,,,,,3.78,0.95
2010-02-22,,,,,,,,,3.8,0.91
2010-02-23,,,,,,,,,3.69,0.87
2010-02-24,,,,,,,,,3.7,0.87
2010-02-25,,,,,,,,,3.64,0.82
2010-02-26,,,,,,,,,3.61,0.81
2010-03-01,217.353,9.9,,90.1356,0.16,12330.9,346974.0,636.0,3.61,0.8
2010-03-02,,,,,,,,,3.62,0.8
2010-03-03,,,,,,,,,3.63,0.82
2010-03-04,,,,,,,,,3.61,0.86
2010-03-05,,,,,,,,,3.69,0.91
2010-03-08,,,,,,,,,3.72,0.9
2010-03-09,,,,,,,,,3.71,0.89
2010-03-10,,,,,,,,,3.73,0.92
2010-03-11,,,,,,,,,3.73,0.97
2010-03-12,,,,,,,,,3.71,0.97
2010-03-15,,,,,,,,,3.71,0.96
2010-03-16,,,,,,,,,3.66,0.93
2010-03-17,,,,,,,,,3.65,0.95
2010-03-18,,,,,,,,,3.68,0.98
2010-03-19,,,,,,,,,3.7,1.02
2010-03-22,,,,,,,,,3.67,1.01
2010-03-23,,,,,,,,,3.69,1.02
2010-03-24,,,,,,,,,3.84,1.08
2010-03-25,,,,,,,,,3.91,1.1
2010-03-26,,,,,,,,,3.86,1.04
2010-03-29,,,,,,,,,3.88,1.04
2010-03-30,,,,,,,,,3.88,1.06
2010-03-31,,,,,,,,,3.84,1.02
2010-04-01,217.403,9.9,14980.193,90.4607,0.2,12441.8,349869.0,687.0,3.89,1.05
2010-04-02,,,,,,,,,3.96,1.11
2010-04-05,,,,,,,,,4.01,1.18
2010-04-06,,,,,,,,,3.98,1.14
2010-04-07,,,,,,,,,3.89,1.06
2010-04-08,,,,,,,,,3.91,1.09
2010-04-09,,,,,,,,,3.9,1.08
2010-04-12,,,,,,,,,3.87,1.07
2010-04-13,,,,,,,,,3.84,1.07
2010-04-14,,,,,,,,,3.88,1.07
2010-04-15,,,,,,,,,3.86,1.04
2010-04-16,,,,,,,,,3.79,0.98
2010-04-19,,,,,,,,,3.83,1.01
2010-04-20,,,,,,,,,3.82,1.05
2010-04-21,,,,,,,,,3.77,1.03
2010-04-22,,,,,,,,,3.8,1.07
2010-04-23,,,,,,,,,3.84,1.1
2010-04-26,,,,,,,,,3.83,1.09
2010-04-27,,,,,,,,,3.71,1.03
2010-04-28,,,,,,,,,3.8,1.03
2010-04-29,,,,,,,,,3.76,1.01
2010-04-30,,,,,,,,,3.69,0.97
2010-05-01,217.29,9.6,,91.7014,0.2,12543.7,346858.0,583.0,,
2010-05-03,,,,,,,,,3.72,1.0
2010-05-04,,,,,,,,,3.63,0.96
2010-05-05,,,,,,,,,3.58,0.88
2010-05-06,,,,,,,,,3.41,0.75
2010-05-07,,,,,,,,,3.45,0.83
2010-05-10,,,,,,,,,3.57,0.87
2010-05-11,,,,,,,,,3.56,0.85
2010-05-12,,,,,,,,,3.56,0.89
2010-05-13,,,,,,,,,3.55,0.87
2010-05-14,,,,,,,,,3.44,0.79
2010-05-17,,,,,,,,,3.47,0.81
2010-05-18,,,,,,,,,3.38,0.76
2010-05-19,,,,,,,,,3.36,0.8
2010-05-20,,,,,,,,,3.25,0.76
2010-05-21,,,,,,,,,3.2,0.76
2010-05-24,,,,,,,,,3.23,0.77
2010-05-25,,,,,,,,,3.18,0.81
2010-05-26,,,,,,,,,3.21,0.82
2010-05-27,,,,,,,,,3.34,0.87
2010-05-28,,,,,,,,,3.31,0.76
2010-05-31,,,,,,,,,,
2010-06-01,217.199,9.4,,91.9033,0.18,12550.7,346516.0,536.0,3.29,0.78
2010-06-02,,,,,,,,,3.35,0.82
2010-06-03,,,,,,,,,3.39,0.82
2010-06-04,,,,,,,,,3.2,0.72
2010-06-07,,,,,,,,,3.17,0.74
2010-06-08,,,,,,,,,3.18,0.74
2010-06-09,,,,,,,,,3.2,0.74
2010-06-10,,,,,,,,,3.33,0.79
2010-06-11,,,,,,,,,3.24,0.75
2010-06-14,,,,,,,,,3.28,0.77
2010-06-15,,,,,,,,,3.32,0.79
2010-06-16,,,,,,,,,3.27,0.75
2010-06-17,,,,,,,,,3.21,0.72
2010-06-18,,,,,,,,,3.24,0.74
2010-06-21,,,,,,,,,3.26,0.74
2010-06-22,,,,,,,,,3.18,0.71
2010-06-23,,,,,,,,,3.13,0.66
2010-06-24,,,,,,,,,3.14,0.67
2010-06-25,,,,,,,,,3.12,0.65
2010-06-28,,,,,,,,,3.05,0.62
2010-06-29,,,,,,,,,2.97,0.61
2010-06-30,,,,,,,,,2.97,0.61
2010-07-01,217.605,9.4,15141.607,92.2549,0.18,12588.7,347612.0,546.0,2.96,0.63
2010-07-02,,,,,,,,,3.0,0.63
2010-07-05,,,,,,,,,,
2010-07-06,,,,,,,,,2.95,0.62
2010-07-07,,,,,,,,,3.0,0.63
2010-07-08,,,,,,,,,3.04,0.63
2010-07-09,,,,,,,,,3.07,0.63
2010-07-12,,,,,,,,,3.08,0.65
2010-07-13,,,,,,,,,3.15,0.67
2010-07-14,,,,,,,,,3.07,0.62
2010-07-15,,,,,,,,,3.0,0.61
2010-07-16,,,,,,,,,2.96,0.61
2010-07-19,,,,,,,,,2.99,0.61
2010-07-20,,,,,,,,,2.98,0.61
2010-07-21,,,,,,,,,2.9,0.58
2010-07-22,,,,,,,,,2.96,0.6
2010-07-23,,,,,,,,,3.02,0.6
2010-07-26,,,,,,,,,3.03,0.62
2010-07-27,,,,,,,,,3.08,0.65
2010-07-28,,,,,,,,,3.03,0.61
2010-07-29,,,,,,,,,3.03,0.59
2010-07-30,,,,,,,,,2.94,0.55
2010-08-01,217.923,9.5,,92.5936,0.19,12652.9,349188.0,599.0,,
2010-08-02,,,,,,,,,2.99,0.56
2010-08-03,,,,,,,,,2.94,0.53
2010-08-04,,,,,,,,,2.98,0.56
2010-08-05,,,,,,,,,2.94,0.53
2010-08-06,,,,,,,,,2.86,0.5
2010-08-09,,,,,,,,,2.86,0.54
2010-08-10,,,,,,,,,2.79,0.52
2010-08-11,,,,,,,,,2.72,0.54
2010-08-12,,,,,,,,,2.74,0.55
2010-08-13,,,,,,,,,2.68,0.54
2010-08-16,,,,,,,,,2.58,0.51
2010-08-17,,,,,,,,,2.64,0.52
2010-08-18,,,,,,,,,2.64,0.51
2010-08-19,,,,,,,,,2.58,0.49
2010-08-20,,,,,,,,,2.62,0.49
2010-08-23,,,,,,,,,2.6,0.49
2010-08-24,,,,,,,,,2.5,0.5
2010-08-25,,,,,,,,,2.54,0.53
2010-08-26,,,,,,,,,2.5,0.51
2010-08-27,,,,,,,,,2.66,0.56
2010-08-30,,,,,,,,,2.54,0.5
2010-08-31,,,,,,,,,2.47,0.47
2010-09-01,218.275,9.5,,92.8533,0.19,12673.4,352179.0,594.0,2.58,0.5
2010-09-02,,,,,,,,,2.63,0.5
2010-09-03,,,,,,,,,2.72,0.52
2010-09-06,,,,,,,,,,
2010-09-07,,,,,,,,,2.61,0.49
2010-09-08,,,,,,,,,2.66,0.52
2010-09-09,,,,,,,,,2.77,0.57
2010-09-10,,,,,,,,,2.81,0.58
2010-09-13,,,,,,,,,2.74,0.53
2010-09-14,,,,,,,,,2.68,0.5
2010-09-15,,,,,,,,,2.74,0.5
2010-09-16,,,,,,,,,2.77,0.48
2010-09-17,,,,,,,,,2.75,0.48
2010-09-20,,,,,,,,,2.72,0.47
2010-09-21,,,,,,,,,2.61,0.43
2010-09-22,,,,,,,,,2.56,0.44
2010-09-23,,,,,,,,,2.56,0.45
2010-09-24,,,,,,,,,2.62,0.45
2010-09-27,,,,,,,,,2.54,0.44
2010-09-28,,,,,,,,,2.48,0.37
2010-09-29,,,,,,,,,2.52,0.44
2010-09-30,,,,,,,,,2.53,0.42
2010-10-01,219.035,9.4,15309.474,92.6033,0.19,12723.6,356215.0,543.0,2.54,0.42
2010-10-04,,,,,,,,,2.5,0.41
2010-10-05,,,,,,,,,2.5,0.41
2010-10-06,,,,,,,,,2.41,0.38
2010-10-07,,,,,,,,,2.41,0.36
2010-10-08,,,,,,,,,2.41,0.35
2010-10-11,,,,,,,,,,
2010-10-12,,,,,,,,,2.44,0.37
2010-10-13,,,,,,,,,2.46,0.37
2010-10-14,,,,,,,,,2.52,0.38
2010-10-15,,,,,,,,,2.59,0.37
2010-10-18,,,,,,,,,2.52,0.38
2010-10-19,,,,,,,,,2.5,0.37
2010-10-20,,,,,,,,,2.51,0.35
2010-10-21,,,,,,,,,2.57,0.37
2010-10-22,,,,,,,,,2.59,0.35
2010-10-25,,,,,,,,,2.59,0.37
2010-10-26,,,,,,,,,2.67,0.4
2010-10-27,,,,,,,,,2.75,0.4
2010-10-28,,,,,,,,,2.69,0.37
2010-10-29,,,,,,,,,2.63,0.34
2010-11-01,219.59,9.8,,92.6686,0.19,12765.5,359450.0,545.0,2.66,0.34
2010-11-02,,,,,,,,,2.63,0.34
2010-11-03,,,,,,,,,2.67,0.34
2010-11-04,,,,,,,,,2.53,0.33
2010-11-05,,,,,,,,,2.58,0.38
2010-11-08,,,,,,,,,2.6,0.41
2010-11-09,,,,,,,,,2.72,0.46
2010-11-10,,,,,,,,,2.65,0.44
2010-11-11,,,,,,,,,,
2010-11-12,,,,,,,,,2.76,0.51
2010-11-15,,,,,,,,,2.92,0.53
2010-11-16,,,,,,,,,2.85,0.51
2010-11-17,,,,,,,,,2.89,0.5
2010-11-18,,,,,,,,,2.9,0.52
2010-11-19,,,,,,,,,2.88,0.52
2010-11-22,,,,,,,,,2.8,0.49
2010-11-23,,,,,,,,,2.77,0.45
2010-11-24,,,,,,,,,2.93,0.53
2010-11-25,,,,,,,,,,
2010-11-26,,,,,,,,,2.87,0.51
2010-11-29,,,,,,,,,2.84,0.52
2010-11-30,,,,,,,,,2.81,0.45
2010-12-01,220.472,9.3,,93.5916,0.18,12873.1,361979.0,539.0,2.97,0.53
2010-12-02,,,,,,,,,3.01,0.55
2010-12-03,,,,,,,,,3.03,0.49
2010-12-06,,,,,,,,,2.95,0.42
2010-12-07,,,,,,,,,3.15,0.54
2010-12-08,,,,,,,,,3.26,0.63
2010-12-09,,,,,,,,,3.23,0.64
2010-12-10,,,,,,,,,3.32,0.64
2010-12-13,,,,,,,,,3.29,0.61
2010-12-14,,,,,,,,,3.49,0.66
2010-12-15,,,,,,,,,3.53,0.68
2010-12-16,,,,,,,,,3.47,0.66
2010-12-17,,,,,,,,,3.33,0.61
2010-12-20,,,,,,,,,3.36,0.62
2010-12-21,,,,,,,,,3.35,0.63
2010-12-22,,,,,,,,,3.36,0.65
2010-12-23,,,,,,,,,3.41,0.67
2010-12-24,,,,,,,,,,
2010-12-27,,,,,,,,,3.36,0.71
2010-12-28,,,,,,,,,3.5,0.75
2010-12-29,,,,,,,,,3.35,0.64
2010-12-30,,,,,,,,,3.38,0.66
2010-12-31,,,,,,,,,3.3,0.61
2011-01-01,221.187,9.1,15351.448,93.3889,0.17,13080.7,364394.0,630.0,,
2011-01-03,,,,,,,,,3.36,0.61
2011-01-04,,,,,,,,,3.36,0.63
2011-01-05,,,,,,,,,3.5,0.71
2011-01-06,,,,,,,,,3.44,0.68
2011-01-07,,,,,,,,,3.34,0.6
2011-01-10,,,,,,,,,3.32,0.59
2011-01-11,,,,,,,,,3.37,0.6
2011-01-12,,,,,,,,,3.4,0.61
2011-01-13,,,,,,,,,3.34,0.59
2011-01-14,,,,,,,,,3.35,0.59
2011-01-17,,,,,,,,,,
2011-01-18,,,,,,,,,3.39,0.6
2011-01-19,,,,,,,,,3.37,0.6
2011-01-20,,,,,,,,,3.47,0.65
2011-01-21,,,,,,,,,3.44,0.63
2011-01-24,,,,,,,,,3.43,0.65
2011-01-25,,,,,,,,,3.35,0.62
2011-01-26,,,,,,,,,3.45,0.62
2011-01-27,,,,,,,,,3.42,0.59
2011-01-28,,,,,,,,,3.36,0.54
2011-01-31,,,,,,,,,3.42,0.58
2011-02-01,221.898,9.0,,93.0045,0.16,13155.6,367475.0,517.0,3.48,0.61
2011-02-02,,,,,,,,,3.52,0.67
2011-02-03,,,,,,,,,3.58,0.71
2011-02-04,,,,,,,,,3.68,0.77
2011-02-07,,,,,,,,,3.68,0.78
2011-02-08,,,,,,,,,3.75,0.86
2011-02-09,,,,,,,,,3.65,0.81
2011-02-10,,,,,,,,,3.7,0.85
2011-02-11,,,,,,,,,3.64,0.85
2011-02-14,,,,,,,,,3.62,0.87
2011-02-15,,,,,,,,,3.61,0.84
2011-02-16,,,,,,,,,3.62,0.86
2011-02-17,,,,,,,,,3.58,0.8
2011-02-18,,,,,,,,,3.59,0.78
2011-02-21,,,,,,,,,,
2011-02-22,,,,,,,,,3.46,0.74
2011-02-23,,,,,,,,,3.49,0.74
2011-02-24,,,,,,,,,3.46,0.73
2011-02-25,,,,,,,,,3.42,0.72
2011-02-28,,,,,,,,,3.42,0.69
2011-03-01,223.046,9.0,,93.9684,0.14,13178.2,370775.0,600.0,3.41,0.66
2011-03-02,,,,,,,,,3.46,0.69
2011-03-03,,,,,,,,,3.58,0.79
2011-03-04,,,,,,,,,3.49,0.68
2011-03-07,,,,,,,,,3.51,0.7
2011-03-08,,,,,,,,,3.56,0.73
2011-03-09,,,,,,,,,3.48,0.7
2011-03-10,,,,,,,,,3.37,0.65
2011-03-11,,,,,,,,,3.4,0.64
2011-03-14,,,,,,,,,3.36,0.61
2011-03-15,,,,,,,,,3.33,0.63
2011-03-16,,,,,,,,,3.22,0.58
2011-03-17,,,,,,,,,3.25,0.6
2011-03-18,,,,,,,,,3.28,0.61
2011-03-21,,,,,,,,,3.34,0.67
2011-03-22,,,,,,,,,3.34,0.68
2011-03-23,,,,,,,,,3.36,0.69
2011-03-24,,,,,,,,,3.42,0.72
2011-03-25,,,,,,,,,3.46,0.79
2011-03-28,,,,,,,,,3.47,0.81
2011-03-29,,,,,,,,,3.5,0.81
2011-03-30,,,,,,,,,3.47,0.8
2011-03-31,,,,,,,,,3.47,0.8
2011-04-01,224.093,9.1,15557.539,93.6571,0.1,13212.8,372820.0,554.0,3.46,0.8
2011-04-04,,,,,,,,,3.45,0.77
2011-04-05,,,,,,,,,3.5,0.84
2011-04-06,,,,,,,,,3.56,0.85
2011-04-07,,,,,,,,,3.58,0.81
2011-04-08,,,,,,,,,3.59,0.83
2011-04-11,,,,,,,,,3.59,0.85
2011-04-12,,,,,,,,,3.52,0.77
2011-04-13,,,,,,,,,3.49,0.75
2011-04-14,,,,,,,,,3.51,0.77
2011-04-15,,,,,,,,,3.43,0.71
2011-04-18,,,,,,,,,3.4,0.69
2011-04-19,,,,,,,,,3.39,0.68
2011-04-20,,,,,,,,,3.43,0.69
2011-04-21,,,,,,,,,3.42,0.68
2011-04-22,,,,,,,,,,
2011-04-25,,,,,,,,,3.39,0.67
2011-04-26,,,,,,,,,3.34,0.65
2011-04-27,,,,,,,,,3.39,0.65
2011-04-28,,,,,,,,,3.34,0.62
2011-04-29,,,,,,,,,3.32,0.61
2011-05-01,224.806,9.0,,93.7723,0.09,13239.1,372505.0,561.0,,
2011-05-02,,,,,,,,,3.31,0.61
2011-05-03,,,,,,,,,3.28,0.61
2011-05-04,,,,,,,,,3.25,0.6
2011-05-05,,,,,,,,,3.18,0.58
2011-05-06,,,,,,,,,3.19,0.57
2011-05-09,,,,,,,,,3.17,0.57
2011-05-10,,,,,,,,,3.23,0.59
2011-05-11,,,,,,,,,3.19,0.56
2011-05-12,,,,,,,,,3.22,0.57
2011-05-13,,,,,,,,,3.18,0.57
2011-05-16,,,,,,,,,3.15,0.54
2011-05-17,,,,,,,,,3.12,0.55
2011-05-18,,,,,,,,,3.18,0.58
2011-05-19,,,,,,,,,3.17,0.55
2011-05-20,,,,,,,,,3.15,0.55
2011-05-23,,,,,,,,,3.13,0.55
2011-05-24,,,,,,,,,3.12,0.56
2011-05-25,,,,,,,,,3.13,0.54
2011-05-26,,,,,,,,,3.07,0.48
2011-05-27,,,,,,,,,3.07,0.48
2011-05-30,,,,,,,,,,
2011-05-31,,,,,,,,,3.05,0.45
2011-06-01,224.806,9.1,,94.0493,0.09,13295.7,375587.0,608.0,2.96,0.44
2011-06-02,,,,,,,,,3.04,0.45
2011-06-03,,,,,,,,,2.99,0.42
2011-06-06,,,,,,,,,3.01,0.43
2011-06-07,,,,,,,,,3.01,0.39
2011-06-08,,,,,,,,,2.98,0.39
2011-06-09,,,,,,,,,3.01,0.43
2011-06-10,,,,,,,,,2.99,0.41
2011-06-13,,,,,,,,,3.0,0.4
2011-06-14,,,,,,,,,3.11,0.45
2011-06-15,,,,,,,,,2.98,0.38
2011-06-16,,,,,,,,,2.93,0.38
2011-06-17,,,,,,,,,2.94,0.38
2011-06-20,,,,,,,,,2.97,0.38
2011-06-21,,,,,,,,,2.99,0.4
2011-06-22,,,,,,,,,3.01,0.39
2011-06-23,,,,,,,,,2.93,0.35
2011-06-24,,,,,,,,,2.88,0.35
2011-06-27,,,,,,,,,2.95,0.41
2011-06-28,,,,,,,,,3.05,0.48
2011-06-29,,,,,,,,,3.14,0.47
2011-06-30,,,,,,,,,3.18,0.45
2011-07-01,225.395,9.0,15647.68,94.4958,0.07,13375.8,375442.0,623.0,3.22,0.5
2011-07-04,,,,,,,,,,
2011-07-05,,,,,,,,,3.16,0.44
2011-07-06,,,,,,,,,3.12,0.43
2011-07-07,,,,,,,,,3.17,0.49
2011-07-08,,,,,,,,,3.03,0.4
2011-07-11,,,,,,,,,2.94,0.37
2011-07-12,,,,,,,,,2.92,0.37
2011-07-13,,,,,,,,,2.92,0.37
2011-07-14,,,,,,,,,2.98,0.38
2011-07-15,,,,,,,,,2.94,0.37
2011-07-18,,,,,,,,,2.94,0.37
2011-07-19,,,,,,,,,2.91,0.39
2011-07-20,,,,,,,,,2.96,0.4
2011-07-21,,,,,,,,,3.03,0.4
2011-07-22,,,,,,,,,2.99,0.4
2011-07-25,,,,,,,,,3.03,0.42
2011-07-26,,,,,,,,,2.99,0.41
2011-07-27,,,,,,,,,3.01,0.44
2011-07-28,,,,,,,,,2.98,0.42
2011-07-29,,,,,,,,,2.82,0.36
2011-08-01,226.106,9.0,,95.0974,0.1,13400.3,375860.0,585.0,2.77,0.38
2011-08-02,,,,,,,,,2.66,0.33
2011-08-03,,,,,,,,,2.64,0.33
2011-08-04,,,,,,,,,2.47,0.27
2011-08-05,,,,,,,,,2.58,0.28
2011-08-08,,,,,,,,,2.4,0.27
2011-08-09,,,,,,,,,2.2,0.19
2011-08-10,,,,,,,,,2.17,0.19
2011-08-11,,,,,,,,,2.34,0.19
2011-08-12,,,,,,,,,2.24,0.2
2011-08-15,,,,,,,,,2.29,0.19
2011-08-16,,,,,,,,,2.23,0.2
2011-08-17,,,,,,,,,2.17,0.19
2011-08-18,,,,,,,,,2.08,0.2
2011-08-19,,,,,,,,,2.07,0.2
2011-08-22,,,,,,,,,2.1,0.22
2011-08-23,,,,,,,,,2.15,0.22
2011-08-24,,,,,,,,,2.29,0.23
2011-08-25,,,,,,,,,2.23,0.22
2011-08-26,,,,,,,,,2.19,0.2
2011-08-29,,,,,,,,,2.28,0.2
2011-08-30,,,,,,,,,2.19,0.2
2011-08-31,,,,,,,,,2.23,0.2
2011-09-01,226.597,9.0,,95.0244,0.08,13401.5,380042.0,650.0,2.15,0.19
2011-09-02,,,,,,,,,2.02,0.2
2011-09-05,,,,,,,,,,
2011-09-06,,,,,,,,,1.98,0.21
2011-09-07,,,,,,,,,2.05,0.21
2011-09-08,,,,,,,,,2.0,0.19
2011-09-09,,,,,,,,,1.93,0.17
2011-09-12,,,,,,,,,1.94,0.21
2011-09-13,,,,,,,,,2.0,0.21
2011-09-14,,,,,,,,,2.03,0.19
2011-09-15,,,,,,,,,2.09,0.21
2011-09-16,,,,,,,,,2.08,0.18
2011-09-19,,,,,,,,,1.97,0.16
2011-09-20,,,,,,,,,1.95,0.18
2011-09-21,,,,,,,,,1.88,0.21
2011-09-22,,,,,,,,,1.72,0.2
2011-09-23,,,,,,,,,1.84,0.23
2011-09-26,,,,,,,,,1.91,0.25
2011-09-27,,,,,,,,,2.0,0.25
2011-09-28,,,,,,,,,2.03,0.27
2011-09-29,,,,,,,,,1.99,0.27
2011-09-30,,,,,,,,,1.92,0.25
2011-10-01,226.75,8.8,15842.259,95.6891,0.07,13406.4,382207.0,610.0,,
2011-10-03,,,,,,,,,1.8,0.24
2011-10-04,,,,,,,,,1.81,0.25
2011-10-05,,,,,,,,,1.92,0.25
2011-10-06,,,,,,,,,2.01,0.29
2011-10-07,,,,,,,,,2.1,0.3
2011-10-10,,,,,,,,,,
2011-10-11,,,,,,,,,2.18,0.32
2011-10-12,,,,,,,,,2.24,0.29
2011-10-13,,,,,,,,,2.19,0.29
2011-10-14,,,,,,,,,2.26,0.28
2011-10-17,,,,,,,,,2.18,0.28
2011-10-18,,,,,,,,,2.19,0.28
2011-10-19,,,,,,,,,2.18,0.28
2011-10-20,,,,,,,,,2.2,0.28
2011-10-21,,,,,,,,,2.23,0.3
2011-10-24,,,,,,,,,2.25,0.3
2011-10-25,,,,,,,,,2.14,0.26
2011-10-26,,,,,,,,,2.23,0.28
2011-10-27,,,,,,,,,2.42,0.31
2011-10-28,,,,,,,,,2.34,0.28
2011-10-31,,,,,,,,,2.17,0.25
2011-11-01,227.169,8.6,,95.6778,0.08,13419.7,383422.0,711.0,2.01,0.23
2011-11-02,,,,,,,,,2.03,0.23
2011-11-03,,,,,,,,,2.09,0.24
2011-11-04,,,,,,,,,2.06,0.22
2011-11-07,,,,,,,,,2.04,0.25
2011-11-08,,,,,,,,,2.1,0.25
2011-11-09,,,,,,,,,2.0,0.24
2011-11-10,,,,,,,,,2.04,0.24
2011-11-11,,,,,,,,,,
2011-11-14,,,,,,,,,2.04,0.24
2011-11-15,,,,,,,,,2.06,0.26
2011-11-16,,,,,,,,,2.01,0.26
2011-11-17,,,,,,,,,1.96,0.27
2011-11-18,,,,,,,,,2.01,0.29
2011-11-21,,,,,,,,,1.97,0.27
2011-11-22,,,,,,,,,1.94,0.26
2011-11-23,,,,,,,,,1.89,0.26
2011-11-24,,,,,,,,,,
2011-11-25,,,,,,,,,1.97,0.28
2011-11-28,,,,,,,,,1.97,0.26
2011-11-29,,,,,,,,,2.0,0.27
2011-11-30,,,,,,,,,2.08,0.25
2011-12-01,227.223,8.5,,96.1809,0.07,13548.9,383985.0,694.0,2.11,0.27
2011-12-02,,,,,,,,,2.05,0.25
2011-12-05,,,,,,,,,2.04,0.27
2011-12-06,,,,,,,,,2.08,0.25
2011-12-07,,,,,,,,,2.02,0.24
2011-12-08,,,,,,,,,1.99,0.22
2011-12-09,,,,,,,,,2.07,0.22
2011-12-12,,,,,,,,,2.03,0.24
2011-12-13,,,,,,,,,1.96,0.24
2011-12-14,,,,,,,,,1.92,0.25
2011-12-15,,,,,,,,,1.92,0.26
2011-12-16,,,,,,,,,1.86,0.24
2011-12-19,,,,,,,,,1.82,0.24
2011-12-20,,,,,,,,,1.94,0.26
2011-12-21,,,,,,,,,1.98,0.28
2011-12-22,,,,,,,,,1.97,0.28
2011-12-23,,,,,,,,,2.03,0.28
2011-12-26,,,,,,,,,,
2011-12-27,,,,,,,,,2.02,0.3
2011-12-28,,,,,,,,,1.93,0.28
2011-12-29,,,,,,,,,1.91,0.28
2011-12-30,,,,,,,,,1.89,0.25
2012-01-01,227.842,8.3,16068.805,96.7595,0.08,13631.6,387531.0,723.0,,
2012-01-02,,,,,,,,,,
2012-01-03,,,,,,,,,1.97,0.27
2012-01-04,,,,,,,,,2.0,0.25
2012-01-05,,,,,,,,,2.02,0.27
2012-01-06,,,,,,,,,1.98,0.25
2012-01-09,,,,,,,,,1.98,0.26
2012-01-10,,,,,,,,,2.0,0.24
2012-01-11,,,,,,,,,1.93,0.24
2012-01-12,,,,,,,,,1.94,0.22
2012-01-13,,,,,,,,,1.89,0.24
2012-01-16,,,,,,,,,,
2012-01-17,,,,,,,,,1.87,0.21
2012-01-18,,,,,,,,,1.92,0.24
2012-01-19,,,,,,,,,2.01,0.26
2012-01-20,,,,,,,,,2.05,0.26
2012-01-23,,,,,,,,,2.09,0.26
2012-01-24,,,,,,,,,2.08,0.24
2012-01-25,,,,,,,,,2.01,0.22
2012-01-26,,,,,,,,,1.96,0.22
2012-01-27,,,,,,,,,1.93,0.22
2012-01-30,,,,,,,,,1.87,0.22
2012-01-31,,,,,,,,,1.83,0.22
2012-02-01,228.329,8.3,,97.0662,0.1,13731.1,392310.0,704.0,1.87,0.23
2012-02-02,,,,,,,,,1.86,0.23
2012-02-03,,,,,,,,,1.97,0.23
2012-02-06,,,,,,,,,1.93,0.24
2012-02-07,,,,,,,,,2.0,0.25
2012-02-08,,,,,,,,,2.01,0.27
2012-02-09,,,,,,,,,2.04,0.27
2012-02-10,,,,,,,,,1.96,0.27
2012-02-13,,,,,,,,,1.99,0.29
2012-02-14,,,,,,,,,1.92,0.29
2012-02-15,,,,,,,,,1.93,0.29
2012-02-16,,,,,,,,,1.99,0.29
2012-02-17,,,,,,,,,2.01,0.29
2012-02-20,,,,,,,,,,
2012-02-21,,,,,,,,,2.05,0.31
2012-02-22,,,,,,,,,2.01,0.29
2012-02-23,,,,,,,,,1.99,0.31
2012-02-24,,,,,,,,,1.98,0.31
2012-02-27,,,,,,,,,1.92,0.3
2012-02-28,,,,,,,,,1.94,0.3
2012-02-29,,,,,,,,,1.98,0.3
2012-03-01,228.807,8.2,,96.5609,0.13,13798.5,393698.0,695.0,2.03,0.3
2012-03-02,,,,,,,,,1.99,0.28
2012-03-05,,,,,,,,,2.0,0.31
2012-03-06,,,,,,,,,1.96,0.3
2012-03-07,,,,,,,,,1.98,0.3
2012-03-08,,,,,,,,,2.03,0.32
2012-03-09,,,,,,,,,2.04,0.33
2012-03-12,,,,,,,,,2.04,0.33
2012-03-13,,,,,,,,,2.14,0.35
2012-03-14,,,,,,,,,2.29,0.4
2012-03-15,,,,,,,,,2.29,0.37
2012-03-16,,,,,,,,,2.31,0.37
2012-03-19,,,,,,,,,2.39,0.39
2012-03-20,,,,,,,,,2.38,0.41
2012-03-21,,,,,,,,,2.31,0.39
2012-03-22,,,,,,,,,2.29,0.37
2012-03-23,,,,,,,,,2.25,0.37
2012-03-26,,,,,,,,,2.26,0.36
2012-03-27,,,,,,,,,2.2,0.33
2012-03-28,,,,,,,,,2.21,0.34
2012-03-29,,,,,,,,,2.18,0.33
2012-03-30,,,,,,,,,2.23,0.33
2012-04-01,229.187,8.2,16207.115,97.251,0.14,13868.1,392073.0,753.0,,
2012-04-02,,,,,,,,,2.22,0.33
2012-04-03,,,,,,,,,2.3,0.36
2012-04-04,,,,,,,,,2.25,0.35
2012-04-05,,,,,,,,,2.19,0.35
2012-04-06,,,,,,,,,2.07,0.32
2012-04-09,,,,,,,,,2.06,0.32
2012-04-10,,,,,,,,,2.01,0.28
2012-04-11,,,,,,,,,2.05,0.3
2012-04-12,,,,,,,,,2.08,0.29
2012-04-13,,,,,,,,,2.02,0.27
2012-04-16,,,,,,,,,2.0,0.27
2012-04-17,,,,,,,,,2.03,0.27
2012-04-18,,,,,,,,,2.0,0.27
2012-04-19,,,,,,,,,1.98,0.27
2012-04-20,,,,,,,,,1.99,0.29
2012-04-23,,,,,,,,,1.96,0.27
2012-04-24,,,,,,,,,2.0,0.27
2012-04-25,,,,,,,,,2.01,0.26
2012-04-26,,,,,,,,,1.98,0.26
2012-04-27,,,,,,,,,1.96,0.26
2012-04-30,,,,,,,,,1.95,0.27
2012-05-01,228.713,8.2,,97.4595,0.16,13850.3,391376.0,708.0,1.98,0.27
2012-05-02,,,,,,,,,1.96,0.27
2012-05-03,,,,,,,,,1.96,0.28
2012-05-04,,,,,,,,,1.91,0.27
2012-05-07,,,,,,,,,1.92,0.27
2012-05-08,,,,,,,,,1.88,0.27
2012-05-09,,,,,,,,,1.87,0.27
2012-05-10,,,,,,,,,1.89,0.27
2012-05-11,,,,,,,,,1.84,0.27
2012-05-14,,,,,,,,,1.78,0.29
2012-05-15,,,,,,,,,1.76,0.29
2012-05-16,,,,,,,,,1.76,0.3
2012-05-17,,,,,,,,,1.7,0.32
2012-05-18,,,,,,,,,1.71,0.32
2012-05-21,,,,,,,,,1.75,0.3
2012-05-22,,,,,,,,,1.79,0.3
2012-05-23,,,,,,,,,1.73,0.28
2012-05-24,,,,,,,,,1.77,0.29
2012-05-25,,,,,,,,,1.75,0.3
2012-05-28,,,,,,,,,,
2012-05-29,,,,,,,,,1.74,0.3
2012-05-30,,,,,,,,,1.63,0.27
2012-05-31,,,,,,,,,1.59,0.27
2012-06-01,228.524,8.2,,97.4768,0.16,13837.1,387901.0,757.0,1.47,0.25
2012-06-04,,,,,,,,,1.53,0.25
2012-06-05,,,,,,,,,1.57,0.25
2012-06-06,,,,,,,,,1.66,0.26
2012-06-07,,,,,,,,,1.66,0.27
2012-06-08,,,,,,,,,1.65,0.28
2012-06-11,,,,,,,,,1.6,0.27
2012-06-12,,,,,,,,,1.67,0.3
2012-06-13,,,,,,,,,1.61,0.3
2012-06-14,,,,,,,,,1.64,0.3
2012-06-15,,,,,,,,,1.6,0.29
2012-06-18,,,,,,,,,1.59,0.29
2012-06-19,,,,,,,,,1.64,0.3
2012-06-20,,,,,,,,,1.65,0.32
2012-06-21,,,,,,,,,1.63,0.32
2012-06-22,,,,,,,,,1.69,0.31
2012-06-25,,,,,,,,,1.63,0.31
2012-06-26,,,,,,,,,1.66,0.31
2012-06-27,,,,,,,,,1.65,0.31
2012-06-28,,,,,,,,,1.6,0.31
2012-06-29,,,,,,,,,1.67,0.33
2012-07-01,228.59,8.2,16319.541,97.6714,0.16,13752.9,389686.0,740.0,,
2012-07-02,,,,,,,,,1.61,0.3
2012-07-03,,,,,,,,,1.65,0.3
2012-07-04,,,,,,,,,,
2012-07-05,,,,,,,,,1.62,0.28
2012-07-06,,,,,,,,,1.57,0.27
2012-07-09,,,,,,,,,1.53,0.27
2012-07-10,,,,,,,,,1.53,0.27
2012-07-11,,,,,,,,,1.54,0.27
2012-07-12,,,,,,,,,1.5,0.25
2012-07-13,,,,,,,,,1.52,0.25
2012-07-16,,,,,,,,,1.5,0.24
2012-07-17,,,,,,,,,1.53,0.25
2012-07-18,,,,,,,,,1.52,0.22
2012-07-19,,,,,,,,,1.54,0.22
2012-07-20,,,,,,,,,1.49,0.22
2012-07-23,,,,,,,,,1.47,0.22
2012-07-24,,,,,,,,,1.44,0.22
2012-07-25,,,,,,,,,1.43,0.22
2012-07-26,,,,,,,,,1.45,0.23
2012-07-27,,,,,,,,,1.58,0.25
2012-07-30,,,,,,,,,1.53,0.23
2012-07-31,,,,,,,,,1.51,0.23
2012-08-01,229.918,8.1,,97.2734,0.13,13768.5,394524.0,754.0,1.56,0.24
2012-08-02,,,,,,,,,1.51,0.24
2012-08-03,,,,,,,,,1.6,0.24
2012-08-06,,,,,,,,,1.59,0.24
2012-08-07,,,,,,,,,1.66,0.27
2012-08-08,,,,,,,,,1.68,0.29
2012-08-09,,,,,,,,,1.69,0.29
2012-08-10,,,,,,,,,1.65,0.27
2012-08-13,,,,,,,,,1.65,0.27
2012-08-14,,,,,,,,,1.73,0.27
2012-08-15,,,,,,,,,1.8,0.27
2012-08-16,,,,,,,,,1.83,0.29
2012-08-17,,,,,,,,,1.81,0.29
2012-08-20,,,,,,,,,1.82,0.29
2012-08-21,,,,,,,,,1.8,0.31
2012-08-22,,,,,,,,,1.71,0.26
2012-08-23,,,,,,,,,1.68,0.26
2012-08-24,,,,,,,,,1.68,0.28
2012-08-27,,,,,,,,,1.65,0.28
2012-08-28,,,,,,,,,1.64,0.27
2012-08-29,,,,,,,,,1.66,0.27
2012-08-30,,,,,,,,,1.63,0.27
2012-08-31,,,,,,,,,1.57,0.22
2012-09-01,231.015,7.8,,97.2217,0.14,13914.1,397681.0,847.0,,
2012-09-03,,,,,,,,,,
2012-09-04,,,,,,,,,1.59,0.23
2012-09-05,,,,,,,,,1.6,0.25
2012-09-06,,,,,,,,,1.68,0.27
2012-09-07,,,,,,,,,1.67,0.25
2012-09-10,,,,,,,,,1.68,0.25
2012-09-11,,,,,,,,,1.7,0.25
2012-09-12,,,,,,,,,1.77,0.25
2012-09-13,,,,,,,,,1.75,0.24
2012-09-14,,,,,,,,,1.88,0.27
2012-09-17,,,,,,,,,1.85,0.25
2012-09-18,,,,,,,,,1.82,0.25
2012-09-19,,,,,,,,,1.79,0.27
2012-09-20,,,,,,,,,1.8,0.27
2012-09-21,,,,,,,,,1.77,0.27
2012-09-24,,,,,,,,,1.74,0.27
2012-09-25,,,,,,,,,1.7,0.27
2012-09-26,,,,,,,,,1.64,0.26
2012-09-27,,,,,,,,,1.66,0.25
2012-09-28,,,,,,,,,1.65,0.23
2012-10-01,231.638,7.8,16420.419,97.5311,0.16,14049.2,397494.0,915.0,1.64,0.25
2012-10-02,,,,,,,,,1.64,0.23
2012-10-03,,,,,,,,,1.64,0.23
2012-10-04,,,,,,,,,1.7,0.23
2012-10-05,,,,,,,,,1.75,0.27
2012-10-08,,,,,,,,,,
2012-10-09,,,,,,,,,1.74,0.25
2012-10-10,,,,,,,,,1.72,0.27
2012-10-11,,,,,,,,,1.7,0.28
2012-10-12,,,,,,,,,1.69,0.27
2012-10-15,,,,,,,,,1.7,0.27
2012-10-16,,,,,,,,,1.75,0.27
2012-10-17,,,,,,,,,1.83,0.3
2012-10-18,,,,,,,,,1.86,0.29
2012-10-19,,,,,,,,,1.79,0.3
2012-10-22,,,,,,,,,1.83,0.32
2012-10-23,,,,,,,,,1.79,0.29
2012-10-24,,,,,,,,,1.8,0.29
2012-10-25,,,,,,,,,1.86,0.31
2012-10-26,,,,,,,,,1.78,0.3
2012-10-29,,,,,,,,,1.74,0.3
2012-10-30,,,,,,,,,,
2012-10-31,,,,,,,,,1.72,0.3
2012-11-01,231.249,7.7,,97.9084,0.16,14230.7,399708.0,833.0,1.75,0.3
2012-11-02,,,,,,,,,1.75,0.28
2012-11-05,,,,,,,,,1.72,0.28
2012-11-06,,,,,,,,,1.78,0.3
2012-11-07,,,,,,,,,1.68,0.27
2012-11-08,,,,,,,,,1.62,0.27
2012-11-09,,,,,,,,,1.61,0.27
2012-11-12,,,,,,,,,,
2012-11-13,,,,,,,,,1.59,0.27
2012-11-14,,,,,,,,,1.59,0.25
2012-11-15,,,,,,,,,1.58,0.24
2012-11-16,,,,,,,,,1.58,0.24
2012-11-19,,,,,,,,,1.61,0.25
2012-11-20,,,,,,,,,1.66,0.27
2012-11-21,,,,,,,,,1.69,0.27
2012-11-22,,,,,,,,,,
2012-11-23,,,,,,,,,1.7,0.29
2012-11-26,,,,,,,,,1.66,0.27
2012-11-27,,,,,,,,,1.64,0.27
2012-11-28,,,,,,,,,1.63,0.27
2012-11-29,,,,,,,,,1.62,0.25
2012-11-30,,,,,,,,,1.62,0.25
2012-12-01,231.221,7.9,,98.1884,0.16,14581.4,401093.0,976.0,,
2012-12-03,,,,,,,,,1.63,0.25
2012-12-04,,,,,,,,,1.62,0.25
2012-12-05,,,,,,,,,1.6,0.25
2012-12-06,,,,,,,,,1.59,0.25
2012-12-07,,,,,,,,,1.64,0.25
2012-12-10,,,,,,,,,1.63,0.24
2012-12-11,,,,,,,,,1.66,0.24
2012-12-12,,,,,,,,,1.72,0.25
2012-12-13,,,,,,,,,1.74,0.27
2012-12-14,,,,,,,,,1.72,0.24
2012-12-17,,,,,,,,,1.78,0.25
2012-12-18,,,,,,,,,1.84,0.28
2012-12-19,,,,,,,,,1.82,0.28
2012-12-20,,,,,,,,,1.81,0.28
2012-12-21,,,,,,,,,1.77,0.26
2012-12-24,,,,,,,,,1.79,0.26
2012-12-25,,,,,,,,,,
2012-12-26,,,,,,,,,1.77,0.26
2012-12-27,,,,,,,,,1.74,0.26
2012-12-28,,,,,,,,,1.73,0.27
2012-12-31,,,,,,,,,1.78,0.25
2013-01-01,231.679,8.0,16648.189,98.1736,0.14,13880.4,404434.0,888.0,,
2013-01-02,,,,,,,,,1.86,0.27
2013-01-03,,,,,,,,,1.92,0.27
2013-01-04,,,,,,,,,1.93,0.27
2013-01-07,,,,,,,,,1.92,0.27
2013-01-08,,,,,,,,,1.89,0.25
2013-01-09,,,,,,,,,1.88,0.24
2013-01-10,,,,,,,,,1.91,0.26
2013-01-11,,,,,,,,,1.89,0.26
2013-01-14,,,,,,,,,1.89,0.26
2013-01-15,,,,,,,,,1.86,0.26
2013-01-16,,,,,,,,,1.84,0.26
2013-01-17,,,,,,,,,1.89,0.28
2013-01-18,,,,,,,,,1.87,0.26
2013-01-21,,,,,,,,,,
2013-01-22,,,,,,,,,1.86,0.26
2013-01-23,,,,,,,,,1.86,0.26
2013-01-24,,,,,,,,,1.88,0.23
2013-01-25,,,,,,,,,1.98,0.28
2013-01-28,,,,,,,,,2.0,0.29
2013-01-29,,,,,,,,,2.03,0.3
2013-01-30,,,,,,,,,2.03,0.27
2013-01-31,,,,,,,,,2.02,0.27
2013-02-01,232.937,7.7,,98.6434,0.15,13902.0,409118.0,962.0,2.04,0.27
2013-02-04,,,,,,,,,2.0,0.25
2013-02-05,,,,,,,,,2.04,0.27
2013-02-06,,,,,,,,,2.0,0.27
2013-02-07,,,,,,,,,1.99,0.25
2013-02-08,,,,,,,,,1.99,0.25
2013-02-11,,,,,,,,,1.99,0.27
2013-02-12,,,,,,,,,2.02,0.29
2013-02-13,,,,,,,,,2.05,0.29
2013-02-14,,,,,,,,,2.0,0.27
2013-02-15,,,,,,,,,2.01,0.29
2013-02-18,,,,,,,,,,
2013-02-19,,,,,,,,,2.03,0.29
2013-02-20,,,,,,,,,2.02,0.27
2013-02-21,,,,,,,,,1.99,0.26
2013-02-22,,,,,,,,,1.97,0.27
2013-02-25,,,,,,,,,1.88,0.25
2013-02-26,,,,,,,,,1.88,0.25
2013-02-27,,,,,,,,,1.91,0.27
2013-02-28,,,,,,,,,1.89,0.25
2013-03-01,232.282,7.5,,99.047,0.14,13932.2,406223.0,1010.0,1.86,0.25
2013-03-04,,,,,,,,,1.88,0.24
2013-03-05,,,,,,,,,1.9,0.25
2013-03-06,,,,,,,,,1.95,0.25
2013-03-07,,,,,,,,,2.0,0.25
2013-03-08,,,,,,,,,2.06,0.27
2013-03-11,,,,,,,,,2.07,0.27
2013-03-12,,,,,,,,,2.03,0.27
2013-03-13,,,,,,,,,2.04,0.27
2013-03-14,,,,,,,,,2.04,0.27
2013-03-15,,,,,,,,,2.01,0.25
2013-03-18,,,,,,,,,1.96,0.26
2013-03-19,,,,,,,,,1.92,0.24
2013-03-20,,,,,,,,,1.96,0.26
2013-03-21,,,,,,,,,1.95,0.27
2013-03-22,,,,,,,,,1.93,0.26
2013-03-25,,,,,,,,,1.93,0.24
2013-03-26,,,,,,,,,1.92,0.25
2013-03-27,,,,,,,,,1.87,0.25
2013-03-28,,,,,,,,,1.87,0.25
2013-03-29,,,,,,,,,,
2013-04-01,231.797,7.6,16728.687,98.9445,0.15,13974.9,404231.0,835.0,1.86,0.23
2013-04-02,,,,,,,,,1.88,0.25
2013-04-03,,,,,,,,,1.83,0.24
2013-04-04,,,,,,,,,1.78,0.22
2013-04-05,,,,,,,,,1.72,0.24
2013-04-08,,,,,,,,,1.76,0.24
2013-04-09,,,,,,,,,1.78,0.24
2013-04-10,,,,,,,,,1.84,0.24
2013-04-11,,,,,,,,,1.82,0.24
2013-04-12,,,,,,,,,1.75,0.22
2013-04-15,,,,,,,,,1.72,0.22
2013-04-16,,,,,,,,,1.75,0.24
2013-04-17,,,,,,,,,1.73,0.24
2013-04-18,,,,,,,,,1.72,0.24
2013-04-19,,,,,,,,,1.73,0.24
2013-04-22,,,,,,,,,1.72,0.24
2013-04-23,,,,,,,,,1.74,0.23
2013-04-24,,,,,,,,,1.73,0.23
2013-04-25,,,,,,,,,1.74,0.23
2013-04-26,,,,,,,,,1.7,0.22
2013-04-29,,,,,,,,,1.7,0.2
2013-04-30,,,,,,,,,1.7,0.22
2013-05-01,231.893,7.5,,99.0383,0.11,14052.5,406677.0,930.0,1.66,0.2
2013-05-02,,,,,,,,,1.66,0.2
2013-05-03,,,,,,,,,1.78,0.22
2013-05-06,,,,,,,,,1.8,0.22
2013-05-07,,,,,,,,,1.82,0.22
2013-05-08,,,,,,,,,1.81,0.22
2013-05-09,,,,,,,,,1.81,0.22
2013-05-10,,,,,,,,,1.9,0.26
2013-05-13,,,,,,,,,1.92,0.24
2013-05-14,,,,,,,,,1.96,0.26
2013-05-15,,,,,,,,,1.94,0.26
2013-05-16,,,,,,,,,1.87,0.23
2013-05-17,,,,,,,,,1.95,0.26
2013-05-20,,,,,,,,,1.97,0.26
2013-05-21,,,,,,,,,1.94,0.26
2013-05-22,,,,,,,,,2.03,0.26
2013-05-23,,,,,,,,,2.02,0.26
2013-05-24,,,,,,,,,2.01,0.26
2013-05-27,,,,,,,,,,
2013-05-28,,,,,,,,,2.15,0.29
2013-05-29,,,,,,,,,2.13,0.3
2013-05-30,,,,,,,,,2.13,0.31
2013-05-31,,,,,,,,,2.16,0.3
2013-06-01,232.445,7.5,,99.2221,0.09,14083.9,407921.0,839.0,,
2013-06-03,,,,,,,,,2.13,0.3
2013-06-04,,,,,,,,,2.14,0.32
2013-06-05,,,,,,,,,2.1,0.3
2013-06-06,,,,,,,,,2.08,0.3
2013-06-07,,,,,,,,,2.17,0.32
2013-06-10,,,,,,,,,2.22,0.32
2013-06-11,,,,,,,,,2.2,0.34
2013-06-12,,,,,,,,,2.25,0.34
2013-06-13,,,,,,,,,2.19,0.32
2013-06-14,,,,,,,,,2.14,0.29
2013-06-17,,,,,,,,,2.19,0.27
2013-06-18,,,,,,,,,2.2,0.27
2013-06-19,,,,,,,,,2.33,0.31
2013-06-20,,,,,,,,,2.41,0.33
2013-06-21,,,,,,,,,2.52,0.38
2013-06-24,,,,,,,,,2.57,0.42
2013-06-25,,,,,,,,,2.6,0.43
2013-06-26,,,,,,,,,2.55,0.39
2013-06-27,,,,,,,,,2.49,0.36
2013-06-28,,,,,,,,,2.52,0.36
2013-07-01,232.9,7.3,16953.838,98.8987,0.09,14072.0,410268.0,880.0,2.5,0.34
2013-07-02,,,,,,,,,2.48,0.34
2013-07-03,,,,,,,,,2.52,0.36
2013-07-04,,,,,,,,,,
2013-07-05,,,,,,,,,2.73,0.4
2013-07-08,,,,,,,,,2.65,0.37
2013-07-09,,,,,,,,,2.65,0.37
2013-07-10,,,,,,,,,2.7,0.38
2013-07-11,,,,,,,,,2.6,0.34
2013-07-12,,,,,,,,,2.61,0.37
2013-07-15,,,,,,,,,2.57,0.34
2013-07-16,,,,,,,,,2.55,0.34
2013-07-17,,,,,,,,,2.52,0.32
2013-07-18,,,,,,,,,2.56,0.32
2013-07-19,,,,,,,,,2.5,0.32
2013-07-22,,,,,,,,,2.5,0.32
2013-07-23,,,,,,,,,2.53,0.33
2013-07-24,,,,,,,,,2.61,0.34
2013-07-25,,,,,,,,,2.61,0.32
2013-07-26,,,,,,,,,2.58,0.31
2013-07-29,,,,,,,,,2.61,0.33
2013-07-30,,,,,,,,,2.63,0.33
2013-07-31,,,,,,,,,2.6,0.31
2013-08-01,233.456,7.2,,99.4897,0.08,14117.3,409691.0,917.0,2.74,0.35
2013-08-02,,,,,,,,,2.63,0.3
2013-08-05,,,,,,,,,2.67,0.32
2013-08-06,,,,,,,,,2.67,0.32
2013-08-07,,,,,,,,,2.61,0.32
2013-08-08,,,,,,,,,2.58,0.3
2013-08-09,,,,,,,,,2.57,0.32
2013-08-12,,,,,,,,,2.61,0.32
2013-08-13,,,,,,,,,2.71,0.34
2013-08-14,,,,,,,,,2.71,0.34
2013-08-15,,,,,,,,,2.77,0.36
2013-08-16,,,,,,,,,2.84,0.36
2013-08-19,,,,,,,,,2.88,0.36
2013-08-20,,,,,,,,,2.82,0.36
2013-08-21,,,,,,,,,2.87,0.38
2013-08-22,,,,,,,,,2.9,0.42
2013-08-23,,,,,,,,,2.82,0.4
2013-08-26,,,,,,,,,2.79,0.41
2013-08-27,,,,,,,,,2.72,0.38
2013-08-28,,,,,,,,,2.78,0.4
2013-08-29,,,,,,,,,2.75,0.39
2013-08-30,,,,,,,,,2.78,0.39
2013-09-01,233.544,7.2,,100.021,0.08,14181.7,410044.0,850.0,,
2013-09-02,,,,,,,,,,
2013-09-03,,,,,,,,,2.86,0.43
2013-09-04,,,,,,,,,2.9,0.46
2013-09-05,,,,,,,,,2.98,0.52
2013-09-06,,,,,,,,,2.94,0.46
2013-09-09,,,,,,,,,2.9,0.45
2013-09-10,,,,,,,,,2.96,0.5
2013-09-11,,,,,,,,,2.93,0.47
2013-09-12,,,,,,,,,2.92,0.45
2013-09-13,,,,,,,,,2.9,0.45
2013-09-16,,,,,,,,,2.88,0.41
2013-09-17,,,,,,,,,2.86,0.39
2013-09-18,,,,,,,,,2.69,0.34
2013-09-19,,,,,,,,,2.76,0.34
2013-09-20,,,,,,,,,2.75,0.34
2013-09-23,,,,,,,,,2.72,0.35
2013-09-24,,,,,,,,,2.67,0.35
2013-09-25,,,,,,,,,2.63,0.36
2013-09-26,,,,,,,,,2.66,0.34
2013-09-27,,,,,,,,,2.64,0.34
2013-09-30,,,,,,,,,2.64,0.33
2013-10-01,233.669,7.2,17192.019,99.9037,0.09,14152.3,411399.0,925.0,2.66,0.33
2013-10-02,,,,,,,,,2.63,0.31
2013-10-03,,,,,,,,,2.62,0.33
2013-10-04,,,,,,,,,2.66,0.33
2013-10-07,,,,,,,,,2.65,0.37
2013-10-08,,,,,,,,,2.66,0.4
2013-10-09,,,,,,,,,2.68,0.37
2013-10-10,,,,,,,,,2.71,0.35
2013-10-11,,,,,,,,,2.7,0.35
2013-10-14,,,,,,,,,,
2013-10-15,,,,,,,,,2.75,0.37
2013-10-16,,,,,,,,,2.69,0.34
2013-10-17,,,,,,,,,2.61,0.33
2013-10-18,,,,,,,,,2.6,0.33
2013-10-21,,,,,,,,,2.63,0.33
2013-10-22,,,,,,,,,2.54,0.31
2013-10-23,,,,,,,,,2.51,0.31
2013-10-24,,,,,,,,,2.53,0.33
2013-10-25,,,,,,,,,2.53,0.32
2013-10-28,,,,,,,,,2.54,0.32
2013-10-29,,,,,,,,,2.53,0.31
2013-10-30,,,,,,,,,2.55,0.33
2013-10-31,,,,,,,,,2.57,0.31
2013-11-01,234.1,6.9,,100.1582,0.08,14209.6,412561.0,1100.0,2.65,0.33
2013-11-04,,,,,,,,,2.63,0.32
2013-11-05,,,,,,,,,2.69,0.32
2013-11-06,,,,,,,,,2.67,0.3
2013-11-07,,,,,,,,,2.63,0.29
2013-11-08,,,,,,,,,2.77,0.32
2013-11-11,,,,,,,,,,
2013-11-12,,,,,,,,,2.8,0.34
2013-11-13,,,,,,,,,2.75,0.32
2013-11-14,,,,,,,,,2.69,0.29
2013-11-15,,,,,,,,,2.71,0.31
2013-11-18,,,,,,,,,2.67,0.31
2013-11-19,,,,,,,,,2.71,0.29
2013-11-20,,,,,,,,,2.8,0.28
2013-11-21,,,,,,,,,2.79,0.29
2013-11-22,,,,,,,,,2.75,0.31
2013-11-25,,,,,,,,,2.74,0.3
2013-11-26,,,,,,,,,2.71,0.29
2013-11-27,,,,,,,,,2.74,0.28
2013-11-28,,,,,,,,,,
2013-11-29,,,,,,,,,2.75,0.28
2013-12-01,234.719,6.7,,100.374,0.09,14266.5,414812.0,1002.0,,
2013-12-02,,,,,,,,,2.81,0.3
2013-12-03,,,,,,,,,2.79,0.28
2013-12-04,,,,,,,,,2.84,0.3
2013-12-05,,,,,,,,,2.88,0.3
2013-12-06,,,,,,,,,2.88,0.3
2013-12-09,,,,,,,,,2.86,0.3
2013-12-10,,,,,,,,,2.81,0.3
2013-12-11,,,,,,,,,2.86,0.31
2013-12-12,,,,,,,,,2.89,0.34
2013-12-13,,,,,,,,,2.88,0.34
2013-12-16,,,,,,,,,2.89,0.34
2013-12-17,,,,,,,,,2.85,0.34
2013-12-18,,,,,,,,,2.89,0.32
2013-12-19,,,,,,,,,2.94,0.35
2013-12-20,,,,,,,,,2.89,0.37
2013-12-23,,,,,,,,,2.94,0.38
2013-12-24,,,,,,,,,2.99,0.38
2013-12-25,,,,,,,,,,
2013-12-26,,,,,,,,,3.0,0.42
2013-12-27,,,,,,,,,3.02,0.4
2013-12-30,,,,,,,,,2.99,0.39
2013-12-31,,,,,,,,,3.04,0.38
2014-01-01,235.288,6.6,17197.738,99.9899,0.07,14369.2,411561.0,888.0,,
2014-01-02,,,,,,,,,3.0,0.39
2014-01-03,,,,,,,,,3.01,0.41
2014-01-06,,,,,,,,,2.98,0.4
2014-01-07,,,,,,,,,2.96,0.4
2014-01-08,,,,,,,,,3.01,0.43
2014-01-09,,,,,,,,,2.97,0.44
2014-01-10,,,,,,,,,2.88,0.39
2014-01-13,,,,,,,,,2.84,0.39
2014-01-14,,,,,,,,,2.88,0.39
2014-01-15,,,,,,,,,2.9,0.41
2014-01-16,,,,,,,,,2.86,0.41
2014-01-17,,,,,,,,,2.84,0.4
2014-01-20,,,,,,,,,,
2014-01-21,,,,,,,,,2.85,0.4
2014-01-22,,,,,,,,,2.87,0.44
2014-01-23,,,,,,,,,2.79,0.39
2014-01-24,,,,,,,,,2.75,0.37
2014-01-27,,,,,,,,,2.78,0.37
2014-01-28,,,,,,,,,2.77,0.38
2014-01-29,,,,,,,,,2.69,0.36
2014-01-30,,,,,,,,,2.72,0.36
2014-01-31,,,,,,,,,2.67,0.34
2014-02-01,235.547,6.7,,100.7471,0.07,14456.4,416736.0,944.0,,
2014-02-03,,,,,,,,,2.61,0.3
2014-02-04,,,,,,,,,2.64,0.31
2014-02-05,,,,,,,,,2.7,0.32
2014-02-06,,,,,,,,,2.73,0.33
2014-02-07,,,,,,,,,2.71,0.3
2014-02-10,,,,,,,,,2.7,0.32
2014-02-11,,,,,,,,,2.75,0.35
2014-02-12,,,,,,,,,2.8,0.35
2014-02-13,,,,,,,,,2.73,0.32
2014-02-14,,,,,,,,,2.75,0.32
2014-02-17,,,,,,,,,,
2014-02-18,,,,,,,,,2.71,0.31
2014-02-19,,,,,,,,,2.73,0.33
2014-02-20,,,,,,,,,2.76,0.34
2014-02-21,,,,,,,,,2.73,0.33
2014-02-24,,,,,,,,,2.75,0.35
2014-02-25,,,,,,,,,2.7,0.34
2014-02-26,,,,,,,,,2.67,0.33
2014-02-27,,,,,,,,,2.65,0.33
2014-02-28,,,,,,,,,2.66,0.33
2014-03-01,236.028,6.7,,101.7435,0.08,14555.0,421230.0,970.0,,
2014-03-03,,,,,,,,,2.6,0.32
2014-03-04,,,,,,,,,2.7,0.33
2014-03-05,,,,,,,,,2.7,0.33
2014-03-06,,,,,,,,,2.74,0.37
2014-03-07,,,,,,,,,2.8,0.38
2014-03-10,,,,,,,,,2.79,0.37
2014-03-11,,,,,,,,,2.77,0.37
2014-03-12,,,,,,,,,2.73,0.37
2014-03-13,,,,,,,,,2.66,0.34
2014-03-14,,,,,,,,,2.65,0.36
2014-03-17,,,,,,,,,2.7,0.38
2014-03-18,,,,,,,,,2.68,0.36
2014-03-19,,,,,,,,,2.78,0.47
2014-03-20,,,,,,,,,2.79,0.45
2014-03-21,,,,,,,,,2.75,0.45
2014-03-24,,,,,,,,,2.74,0.47
2014-03-25,,,,,,,,,2.75,0.47
2014-03-26,,,,,,,,,2.71,0.45
2014-03-27,,,,,,,,,2.69,0.45
2014-03-28,,,,,,,,,2.73,0.45
2014-03-31,,,,,,,,,2.73,0.44
2014-04-01,236.468,6.2,17518.508,101.8273,0.09,14624.5,425546.0,1043.0,2.77,0.44
2014-04-02,,,,,,,,,2.82,0.47
2014-04-03,,,,,,,,,2.8,0.46
2014-04-04,,,,,,,,,2.74,0.43
2014-04-07,,,,,,,,,2.71,0.41
2014-04-08,,,,,,,,,2.69,0.4
2014-04-09,,,,,,,,,2.71,0.37
2014-04-10,,,,,,,,,2.65,0.37
2014-04-11,,,,,,,,,2.63,0.37
2014-04-14,,,,,,,,,2.65,0.37
2014-04-15,,,,,,,,,2.64,0.39
2014-04-16,,,,,,,,,2.65,0.39
2014-04-17,,,,,,,,,2.73,0.43
2014-04-18,,,,,,,,,,
2014-04-21,,,,,,,,,2.73,0.42
2014-04-22,,,,,,,,,2.73,0.45
2014-04-23,,,,,,,,,2.7,0.43
2014-04-24,,,,,,,,,2.7,0.43
2014-04-25,,,,,,,,,2.68,0.43
2014-04-28,,,,,,,,,2.7,0.44
2014-04-29,,,,,,,,,2.71,0.44
2014-04-30,,,,,,,,,2.67,0.42
2014-05-01,236.918,6.3,,102.2392,0.09,14689.5,426253.0,1007.0,2.63,0.41
2014-05-02,,,,,,,,,2.6,0.42
2014-05-05,,,,,,,,,2.63,0.43
2014-05-06,,,,,,,,,2.61,0.43
2014-05-07,,,,,,,,,2.62,0.41
2014-05-08,,,,,,,,,2.61,0.4
2014-05-09,,,,,,,,,2.62,0.4
2014-05-12,,,,,,,,,2.66,0.41
2014-05-13,,,,,,,,,2.61,0.39
2014-05-14,,,,,,,,,2.54,0.39
2014-05-15,,,,,,,,,2.5,0.38
2014-05-16,,,,,,,,,2.52,0.38
2014-05-19,,,,,,,,,2.54,0.36
2014-05-20,,,,,,,,,2.52,0.35
2014-05-21,,,,,,,,,2.54,0.37
2014-05-22,,,,,,,,,2.56,0.37
2014-05-23,,,,,,,,,2.54,0.37
2014-05-26,,,,,,,,,,
2014-05-27,,,,,,,,,2.52,0.39
2014-05-28,,,,,,,,,2.44,0.37
2014-05-29,,,,,,,,,2.45,0.37
2014-05-30,,,,,,,,,2.48,0.37
2014-06-01,237.231,6.1,,102.5774,0.1,14760.1,427305.0,911.0,,
2014-06-02,,,,,,,,,2.54,0.39
2014-06-03,,,,,,,,,2.6,0.41
2014-06-04,,,,,,,,,2.61,0.41
2014-06-05,,,,,,,,,2.59,0.4
2014-06-06,,,,,,,,,2.6,0.41
2014-06-09,,,,,,,,,2.62,0.43
2014-06-10,,,,,,,,,2.64,0.45
2014-06-11,,,,,,,,,2.65,0.44
2014-06-12,,,,,,,,,2.58,0.42
2014-06-13,,,,,,,,,2.6,0.45
2014-06-16,,,,,,,,,2.61,0.49
2014-06-17,,,,,,,,,2.66,0.51
2014-06-18,,,,,,,,,2.61,0.48
2014-06-19,,,,,,,,,2.64,0.48
2014-06-20,,,,,,,,,2.63,0.5
2014-06-23,,,,,,,,,2.63,0.48
2014-06-24,,,,,,,,,2.59,0.49
2014-06-25,,,,,,,,,2.57,0.48
2014-06-26,,,,,,,,,2.53,0.46
2014-06-27,,,,,,,,,2.54,0.45
2014-06-30,,,,,,,,,2.53,0.47
2014-07-01,237.498,6.2,17804.228,102.7954,0.09,14821.1,428079.0,1085.0,2.58,0.47
2014-07-02,,,,,,,,,2.64,0.49
2014-07-03,,,,,,,,,2.65,0.52
2014-07-04,,,,,,,,,,
2014-07-07,,,,,,,,,2.63,0.52
2014-07-08,,,,,,,,,2.58,0.51
2014-07-09,,,,,,,,,2.57,0.51
2014-07-10,,,,,,,,,2.55,0.46
2014-07-11,,,,,,,,,2.53,0.48
2014-07-14,,,,,,,,,2.55,0.48
2014-07-15,,,,,,,,,2.56,0.49
2014-07-16,,,,,,,,,2.55,0.5
2014-07-17,,,,,,,,,2.47,0.47
2014-07-18,,,,,,,,,2.5,0.51
2014-07-21,,,,,,,,,2.49,0.51
2014-07-22,,,,,,,,,2.48,0.49
2014-07-23,,,,,,,,,2.48,0.5
2014-07-24,,,,,,,,,2.52,0.53
2014-07-25,,,,,,,,,2.48,0.53
2014-07-28,,,,,,,,,2.5,0.54
2014-07-29,,,,,,,,,2.47,0.54
2014-07-30,,,,,,,,,2.57,0.56
2014-07-31,,,,,,,,,2.58,0.53
2014-08-01,237.46,6.1,,102.6322,0.09,14894.2,431379.0,984.0,2.52,0.47
2014-08-04,,,,,,,,,2.51,0.47
2014-08-05,,,,,,,,,2.49,0.47
2014-08-06,,,,,,,,,2.49,0.48
2014-08-07,,,,,,,,,2.43,0.44
2014-08-08,,,,,,,,,2.44,0.45
2014-08-11,,,,,,,,,2.44,0.47
2014-08-12,,,,,,,,,2.46,0.45
2014-08-13,,,,,,,,,2.43,0.43
2014-08-14,,,,,,,,,2.4,0.42
2014-08-15,,,,,,,,,2.34,0.42
2014-08-18,,,,,,,,,2.39,0.44
2014-08-19,,,,,,,,,2.4,0.46
2014-08-20,,,,,,,,,2.43,0.49
2014-08-21,,,,,,,,,2.41,0.49
2014-08-22,,,,,,,,,2.4,0.53
2014-08-25,,,,,,,,,2.39,0.53
2014-08-26,,,,,,,,,2.39,0.52
2014-08-27,,,,,,,,,2.37,0.51
2014-08-28,,,,,,,,,2.34,0.5
2014-08-29,,,,,,,,,2.35,0.48
2014-09-01,237.477,5.9,,102.9417,0.09,14951.2,430189.0,1023.0,,
2014-09-02,,,,,,,,,2.42,0.53
2014-09-03,,,,,,,,,2.41,0.52
2014-09-04,,,,,,,,,2.45,0.54
2014-09-05,,,,,,,,,2.46,0.52
2014-09-08,,,,,,,,,2.48,0.54
2014-09-09,,,,,,,,,2.5,0.56
2014-09-10,,,,,,,,,2.54,0.58
2014-09-11,,,,,,,,,2.54,0.58
2014-09-12,,,,,,,,,2.62,0.58
2014-09-15,,,,,,,,,2.6,0.58
2014-09-16,,,,,,,,,2.6,0.55
2014-09-17,,,,,,,,,2.62,0.59
2014-09-18,,,,,,,,,2.63,0.59
2014-09-19,,,,,,,,,2.59,0.59
2014-09-22,,,,,,,,,2.57,0.58
2014-09-23,,,,,,,,,2.54,0.57
2014-09-24,,,,,,,,,2.57,0.59
2014-09-25,,,,,,,,,2.52,0.56
2014-09-26,,,,,,,,,2.54,0.59
2014-09-29,,,,,,,,,2.5,0.58
2014-09-30,,,,,,,,,2.52,0.58
2014-10-01,237.43,5.7,17912.079,102.9611,0.09,15022.7,431903.0,1074.0,2.42,0.53
2014-10-02,,,,,,,,,2.44,0.53
2014-10-03,,,,,,,,,2.45,0.57
2014-10-06,,,,,,,,,2.43,0.54
2014-10-07,,,,,,,,,2.36,0.52
2014-10-08,,,,,,,,,2.35,0.46
2014-10-09,,,,,,,,,2.34,0.46
2014-10-10,,,,,,,,,2.31,0.45
2014-10-13,,,,,,,,,,
2014-10-14,,,,,,,,,2.21,0.39
2014-10-15,,,,,,,,,2.15,0.34
2014-10-16,,,,,,,,,2.17,0.35
2014-10-17,,,,,,,,,2.22,0.39
2014-10-20,,,,,,,,,2.2,0.37
2014-10-21,,,,,,,,,2.23,0.38
2014-10-22,,,,,,,,,2.25,0.41
2014-10-23,,,,,,,,,2.29,0.41
2014-10-24,,,,,,,,,2.29,0.41
2014-10-27,,,,,,,,,2.27,0.41
2014-10-28,,,,,,,,,2.3,0.42
2014-10-29,,,,,,,,,2.34,0.48
2014-10-30,,,,,,,,,2.32,0.48
2014-10-31,,,,,,,,,2.35,0.5
2014-11-01,236.983,5.8,,103.5978,0.09,15094.0,433113.0,1001.0,,
2014-11-03,,,,,,,,,2.36,0.52
2014-11-04,,,,,,,,,2.35,0.52
2014-11-05,,,,,,,,,2.36,0.52
2014-11-06,,,,,,,,,2.39,0.54
2014-11-07,,,,,,,,,2.32,0.51
2014-11-10,,,,,,,,,2.38,0.55
2014-11-11,,,,,,,,,,
2014-11-12,,,,,,,,,2.37,0.55
2014-11-13,,,,,,,,,2.35,0.53
2014-11-14,,,,,,,,,2.32,0.54
2014-11-17,,,,,,,,,2.34,0.54
2014-11-18,,,,,,,,,2.32,0.53
2014-11-19,,,,,,,,,2.36,0.54
2014-11-20,,,,,,,,,2.34,0.53
2014-11-21,,,,,,,,,2.31,0.53
2014-11-24,,,,,,,,,2.3,0.53
2014-11-25,,,,,,,,,2.27,0.51
2014-11-26,,,,,,,,,2.24,0.53
2014-11-27,,,,,,,,,,
2014-11-28,,,,,,,,,2.18,0.47
2014-12-01,236.252,5.6,,103.6151,0.12,15170.9,430110.0,1073.0,2.22,0.49
2014-12-02,,,,,,,,,2.28,0.55
2014-12-03,,,,,,,,,2.29,0.57
2014-12-04,,,,,,,,,2.25,0.55
2014-12-05,,,,,,,,,2.31,0.65
2014-12-08,,,,,,,,,2.26,0.64
2014-12-09,,,,,,,,,2.22,0.64
2014-12-10,,,,,,,,,2.18,0.59
2014-12-11,,,,,,,,,2.19,0.62
2014-12-12,,,,,,,,,2.1,0.56
2014-12-15,,,,,,,,,2.12,0.6
2014-12-16,,,,,,,,,2.07,0.58
2014-12-17,,,,,,,,,2.14,0.62
2014-12-18,,,,,,,,,2.22,0.67
2014-12-19,,,,,,,,,2.17,0.67
2014-12-22,,,,,,,,,2.17,0.71
2014-12-23,,,,,,,,,2.26,0.73
2014-12-24,,,,,,,,,2.27,0.73
2014-12-25,,,,,,,,,,
2014-12-26,,,,,,,,,2.25,0.73
2014-12-29,,,,,,,,,2.22,0.72
2014-12-30,,,,,,,,,2.2,0.69
2014-12-31,,,,,,,,,2.17,0.67
2015-01-01,234.747,5.7,18063.529,102.7923,0.11,15230.8,428208.0,1085.0,,
2015-01-02,,,,,,,,,2.12,0.66
2015-01-05,,,,,,,,,2.04,0.68
2015-01-06,,,,,,,,,1.97,0.65
2015-01-07,,,,,,,,,1.96,0.62
2015-01-08,,,,,,,,,2.03,0.62
2015-01-09,,,,,,,,,1.98,0.59
2015-01-12,,,,,,,,,1.92,0.56
2015-01-13,,,,,,,,,1.91,0.54
2015-01-14,,,,,,,,,1.86,0.51
2015-01-15,,,,,,,,,1.77,0.44
2015-01-16,,,,,,,,,1.83,0.49
2015-01-19,,,,,,,,,,
2015-01-20,,,,,,,,,1.82,0.53
2015-01-21,,,,,,,,,1.87,0.53
2015-01-22,,,,,,,,,1.9,0.53
2015-01-23,,,,,,,,,1.81,0.52
2015-01-26,,,,,,,,,1.83,0.54
2015-01-27,,,,,,,,,1.83,0.54
2015-01-28,,,,,,,,,1.73,0.5
2015-01-29,,,,,,,,,1.77,0.51
2015-01-30,,,,,,,,,1.68,0.47
2015-02-01,235.342,5.5,,102.1366,0.11,15313.3,427119.0,886.0,,
2015-02-02,,,,,,,,,1.68,0.49
2015-02-03,,,,,,,,,1.79,0.52
2015-02-04,,,,,,,,,1.81,0.52
2015-02-05,,,,,,,,,1.83,0.52
2015-02-06,,,,,,,,,1.95,0.65
2015-02-09,,,,,,,,,1.96,0.65
2015-02-10,,,,,,,,,2.01,0.67
2015-02-11,,,,,,,,,2.0,0.67
2015-02-12,,,,,,,,,1.99,0.61
2015-02-13,,,,,,,,,2.02,0.66
2015-02-16,,,,,,,,,,
2015-02-17,,,,,,,,,2.14,0.7
2015-02-18,,,,,,,,,2.07,0.62
2015-02-19,,,,,,,,,2.11,0.67
2015-02-20,,,,,,,,,2.13,0.67
2015-02-23,,,,,,,,,2.06,0.64
2015-02-24,,,,,,,,,1.99,0.6
2015-02-25,,,,,,,,,1.96,0.61
2015-02-26,,,,,,,,,2.03,0.66
2015-02-27,,,,,,,,,2.0,0.63
2015-03-01,235.976,5.4,,101.7869,0.11,15314.2,433647.0,960.0,,
2015-03-02,,,,,,,,,2.08,0.66
2015-03-03,,,,,,,,,2.12,0.68
2015-03-04,,,,,,,,,2.12,0.66
2015-03-05,,,,,,,,,2.11,0.65
2015-03-06,,,,,,,,,2.24,0.73
2015-03-09,,,,,,,,,2.2,0.7
2015-03-10,,,,,,,,,2.14,0.7
2015-03-11,,,,,,,,,2.11,0.7
2015-03-12,,,,,,,,,2.1,0.67
2015-03-13,,,,,,,,,2.13,0.68
2015-03-16,,,,,,,,,2.1,0.66
2015-03-17,,,,,,,,,2.06,0.7
2015-03-18,,,,,,,,,1.93,0.57
2015-03-19,,,,,,,,,1.98,0.63
2015-03-20,,,,,,,,,1.93,0.6
2015-03-23,,,,,,,,,1.92,0.6
2015-03-24,,,,,,,,,1.88,0.58
2015-03-25,,,,,,,,,1.93,0.59
2015-03-26,,,,,,,,,2.01,0.61
2015-03-27,,,,,,,,,1.95,0.58
2015-03-30,,,,,,,,,1.96,0.58
2015-03-31,,,,,,,,,1.94,0.56
2015-04-01,236.222,5.4,18279.784,101.2255,0.12,15373.5,434470.0,1190.0,1.87,0.55
2015-04-02,,,,,,,,,1.92,0.55
2015-04-03,,,,,,,,,1.85,0.49
2015-04-06,,,,,,,,,1.92,0.51
2015-04-07,,,,,,,,,1.89,0.52
2015-04-08,,,,,,,,,1.92,0.54
2015-04-09,,,,,,,,,1.97,0.56
2015-04-10,,,,,,,,,1.96,0.57
2015-04-13,,,,,,,,,1.94,0.54
2015-04-14,,,,,,,,,1.9,0.53
2015-04-15,,,,,,,,,1.91,0.51
2015-04-16,,,,,,,,,1.9,0.5
2015-04-17,,,,,,,,,1.87,0.51
2015-04-20,,,,,,,,,1.9,0.55
2015-04-21,,,,,,,,,1.92,0.55
2015-04-22,,,,,,,,,1.99,0.57
2015-04-23,,,,,,,,,1.96,0.55
2015-04-24,,,,,,,,,1.93,0.54
2015-04-27,,,,,,,,,1.94,0.54
2015-04-28,,,,,,,,,2.0,0.56
2015-04-29,,,,,,,,,2.06,0.56
2015-04-30,,,,,,,,,2.05,0.58
2015-05-01,237.001,5.6,,100.7675,0.12,15442.7,437865.0,1079.0,2.12,0.6
2015-05-04,,,,,,,,,2.16,0.6
2015-05-05,,,,,,,,,2.19,0.62
2015-05-06,,,,,,,,,2.25,0.65
2015-05-07,,,,,,,,,2.18,0.63
2015-05-08,,,,,,,,,2.16,0.59
2015-05-11,,,,,,,,,2.28,0.62
2015-05-12,,,,,,,,,2.28,0.61
2015-05-13,,,,,,,,,2.27,0.59
2015-05-14,,,,,,,,,2.23,0.56
2015-05-15,,,,,,,,,2.14,0.55
2015-05-18,,,,,,,,,2.23,0.58
2015-05-19,,,,,,,,,2.27,0.63
2015-05-20,,,,,,,,,2.26,0.6
2015-05-21,,,,,,,,,2.19,0.6
2015-05-22,,,,,,,,,2.21,0.64
2015-05-25,,,,,,,,,,
2015-05-26,,,,,,,,,2.14,0.64
2015-05-27,,,,,,,,,2.14,0.64
2015-05-28,,,,,,,,,2.13,0.62
2015-05-29,,,,,,,,,2.12,0.61
2015-06-01,237.657,5.3,,100.4588,0.13,15479.0,437951.0,1205.0,2.19,0.64
2015-06-02,,,,,,,,,2.27,0.64
2015-06-03,,,,,,,,,2.38,0.69
2015-06-04,,,,,,,,,2.31,0.66
2015-06-05,,,,,,,,,2.41,0.73
2015-06-08,,,,,,,,,2.39,0.7
2015-06-09,,,,,,,,,2.42,0.72
2015-06-10,,,,,,,,,2.5,0.75
2015-06-11,,,,,,,,,2.39,0.73
2015-06-12,,,,,,,,,2.39,0.74
2015-06-15,,,,,,,,,2.36,0.72
2015-06-16,,,,,,,,,2.32,0.71
2015-06-17,,,,,,,,,2.32,0.67
2015-06-18,,,,,,,,,2.35,0.66
2015-06-19,,,,,,,,,2.26,0.65
2015-06-22,,,,,,,,,2.37,0.68
2015-06-23,,,,,,,,,2.42,0.7
2015-06-24,,,,,,,,,2.38,0.68
2015-06-25,,,,,,,,,2.4,0.68
2015-06-26,,,,,,,,,2.49,0.72
2015-06-29,,,,,,,,,2.33,0.64
2015-06-30,,,,,,,,,2.35,0.64
2015-07-01,238.034,5.2,18401.626,101.0893,0.13,15518.6,441942.0,1146.0,2.43,0.69
2015-07-02,,,,,,,,,2.4,0.64
2015-07-03,,,,,,,,,,
2015-07-06,,,,,,,,,2.3,0.6
2015-07-07,,,,,,,,,2.27,0.58
2015-07-08,,,,,,,,,2.22,0.55
2015-07-09,,,,,,,,,2.32,0.6
2015-07-10,,,,,,,,,2.42,0.65
2015-07-13,,,,,,,,,2.44,0.69
2015-07-14,,,,,,,,,2.41,0.66
2015-07-15,,,,,,,,,2.36,0.64
2015-07-16,,,,,,,,,2.36,0.67
2015-07-17,,,,,,,,,2.34,0.68
2015-07-20,,,,,,,,,2.38,0.71
2015-07-21,,,,,,,,,2.35,0.71
2015-07-22,,,,,,,,,2.33,0.75
2015-07-23,,,,,,,,,2.28,0.71
2015-07-24,,,,,,,,,2.27,0.7
2015-07-27,,,,,,,,,2.23,0.68
2015-07-28,,,,,,,,,2.26,0.69
2015-07-29,,,,,,,,,2.29,0.7
2015-07-30,,,,,,,,,2.28,0.72
2015-07-31,,,,,,,,,2.2,0.67
2015-08-01,238.033,5.1,,100.9165,0.14,15550.5,441849.0,1130.0,,
2015-08-03,,,,,,,,,2.16,0.68
2015-08-04,,,,,,,,,2.23,0.74
2015-08-05,,,,,,,,,2.28,0.73
2015-08-06,,,,,,,,,2.23,0.71
2015-08-07,,,,,,,,,2.18,0.73
2015-08-10,,,,,,,,,2.24,0.73
2015-08-11,,,,,,,,,2.15,0.68
2015-08-12,,,,,,,,,2.14,0.67
2015-08-13,,,,,,,,,2.19,0.72
2015-08-14,,,,,,,,,2.2,0.73
2015-08-17,,,,,,,,,2.16,0.72
2015-08-18,,,,,,,,,2.2,0.74
2015-08-19,,,,,,,,,2.12,0.67
2015-08-20,,,,,,,,,2.09,0.69
2015-08-21,,,,,,,,,2.05,0.64
2015-08-24,,,,,,,,,2.01,0.59
2015-08-25,,,,,,,,,2.12,0.67
2015-08-26,,,,,,,,,2.18,0.67
2015-08-27,,,,,,,,,2.18,0.68
2015-08-28,,,,,,,,,2.19,0.72
2015-08-31,,,,,,,,,2.21,0.74
2015-09-01,237.498,5.0,,100.633,0.14,15570.5,439867.0,1224.0,2.17,0.7
2015-09-02,,,,,,,,,2.2,0.72
2015-09-03,,,,,,,,,2.18,0.71
2015-09-04,,,,,,,,,2.13,0.71
2015-09-07,,,,,,,,,,
2015-09-08,,,,,,,,,2.2,0.74
2015-09-09,,,,,,,,,2.21,0.75
2015-09-10,,,,,,,,,2.23,0.75
2015-09-11,,,,,,,,,2.2,0.71
2015-09-14,,,,,,,,,2.18,0.73
2015-09-15,,,,,,,,,2.28,0.82
2015-09-16,,,,,,,,,2.3,0.82
2015-09-17,,,,,,,,,2.21,0.7
2015-09-18,,,,,,,,,2.13,0.69
2015-09-21,,,,,,,,,2.2,0.72
2015-09-22,,,,,,,,,2.14,0.69
2015-09-23,,,,,,,,,2.16,0.7
2015-09-24,,,,,,,,,2.13,0.67
2015-09-25,,,,,,,,,2.17,0.7
2015-09-28,,,,,,,,,2.1,0.67
2015-09-29,,,,,,,,,2.05,0.64
2015-09-30,,,,,,,,,2.06,0.64
2015-10-01,237.733,5.0,18435.137,100.1563,0.12,15608.0,438693.0,1058.0,2.05,0.64
2015-10-02,,,,,,,,,1.99,0.58
2015-10-05,,,,,,,,,2.07,0.61
2015-10-06,,,,,,,,,2.05,0.61
2015-10-07,,,,,,,,,2.08,0.65
2015-10-08,,,,,,,,,2.12,0.65
2015-10-09,,,,,,,,,2.12,0.65
2015-10-12,,,,,,,,,,
2015-10-13,,,,,,,,,2.06,0.64
2015-10-14,,,,,,,,,1.99,0.57
2015-10-15,,,,,,,,,2.04,0.61
2015-10-16,,,,,,,,,2.04,0.61
2015-10-19,,,,,,,,,2.04,0.61
2015-10-20,,,,,,,,,2.08,0.66
2015-10-21,,,,,,,,,2.04,0.64
2015-10-22,,,,,,,,,2.04,0.61
2015-10-23,,,,,,,,,2.09,0.66
2015-10-26,,,,,,,,,2.07,0.66
2015-10-27,,,,,,,,,2.05,0.65
2015-10-28,,,,,,,,,2.1,0.73
2015-10-29,,,,,,,,,2.19,0.75
2015-10-30,,,,,,,,,2.16,0.75
2015-11-01,238.017,5.1,,99.4366,0.12,15615.4,440303.0,1172.0,,
2015-11-02,,,,,,,,,2.2,0.77
2015-11-03,,,,,,,,,2.23,0.8
2015-11-04,,,,,,,,,2.25,0.84
2015-11-05,,,,,,,,,2.26,0.85
2015-11-06,,,,,,,,,2.34,0.9
2015-11-09,,,,,,,,,2.36,0.89
2015-11-10,,,,,,,,,2.32,0.87
2015-11-11,,,,,,,,,,
2015-11-12,,,,,,,,,2.32,0.89
2015-11-13,,,,,,,,,2.28,0.86
2015-11-16,,,,,,,,,2.27,0.88
2015-11-17,,,,,,,,,2.25,0.86
2015-11-18,,,,,,,,,2.27,0.9
2015-11-19,,,,,,,,,2.24,0.91
2015-11-20,,,,,,,,,2.26,0.93
2015-11-23,,,,,,,,,2.25,0.94
2015-11-24,,,,,,,,,2.24,0.93
2015-11-25,,,,,,,,,2.23,0.93
2015-11-26,,,,,,,,,,
2015-11-27,,,,,,,,,2.22,0.92
2015-11-30,,,,,,,,,2.21,0.94
2015-12-01,237.761,5.0,,98.9471,0.24,15668.4,442149.0,1146.0,2.15,0.91
2015-12-02,,,,,,,,,2.18,0.94
2015-12-03,,,,,,,,,2.33,0.96
2015-12-04,,,,,,,,,2.28,0.96
2015-12-07,,,,,,,,,2.23,0.94
2015-12-08,,,,,,,,,2.24,0.94
2015-12-09,,,,,,,,,2.22,0.93
2015-12-10,,,,,,,,,2.24,0.95
2015-12-11,,,,,,,,,2.13,0.88
2015-12-14,,,,,,,,,2.23,0.97
2015-12-15,,,,,,,,,2.28,0.98
2015-12-16,,,,,,,,,2.3,1.02
2015-12-17,,,,,,,,,2.24,1.0
2015-12-18,,,,,,,,,2.19,0.97
2015-12-21,,,,,,,,,2.2,0.96
2015-12-22,,,,,,,,,2.24,0.99
2015-12-23,,,,,,,,,2.27,1.01
2015-12-24,,,,,,,,,2.25,1.03
2015-12-25,,,,,,,,,,
2015-12-28,,,,,,,,,2.24,1.05
2015-12-29,,,,,,,,,2.32,1.09
2015-12-30,,,,,,,,,2.31,1.08
2015-12-31,,,,,,,,,2.27,1.06
2016-01-01,237.652,4.8,18525.933,99.4391,0.34,15695.5,439466.0,1092.0,,
2016-01-04,,,,,,,,,2.24,1.02
2016-01-05,,,,,,,,,2.25,1.04
2016-01-06,,,,,,,,,2.18,0.99
2016-01-07,,,,,,,,,2.16,0.96
2016-01-08,,,,,,,,,2.13,0.94
2016-01-11,,,,,,,,,2.17,0.94
2016-01-12,,,,,,,,,2.12,0.93
2016-01-13,,,,,,,,,2.08,0.91
2016-01-14,,,,,,,,,2.1,0.9
2016-01-15,,,,,,,,,2.03,0.85
2016-01-18,,,,,,,,,,
2016-01-19,,,,,,,,,2.06,0.88
2016-01-20,,,,,,,,,2.01,0.85
2016-01-21,,,,,,,,,2.02,0.84
2016-01-22,,,,,,,,,2.07,0.88
2016-01-25,,,,,,,,,2.03,0.88
2016-01-26,,,,,,,,,2.01,0.85
2016-01-27,,,,,,,,,2.02,0.84
2016-01-28,,,,,,,,,2.0,0.83
2016-01-29,,,,,,,,,1.94,0.76
2016-02-01,237.336,4.9,,98.9232,0.38,15695.9,443117.0,1225.0,1.97,0.81
2016-02-02,,,,,,,,,1.87,0.75
2016-02-03,,,,,,,,,1.88,0.72
2016-02-04,,,,,,,,,1.87,0.7
2016-02-05,,,,,,,,,1.86,0.74
2016-02-08,,,,,,,,,1.75,0.66
2016-02-09,,,,,,,,,1.74,0.69
2016-02-10,,,,,,,,,1.71,0.71
2016-02-11,,,,,,,,,1.63,0.64
2016-02-12,,,,,,,,,1.74,0.71
2016-02-15,,,,,,,,,,
2016-02-16,,,,,,,,,1.78,0.74
2016-02-17,,,,,,,,,1.81,0.74
2016-02-18,,,,,,,,,1.75,0.71
2016-02-19,,,,,,,,,1.76,0.76
2016-02-22,,,,,,,,,1.77,0.78
2016-02-23,,,,,,,,,1.74,0.76
2016-02-24,,,,,,,,,1.75,0.75
2016-02-25,,,,,,,,,1.71,0.72
2016-02-26,,,,,,,,,1.76,0.8
2016-02-29,,,,,,,,,1.74,0.78
2016-03-01,238.08,5.0,,98.1635,0.36,15731.6,441856.0,1111.0,1.83,0.85
2016-03-02,,,,,,,,,1.84,0.85
2016-03-03,,,,,,,,,1.83,0.85
2016-03-04,,,,,,,,,1.88,0.88
2016-03-07,,,,,,,,,1.91,0.91
2016-03-08,,,,,,,,,1.83,0.88
2016-03-09,,,,,,,,,1.9,0.9
2016-03-10,,,,,,,,,1.93,0.93
2016-03-11,,,,,,,,,1.98,0.97
2016-03-14,,,,,,,,,1.97,0.97
2016-03-15,,,,,,,,,1.97,0.98
2016-03-16,,,,,,,,,1.94,0.87
2016-03-17,,,,,,,,,1.91,0.87
2016-03-18,,,,,,,,,1.88,0.84
2016-03-21,,,,,,,,,1.92,0.87
2016-03-22,,,,,,,,,1.94,0.91
2016-03-23,,,,,,,,,1.88,0.87
2016-03-24,,,,,,,,,1.91,0.89
2016-03-25,,,,,,,,,,
2016-03-28,,,,,,,,,1.89,0.89
2016-03-29,,,,,,,,,1.81,0.78
2016-03-30,,,,,,,,,1.83,0.76
2016-03-31,,,,,,,,,1.78,0.73
2016-04-01,238.992,5.1,18711.702,98.4775,0.37,15758.9,444254.0,1163.0,1.79,0.76
2016-04-04,,,,,,,,,1.78,0.75
2016-04-05,,,,,,,,,1.73,0.72
2016-04-06,,,,,,,,,1.76,0.73
2016-04-07,,,,,,,,,1.7,0.7
2016-04-08,,,,,,,,,1.72,0.7
2016-04-11,,,,,,,,,1.73,0.7
2016-04-12,,,,,,,,,1.79,0.74
2016-04-13,,,,,,,,,1.77,0.75
2016-04-14,,,,,,,,,1.8,0.77
2016-04-15,,,,,,,,,1.76,0.74
2016-04-18,,,,,,,,,1.78,0.75
2016-04-19,,,,,,,,,1.79,0.77
2016-04-20,,,,,,,,,1.85,0.8
2016-04-21,,,,,,,,,1.88,0.82
2016-04-22,,,,,,,,,1.89,0.84
2016-04-25,,,,,,,,,1.91,0.85
2016-04-26,,,,,,,,,1.94,0.86
2016-04-27,,,,,,,,,1.87,0.83
2016-04-28,,,,,,,,,1.84,0.78
2016-04-29,,,,,,,,,1.83,0.77
2016-05-01,239.557,4.8,,98.2549,0.37,15777.2,445490.0,1148.0,,
2016-05-02,,,,,,,,,1.88,0.8
2016-05-03,,,,,,,,,1.81,0.75
2016-05-04,,,,,,,,,1.79,0.75
2016-05-05,,,,,,,,,1.76,0.72
2016-05-06,,,,,,,,,1.79,0.74
2016-05-09,,,,,,,,,1.77,0.72
2016-05-10,,,,,,,,,1.77,0.72
2016-05-11,,,,,,,,,1.73,0.74
2016-05-12,,,,,,,,,1.75,0.76
2016-05-13,,,,,,,,,1.71,0.76
2016-05-16,,,,,,,,,1.75,0.79
2016-05-17,,,,,,,,,1.76,0.82
2016-05-18,,,,,,,,,1.87,0.9
2016-05-19,,,,,,,,,1.85,0.89
2016-05-20,,,,,,,,,1.85,0.89
2016-05-23,,,,,,,,,1.84,0.91
2016-05-24,,,,,,,,,1.86,0.92
2016-05-25,,,,,,,,,1.87,0.92
2016-05-26,,,,,,,,,1.83,0.87
2016-05-27,,,,,,,,,1.85,0.9
2016-05-30,,,,,,,,,,
2016-05-31,,,,,,,,,1.84,0.87
2016-06-01,240.222,4.9,,98.7315,0.38,15821.4,450237.0,1203.0,1.85,0.91
2016-06-02,,,,,,,,,1.81,0.89
2016-06-03,,,,,,,,,1.71,0.78
2016-06-06,,,,,,,,,1.73,0.8
2016-06-07,,,,,,,,,1.72,0.78
2016-06-08,,,,,,,,,1.71,0.78
2016-06-09,,,,,,,,,1.68,0.77
2016-06-10,,,,,,,,,1.64,0.73
2016-06-13,,,,,,,,,1.62,0.73
2016-06-14,,,,,,,,,1.62,0.74
2016-06-15,,,,,,,,,1.6,0.69
2016-06-16,,,,,,,,,1.57,0.7
2016-06-17,,,,,,,,,1.62,0.7
2016-06-20,,,,,,,,,1.67,0.74
2016-06-21,,,,,,,,,1.71,0.76
2016-06-22,,,,,,,,,1.69,0.75
2016-06-23,,,,,,,,,1.74,0.78
2016-06-24,,,,,,,,,1.57,0.64
2016-06-27,,,,,,,,,1.46,0.61
2016-06-28,,,,,,,,,1.46,0.61
2016-06-29,,,,,,,,,1.5,0.62
2016-06-30,,,,,,,,,1.49,0.58
2016-07-01,240.101,4.8,18892.639,98.8452,0.39,15891.5,449789.0,1239.0,1.46,0.59
2016-07-04,,,,,,,,,,
2016-07-05,,,,,,,,,1.37,0.56
2016-07-06,,,,,,,,,1.38,0.58
2016-07-07,,,,,,,,,1.4,0.58
2016-07-08,,,,,,,,,1.37,0.61
2016-07-11,,,,,,,,,1.43,0.66
2016-07-12,,,,,,,,,1.53,0.69
2016-07-13,,,,,,,,,1.48,0.68
2016-07-14,,,,,,,,,1.53,0.68
2016-07-15,,,,,,,,,1.6,0.71
2016-07-18,,,,,,,,,1.59,0.68
2016-07-19,,,,,,,,,1.56,0.7
2016-07-20,,,,,,,,,1.59,0.73
2016-07-21,,,,,,,,,1.57,0.7
2016-07-22,,,,,,,,,1.57,0.71
2016-07-25,,,,,,,,,1.58,0.72
2016-07-26,,,,,,,,,1.57,0.75
2016-07-27,,,,,,,,,1.52,0.73
2016-07-28,,,,,,,,,1.52,0.72
2016-07-29,,,,,,,,,1.46,0.67
2016-08-01,240.545,4.9,,98.7427,0.4,15931.3,449946.0,1171.0,1.51,0.67
2016-08-02,,,,,,,,,1.55,0.67
2016-08-03,,,,,,,,,1.55,0.67
2016-08-04,,,,,,,,,1.51,0.64
2016-08-05,,,,,,,,,1.59,0.72
2016-08-08,,,,,,,,,1.59,0.74
2016-08-09,,,,,,,,,1.55,0.71
2016-08-10,,,,,,,,,1.5,0.69
2016-08-11,,,,,,,,,1.57,0.76
2016-08-12,,,,,,,,,1.51,0.71
2016-08-15,,,,,,,,,1.55,0.72
2016-08-16,,,,,,,,,1.57,0.76
2016-08-17,,,,,,,,,1.56,0.74
2016-08-18,,,,,,,,,1.53,0.71
2016-08-19,,,,,,,,,1.58,0.76
2016-08-22,,,,,,,,,1.55,0.76
2016-08-23,,,,,,,,,1.55,0.74
2016-08-24,,,,,,,,,1.56,0.76
2016-08-25,,,,,,,,,1.58,0.78
2016-08-26,,,,,,,,,1.62,0.84
2016-08-29,,,,,,,,,1.57,0.81
2016-08-30,,,,,,,,,1.57,0.8
2016-08-31,,,,,,,,,1.58,0.8
2016-09-01,241.176,5.0,,98.6552,0.4,15999.1,453056.0,1068.0,1.57,0.78
2016-09-02,,,,,,,,,1.6,0.8
2016-09-05,,,,,,,,,,
2016-09-06,,,,,,,,,1.55,0.74
2016-09-07,,,,,,,,,1.54,0.74
2016-09-08,,,,,,,,,1.61,0.78
2016-09-09,,,,,,,,,1.67,0.79
2016-09-12,,,,,,,,,1.68,0.79
2016-09-13,,,,,,,,,1.73,0.8
2016-09-14,,,,,,,,,1.7,0.77
2016-09-15,,,,,,,,,1.71,0.74
2016-09-16,,,,,,,,,1.7,0.77
2016-09-19,,,,,,,,,1.7,0.79
2016-09-20,,,,,,,,,1.69,0.79
2016-09-21,,,,,,,,,1.66,0.79
2016-09-22,,,,,,,,,1.63,0.79
2016-09-23,,,,,,,,,1.62,0.77
2016-09-26,,,,,,,,,1.59,0.76
2016-09-27,,,,,,,,,1.56,0.75
2016-09-28,,,,,,,,,1.57,0.75
2016-09-29,,,,,,,,,1.56,0.73
2016-09-30,,,,,,,,,1.6,0.77
2016-10-01,241.741,4.9,19089.379,98.7237,0.4,16059.4,453847.0,1313.0,,
2016-10-03,,,,,,,,,1.63,0.8
2016-10-04,,,,,,,,,1.69,0.82
2016-10-05,,,,,,,,,1.72,0.85
2016-10-06,,,,,,,,,1.75,0.86
2016-10-07,,,,,,,,,1.73,0.83
2016-10-10,,,,,,,,,,
2016-10-11,,,,,,,,,1.77,0.87
2016-10-12,,,,,,,,,1.79,0.87
2016-10-13,,,,,,,,,1.75,0.85
2016-10-14,,,,,,,,,1.8,0.84
2016-10-17,,,,,,,,,1.77,0.81
2016-10-18,,,,,,,,,1.75,0.82
2016-10-19,,,,,,,,,1.76,0.81
2016-10-20,,,,,,,,,1.76,0.84
2016-10-21,,,,,,,,,1.74,0.84
2016-10-24,,,,,,,,,1.77,0.84
2016-10-25,,,,,,,,,1.77,0.86
2016-10-26,,,,,,,,,1.79,0.86
2016-10-27,,,,,,,,,1.85,0.87
2016-10-28,,,,,,,,,1.86,0.86
2016-10-31,,,,,,,,,1.84,0.86
2016-11-01,242.026,4.7,,98.3443,0.41,16107.6,453892.0,1140.0,1.83,0.83
2016-11-02,,,,,,,,,1.81,0.81
2016-11-03,,,,,,,,,1.82,0.81
2016-11-04,,,,,,,,,1.79,0.8
2016-11-07,,,,,,,,,1.83,0.82
2016-11-08,,,,,,,,,1.88,0.87
2016-11-09,,,,,,,,,2.07,0.9
2016-11-10,,,,,,,,,2.15,0.92
2016-11-11,,,,,,,,,,
2016-11-14,,,,,,,,,2.23,1.0
2016-11-15,,,,,,,,,2.23,1.02
2016-11-16,,,,,,,,,2.22,1.0
2016-11-17,,,,,,,,,2.29,1.04
2016-11-18,,,,,,,,,2.34,1.07
2016-11-21,,,,,,,,,2.33,1.08
2016-11-22,,,,,,,,,2.31,1.07
2016-11-23,,,,,,,,,2.36,1.12
2016-11-24,,,,,,,,,,
2016-11-25,,,,,,,,,2.36,1.12
2016-11-28,,,,,,,,,2.32,1.11
2016-11-29,,,,,,,,,2.3,1.09
2016-11-30,,,,,,,,,2.37,1.11
2016-12-01,242.637,4.7,,99.0406,0.54,16182.5,459305.0,1252.0,2.45,1.14
2016-12-02,,,,,,,,,2.4,1.11
2016-12-05,,,,,,,,,2.39,1.13
2016-12-06,,,,,,,,,2.39,1.12
2016-12-07,,,,,,,,,2.34,1.1
2016-12-08,,,,,,,,,2.4,1.12
2016-12-09,,,,,,,,,2.47,1.15
2016-12-12,,,,,,,,,2.49,1.15
2016-12-13,,,,,,,,,2.48,1.17
2016-12-14,,,,,,,,,2.54,1.27
2016-12-15,,,,,,,,,2.6,1.29
2016-12-16,,,,,,,,,2.6,1.28
2016-12-19,,,,,,,,,2.54,1.24
2016-12-20,,,,,,,,,2.57,1.25
2016-12-21,,,,,,,,,2.55,1.21
2016-12-22,,,,,,,,,2.55,1.22
2016-12-23,,,,,,,,,2.55,1.22
2016-12-26,,,,,,,,,,
2016-12-27,,,,,,,,,2.57,1.28
2016-12-28,,,,,,,,,2.51,1.26
2016-12-29,,,,,,,,,2.49,1.22
2016-12-30,,,,,,,,,2.45,1.2
2017-01-01,243.618,4.7,19280.084,98.8158,0.65,16293.3,464412.0,1190.0,,
2017-01-02,,,,,,,,,,
2017-01-03,,,,,,,,,2.45,1.22
2017-01-04,,,,,,,,,2.46,1.24
2017-01-05,,,,,,,,,2.37,1.17
2017-01-06,,,,,,,,,2.42,1.22
2017-01-09,,,,,,,,,2.38,1.21
2017-01-10,,,,,,,,,2.38,1.19
2017-01-11,,,,,,,,,2.38,1.2
2017-01-12,,,,,,,,,2.36,1.18
2017-01-13,,,,,,,,,2.4,1.21
2017-01-16,,,,,,,,,,
2017-01-17,,,,,,,,,2.33,1.17
2017-01-18,,,,,,,,,2.42,1.23
2017-01-19,,,,,,,,,2.47,1.25
2017-01-20,,,,,,,,,2.48,1.2
2017-01-23,,,,,,,,,2.41,1.16
2017-01-24,,,,,,,,,2.47,1.21
2017-01-25,,,,,,,,,2.53,1.23
2017-01-26,,,,,,,,,2.51,1.21
2017-01-27,,,,,,,,,2.49,1.22
2017-01-30,,,,,,,,,2.49,1.22
2017-01-31,,,,,,,,,2.45,1.19
2017-02-01,244.006,4.6,,98.4356,0.66,16363.5,464284.0,1271.0,2.48,1.22
2017-02-02,,,,,,,,,2.48,1.21
2017-02-03,,,,,,,,,2.49,1.21
2017-02-06,,,,,,,,,2.42,1.16
2017-02-07,,,,,,,,,2.4,1.16
2017-02-08,,,,,,,,,2.34,1.15
2017-02-09,,,,,,,,,2.4,1.2
2017-02-10,,,,,,,,,2.41,1.2
2017-02-13,,,,,,,,,2.43,1.2
2017-02-14,,,,,,,,,2.47,1.25
2017-02-15,,,,,,,,,2.51,1.27
2017-02-16,,,,,,,,,2.45,1.22
2017-02-17,,,,,,,,,2.42,1.21
2017-02-20,,,,,,,,,,
2017-02-21,,,,,,,,,2.43,1.22
2017-02-22,,,,,,,,,2.42,1.22
2017-02-23,,,,,,,,,2.38,1.18
2017-02-24,,,,,,,,,2.31,1.12
2017-02-27,,,,,,,,,2.36,1.2
2017-02-28,,,,,,,,,2.36,1.22
2017-03-01,243.892,4.4,,99.0492,0.79,16415.1,463674.0,1190.0,2.46,1.29
2017-03-02,,,,,,,,,2.49,1.32
2017-03-03,,,,,,,,,2.49,1.32
2017-03-06,,,,,,,,,2.49,1.31
2017-03-07,,,,,,,,,2.52,1.32
2017-03-08,,,,,,,,,2.57,1.36
2017-03-09,,,,,,,,,2.6,1.37
2017-03-10,,,,,,,,,2.58,1.36
2017-03-13,,,,,,,,,2.62,1.4
2017-03-14,,,,,,,,,2.6,1.4
2017-03-15,,,,,,,,,2.51,1.33
2017-03-16,,,,,,,,,2.53,1.35
2017-03-17,,,,,,,,,2.5,1.33
2017-03-20,,,,,,,,,2.47,1.3
2017-03-21,,,,,,,,,2.43,1.27
2017-03-22,,,,,,,,,2.4,1.27
2017-03-23,,,,,,,,,2.41,1.26
2017-03-24,,,,,,,,,2.4,1.26
2017-03-27,,,,,,,,,2.38,1.27
2017-03-28,,,,,,,,,2.42,1.3
2017-03-29,,,,,,,,,2.39,1.26
2017-03-30,,,,,,,,,2.42,1.28
2017-03-31,,,,,,,,,2.4,1.27
2017-04-01,244.193,4.4,19438.643,100.0416,0.9,16476.0,465276.0,1146.0,,
2017-04-03,,,,,,,,,2.35,1.24
2017-04-04,,,,,,,,,2.36,1.25
2017-04-05,,,,,,,,,2.34,1.24
2017-04-06,,,,,,,,,2.34,1.24
2017-04-07,,,,,,,,,2.38,1.29
2017-04-10,,,,,,,,,2.37,1.29
2017-04-11,,,,,,,,,2.32,1.24
2017-04-12,,,,,,,,,2.28,1.24
2017-04-13,,,,,,,,,2.24,1.21
2017-04-14,,,,,,,,,,
2017-04-17,,,,,,,,,2.26,1.21
2017-04-18,,,,,,,,,2.18,1.18
2017-04-19,,,,,,,,,2.21,1.19
2017-04-20,,,,,,,,,2.24,1.21
2017-04-21,,,,,,,,,2.24,1.2
2017-04-24,,,,,,,,,2.28,1.25
2017-04-25,,,,,,,,,2.35,1.29
2017-04-26,,,,,,,,,2.32,1.28
2017-04-27,,,,,,,,,2.3,1.25
2017-04-28,,,,,,,,,2.29,1.28
2017-05-01,244.004,4.4,,100.128,0.91,16573.2,462754.0,1157.0,2.33,1.28
2017-05-02,,,,,,,,,2.29,1.27
2017-05-03,,,,,,,,,2.33,1.3
2017-05-04,,,,,,,,,2.36,1.32
2017-05-05,,,,,,,,,2.36,1.32
2017-05-08,,,,,,,,,2.39,1.33
2017-05-09,,,,,,,,,2.42,1.37
2017-05-10,,,,,,,,,2.41,1.35
2017-05-11,,,,,,,,,2.39,1.35
2017-05-12,,,,,,,,,2.33,1.29
2017-05-15,,,,,,,,,2.34,1.31
2017-05-16,,,,,,,,,2.33,1.29
2017-05-17,,,,,,,,,2.22,1.26
2017-05-18,,,,,,,,,2.23,1.27
2017-05-19,,,,,,,,,2.23,1.28
2017-05-22,,,,,,,,,2.25,1.29
2017-05-23,,,,,,,,,2.29,1.31
2017-05-24,,,,,,,,,2.26,1.29
2017-05-25,,,,,,,,,2.25,1.3
2017-05-26,,,,,,,,,2.25,1.3
2017-05-29,,,,,,,,,,
2017-05-30,,,,,,,,,2.21,1.28
2017-05-31,,,,,,,,,2.21,1.28
2017-06-01,244.163,4.3,,100.337,1.04,16604.0,465130.0,1249.0,2.21,1.28
2017-06-02,,,,,,,,,2.15,1.28
2017-06-05,,,,,,,,,2.18,1.32
2017-06-06,,,,,,,,,2.14,1.3
2017-06-07,,,,,,,,,2.18,1.32
2017-06-08,,,,,,,,,2.19,1.33
2017-06-09,,,,,,,,,2.21,1.35
2017-06-12,,,,,,,,,2.21,1.35
2017-06-13,,,,,,,,,2.21,1.38
2017-06-14,,,,,,,,,2.15,1.35
2017-06-15,,,,,,,,,2.16,1.35
2017-06-16,,,,,,,,,2.16,1.32
2017-06-19,,,,,,,,,2.19,1.36
2017-06-20,,,,,,,,,2.16,1.36
2017-06-21,,,,,,,,,2.16,1.36
2017-06-22,,,,,,,,,2.15,1.34
2017-06-23,,,,,,,,,2.15,1.34
2017-06-26,,,,,,,,,2.14,1.36
2017-06-27,,,,,,,,,2.21,1.38
2017-06-28,,,,,,,,,2.22,1.34
2017-06-29,,,,,,,,,2.27,1.38
2017-06-30,,,,,,,,,2.31,1.38
2017-07-01,244.243,4.3,19692.595,100.0865,1.15,16665.9,465089.0,1206.0,,
2017-07-03,,,,,,,,,2.35,1.41
2017-07-04,,,,,,,,,,
2017-07-05,,,,,,,,,2.33,1.41
2017-07-06,,,,,,,,,2.37,1.4
2017-07-07,,,,,,,,,2.39,1.4
2017-07-10,,,,,,,,,2.38,1.4
2017-07-11,,,,,,,,,2.37,1.37
2017-07-12,,,,,,,,,2.33,1.35
2017-07-13,,,,,,,,,2.35,1.37
2017-07-14,,,,,,,,,2.33,1.35
2017-07-17,,,,,,,,,2.31,1.36
2017-07-18,,,,,,,,,2.27,1.36
2017-07-19,,,,,,,,,2.27,1.37
2017-07-20,,,,,,,,,2.27,1.37
2017-07-21,,,,,,,,,2.24,1.36
2017-07-24,,,,,,,,,2.26,1.37
2017-07-25,,,,,,,,,2.33,1.4
2017-07-26,,,,,,,,,2.29,1.36
2017-07-27,,,,,,,,,2.32,1.36
2017-07-28,,,,,,,,,2.3,1.34
2017-07-31,,,,,,,,,2.3,1.34
2017-08-01,245.183,4.4,,99.6323,1.16,16733.7,466020.0,1159.0,2.26,1.34
2017-08-02,,,,,,,,,2.27,1.36
2017-08-03,,,,,,,,,2.24,1.34
2017-08-04,,,,,,,,,2.27,1.36
2017-08-07,,,,,,,,,2.26,1.36
2017-08-08,,,,,,,,,2.29,1.36
2017-08-09,,,,,,,,,2.24,1.33
2017-08-10,,,,,,,,,2.2,1.33
2017-08-11,,,,,,,,,2.19,1.3
2017-08-14,,,,,,,,,2.22,1.33
2017-08-15,,,,,,,,,2.27,1.35
2017-08-16,,,,,,,,,2.23,1.33
2017-08-17,,,,,,,,,2.19,1.32
2017-08-18,,,,,,,,,2.19,1.33
2017-08-21,,,,,,,,,2.18,1.32
2017-08-22,,,,,,,,,2.22,1.33
2017-08-23,,,,,,,,,2.17,1.32
2017-08-24,,,,,,,,,2.19,1.33
2017-08-25,,,,,,,,,2.17,1.35
2017-08-28,,,,,,,,,2.16,1.33
2017-08-29,,,,,,,,,2.13,1.33
2017-08-30,,,,,,,,,2.15,1.33
2017-08-31,,,,,,,,,2.12,1.33
2017-09-01,246.435,4.3,,99.7482,1.15,16841.9,475724.0,1181.0,2.16,1.35
2017-09-04,,,,,,,,,,
2017-09-05,,,,,,,,,2.07,1.3
2017-09-06,,,,,,,,,2.1,1.3
2017-09-07,,,,,,,,,2.05,1.27
2017-09-08,,,,,,,,,2.06,1.27
2017-09-11,,,,,,,,,2.14,1.32
2017-09-12,,,,,,,,,2.17,1.33
2017-09-13,,,,,,,,,2.2,1.35
2017-09-14,,,,,,,,,2.2,1.37
2017-09-15,,,,,,,,,2.2,1.39
2017-09-18,,,,,,,,,2.23,1.4
2017-09-19,,,,,,,,,2.24,1.4
2017-09-20,,,,,,,,,2.28,1.45
2017-09-21,,,,,,,,,2.27,1.45
2017-09-22,,,,,,,,,2.26,1.46
2017-09-25,,,,,,,,,2.22,1.44
2017-09-26,,,,,,,,,2.24,1.45
2017-09-27,,,,,,,,,2.31,1.47
2017-09-28,,,,,,,,,2.31,1.45
2017-09-29,,,,,,,,,2.33,1.47
2017-10-01,246.626,4.2,20037.088,100.9893,1.15,16930.8,476107.0,1257.0,,
2017-10-02,,,,,,,,,2.34,1.49
2017-10-03,,,,,,,,,2.33,1.47
2017-10-04,,,,,,,,,2.33,1.47
2017-10-05,,,,,,,,,2.35,1.49
2017-10-06,,,,,,,,,2.37,1.54
2017-10-09,,,,,,,,,,
2017-10-10,,,,,,,,,2.35,1.51
2017-10-11,,,,,,,,,2.35,1.51
2017-10-12,,,,,,,,,2.33,1.51
2017-10-13,,,,,,,,,2.28,1.51
2017-10-16,,,,,,,,,2.3,1.54
2017-10-17,,,,,,,,,2.3,1.54
2017-10-18,,,,,,,,,2.34,1.59
2017-10-19,,,,,,,,,2.33,1.58
2017-10-20,,,,,,,,,2.39,1.6
2017-10-23,,,,,,,,,2.38,1.58
2017-10-24,,,,,,,,,2.42,1.6
2017-10-25,,,,,,,,,2.44,1.61
2017-10-26,,,,,,,,,2.46,1.63
2017-10-27,,,,,,,,,2.42,1.59
2017-10-30,,,,,,,,,2.37,1.58
2017-10-31,,,,,,,,,2.38,1.6
2017-11-01,247.284,4.2,,101.2493,1.16,16997.5,480949.0,1273.0,2.37,1.61
2017-11-02,,,,,,,,,2.35,1.61
2017-11-03,,,,,,,,,2.34,1.63
2017-11-06,,,,,,,,,2.32,1.61
2017-11-07,,,,,,,,,2.32,1.63
2017-11-08,,,,,,,,,2.32,1.65
2017-11-09,,,,,,,,,2.33,1.63
2017-11-10,,,,,,,,,2.4,1.67
2017-11-13,,,,,,,,,2.4,1.7
2017-11-14,,,,,,,,,2.38,1.68
2017-11-15,,,,,,,,,2.33,1.68
2017-11-16,,,,,,,,,2.37,1.72
2017-11-17,,,,,,,,,2.35,1.73
2017-11-20,,,,,,,,,2.37,1.77
2017-11-21,,,,,,,,,2.36,1.77
2017-11-22,,,,,,,,,2.32,1.74
2017-11-23,,,,,,,,,,
2017-11-24,,,,,,,,,2.34,1.75
2017-11-27,,,,,,,,,2.32,1.74
2017-11-28,,,,,,,,,2.34,1.75
2017-11-29,,,,,,,,,2.37,1.78
2017-11-30,,,,,,,,,2.42,1.78
2017-12-01,247.805,4.1,,101.4871,1.3,17058.2,483586.0,1177.0,2.37,1.78
2017-12-04,,,,,,,,,2.37,1.8
2017-12-05,,,,,,,,,2.36,1.83
2017-12-06,,,,,,,,,2.33,1.78
2017-12-07,,,,,,,,,2.37,1.8
2017-12-08,,,,,,,,,2.38,1.8
2017-12-11,,,,,,,,,2.39,1.82
2017-12-12,,,,,,,,,2.4,1.83
2017-12-13,,,,,,,,,2.36,1.79
2017-12-14,,,,,,,,,2.35,1.82
2017-12-15,,,,,,,,,2.35,1.84
2017-12-18,,,,,,,,,2.39,1.84
2017-12-19,,,,,,,,,2.46,1.87
2017-12-20,,,,,,,,,2.49,1.87
2017-12-21,,,,,,,,,2.48,1.89
2017-12-22,,,,,,,,,2.48,1.91
2017-12-25,,,,,,,,,,
2017-12-26,,,,,,,,,2.47,1.92
2017-12-27,,,,,,,,,2.42,1.89
2017-12-28,,,,,,,,,2.43,1.91
2017-12-29,,,,,,,,,2.4,1.89
2018-01-01,248.859,4.0,20328.553,101.4852,1.41,17141.7,481414.0,1299.0,,
2018-01-02,,,,,,,,,2.46,1.92
2018-01-03,,,,,,,,,2.44,1.94
2018-01-04,,,,,,,,,2.46,1.96
2018-01-05,,,,,,,,,2.47,1.96
2018-01-08,,,,,,,,,2.49,1.96
2018-01-09,,,,,,,,,2.55,1.98
2018-01-10,,,,,,,,,2.55,1.98
2018-01-11,,,,,,,,,2.54,1.98
2018-01-12,,,,,,,,,2.55,1.99
2018-01-15,,,,,,,,,,
2018-01-16,,,,,,,,,2.54,2.03
2018-01-17,,,,,,,,,2.57,2.05
2018-01-18,,,,,,,,,2.62,2.05
2018-01-19,,,,,,,,,2.64,2.06
2018-01-22,,,,,,,,,2.66,2.08
2018-01-23,,,,,,,,,2.63,2.06
2018-01-24,,,,,,,,,2.65,2.08
2018-01-25,,,,,,,,,2.63,2.08
2018-01-26,,,,,,,,,2.66,2.13
2018-01-29,,,,,,,,,2.7,2.11
2018-01-30,,,,,,,,,2.73,2.13
2018-01-31,,,,,,,,,2.72,2.14
2018-02-01,249.529,4.1,,101.7319,1.42,17204.1,484031.0,1277.0,2.78,2.16
2018-02-02,,,,,,,,,2.84,2.15
2018-02-05,,,,,,,,,2.77,2.08
2018-02-06,,,,,,,,,2.79,2.1
2018-02-07,,,,,,,,,2.84,2.15
2018-02-08,,,,,,,,,2.85,2.13
2018-02-09,,,,,,,,,2.83,2.05
2018-02-12,,,,,,,,,2.86,2.09
2018-02-13,,,,,,,,,2.83,2.1
2018-02-14,,,,,,,,,2.91,2.17
2018-02-15,,,,,,,,,2.9,2.19
2018-02-16,,,,,,,,,2.87,2.21
2018-02-19,,,,,,,,,,
2018-02-20,,,,,,,,,2.88,2.25
2018-02-21,,,,,,,,,2.94,2.26
2018-02-22,,,,,,,,,2.92,2.25
2018-02-23,,,,,,,,,2.88,2.25
2018-02-26,,,,,,,,,2.86,2.22
2018-02-27,,,,,,,,,2.9,2.27
2018-02-28,,,,,,,,,2.87,2.25
2018-03-01,249.577,4.0,,102.1943,1.51,17268.2,484110.0,1318.0,2.81,2.22
2018-03-02,,,,,,,,,2.86,2.25
2018-03-05,,,,,,,,,2.88,2.24
2018-03-06,,,,,,,,,2.88,2.25
2018-03-07,,,,,,,,,2.89,2.25
2018-03-08,,,,,,,,,2.86,2.25
2018-03-09,,,,,,,,,2.9,2.27
2018-03-12,,,,,,,,,2.87,2.27
2018-03-13,,,,,,,,,2.84,2.26
2018-03-14,,,,,,,,,2.81,2.26
2018-03-15,,,,,,,,,2.82,2.29
2018-03-16,,,,,,,,,2.85,2.31
2018-03-19,,,,,,,,,2.85,2.31
2018-03-20,,,,,,,,,2.89,2.34
2018-03-21,,,,,,,,,2.89,2.31
2018-03-22,,,,,,,,,2.83,2.29
2018-03-23,,,,,,,,,2.82,2.28
2018-03-26,,,,,,,,,2.85,2.33
2018-03-27,,,,,,,,,2.78,2.26
2018-03-28,,,,,,,,,2.77,2.28
2018-03-29,,,,,,,,,2.74,2.27
2018-03-30,,,,,,,,,,
2018-04-01,250.227,4.0,20580.912,103.3551,1.69,17328.7,484154.0,1276.0,,
2018-04-02,,,,,,,,,2.73,2.25
2018-04-03,,,,,,,,,2.79,2.28
2018-04-04,,,,,,,,,2.79,2.28
2018-04-05,,,,,,,,,2.83,2.3
2018-04-06,,,,,,,,,2.77,2.27
2018-04-09,,,,,,,,,2.78,2.29
2018-04-10,,,,,,,,,2.8,2.32
2018-04-11,,,,,,,,,2.79,2.32
2018-04-12,,,,,,,,,2.83,2.34
2018-04-13,,,,,,,,,2.82,2.37
2018-04-16,,,,,,,,,2.83,2.39
2018-04-17,,,,,,,,,2.82,2.41
2018-04-18,,,,,,,,,2.87,2.42
2018-04-19,,,,,,,,,2.92,2.44
2018-04-20,,,,,,,,,2.96,2.46
2018-04-23,,,,,,,,,2.98,2.49
2018-04-24,,,,,,,,,3.0,2.48
2018-04-25,,,,,,,,,3.03,2.49
2018-04-26,,,,,,,,,3.0,2.49
2018-04-27,,,,,,,,,2.96,2.49
2018-04-30,,,,,,,,,2.95,2.49
2018-05-01,250.792,3.8,,102.381,1.7,17404.4,491960.0,1357.0,2.97,2.5
2018-05-02,,,,,,,,,2.97,2.49
2018-05-03,,,,,,,,,2.94,2.49
2018-05-04,,,,,,,,,2.95,2.51
2018-05-07,,,,,,,,,2.95,2.49
2018-05-08,,,,,,,,,2.97,2.51
2018-05-09,,,,,,,,,3.0,2.54
2018-05-10,,,,,,,,,2.97,2.54
2018-05-11,,,,,,,,,2.97,2.54
2018-05-14,,,,,,,,,3.0,2.55
2018-05-15,,,,,,,,,3.08,2.58
2018-05-16,,,,,,,,,3.09,2.58
2018-05-17,,,,,,,,,3.11,2.57
2018-05-18,,,,,,,,,3.06,2.55
2018-05-21,,,,,,,,,3.06,2.58
2018-05-22,,,,,,,,,3.06,2.59
2018-05-23,,,,,,,,,3.01,2.53
2018-05-24,,,,,,,,,2.98,2.5
2018-05-25,,,,,,,,,2.93,2.48
2018-05-28,,,,,,,,,,
2018-05-29,,,,,,,,,2.77,2.32
2018-05-30,,,,,,,,,2.84,2.42
2018-05-31,,,,,,,,,2.83,2.4
2018-06-01,251.018,4.0,,103.2256,1.82,17488.4,490228.0,1192.0,2.89,2.47
2018-06-04,,,,,,,,,2.94,2.52
2018-06-05,,,,,,,,,2.92,2.49
2018-06-06,,,,,,,,,2.97,2.52
2018-06-07,,,,,,,,,2.93,2.5
2018-06-08,,,,,,,,,2.93,2.5
2018-06-11,,,,,,,,,2.96,2.52
2018-06-12,,,,,,,,,2.96,2.54
2018-06-13,,,,,,,,,2.98,2.59
2018-06-14,,,,,,,,,2.94,2.59
2018-06-15,,,,,,,,,2.93,2.55
2018-06-18,,,,,,,,,2.92,2.56
2018-06-19,,,,,,,,,2.89,2.54
2018-06-20,,,,,,,,,2.93,2.56
2018-06-21,,,,,,,,,2.9,2.56
2018-06-22,,,,,,,,,2.9,2.56
2018-06-25,,,,,,,,,2.87,2.54
2018-06-26,,,,,,,,,2.88,2.53
2018-06-27,,,,,,,,,2.83,2.52
2018-06-28,,,,,,,,,2.84,2.52
2018-06-29,,,,,,,,,2.85,2.52
2018-07-01,251.214,3.8,20798.73,103.3561,1.91,17587.6,493142.0,1208.0,,
2018-07-02,,,,,,,,,2.87,2.57
2018-07-03,,,,,,,,,2.83,2.53
2018-07-04,,,,,,,,,,
2018-07-05,,,,,,,,,2.84,2.55
2018-07-06,,,,,,,,,2.82,2.53
2018-07-09,,,,,,,,,2.86,2.57
2018-07-10,,,,,,,,,2.87,2.59
2018-07-11,,,,,,,,,2.85,2.58
2018-07-12,,,,,,,,,2.85,2.6
2018-07-13,,,,,,,,,2.83,2.59
2018-07-16,,,,,,,,,2.85,2.59
2018-07-17,,,,,,,,,2.86,2.62
2018-07-18,,,,,,,,,2.88,2.6
2018-07-19,,,,,,,,,2.84,2.6
2018-07-20,,,,,,,,,2.89,2.6
2018-07-23,,,,,,,,,2.96,2.64
2018-07-24,,,,,,,,,2.95,2.63
2018-07-25,,,,,,,,,2.94,2.66
2018-07-26,,,,,,,,,2.98,2.69
2018-07-27,,,,,,,,,2.96,2.67
2018-07-30,,,,,,,,,2.98,2.66
2018-07-31,,,,,,,,,2.96,2.67
2018-08-01,251.663,3.8,,104.0585,1.91,17664.0,493445.0,1288.0,3.0,2.67
2018-08-02,,,,,,,,,2.98,2.66
2018-08-03,,,,,,,,,2.95,2.63
2018-08-06,,,,,,,,,2.94,2.64
2018-08-07,,,,,,,,,2.98,2.68
2018-08-08,,,,,,,,,2.96,2.68
2018-08-09,,,,,,,,,2.93,2.64
2018-08-10,,,,,,,,,2.87,2.61
2018-08-13,,,,,,,,,2.88,2.61
2018-08-14,,,,,,,,,2.89,2.63
2018-08-15,,,,,,,,,2.86,2.61
2018-08-16,,,,,,,,,2.87,2.63
2018-08-17,,,,,,,,,2.87,2.61
2018-08-20,,,,,,,,,2.82,2.6
2018-08-21,,,,,,,,,2.85,2.61
2018-08-22,,,,,,,,,2.82,2.6
2018-08-23,,,,,,,,,2.82,2.61
2018-08-24,,,,,,,,,2.82,2.63
2018-08-27,,,,,,,,,2.85,2.67
2018-08-28,,,,,,,,,2.88,2.67
2018-08-29,,,,,,,,,2.89,2.67
2018-08-30,,,,,,,,,2.86,2.64
2018-08-31,,,,,,,,,2.86,2.62
2018-09-01,252.182,3.7,,104.1038,1.95,17693.5,491507.0,1250.0,,
2018-09-03,,,,,,,,,,
2018-09-04,,,,,,,,,2.9,2.66
2018-09-05,,,,,,,,,2.9,2.66
2018-09-06,,,,,,,,,2.88,2.64
2018-09-07,,,,,,,,,2.94,2.71
2018-09-10,,,,,,,,,2.94,2.73
2018-09-11,,,,,,,,,2.98,2.76
2018-09-12,,,,,,,,,2.97,2.74
2018-09-13,,,,,,,,,2.97,2.76
2018-09-14,,,,,,,,,2.99,2.78
2018-09-17,,,,,,,,,2.99,2.78
2018-09-18,,,,,,,,,3.05,2.81
2018-09-19,,,,,,,,,3.08,2.81
2018-09-20,,,,,,,,,3.07,2.81
2018-09-21,,,,,,,,,3.07,2.81
2018-09-24,,,,,,,,,3.08,2.83
2018-09-25,,,,,,,,,3.1,2.83
2018-09-26,,,,,,,,,3.06,2.83
2018-09-27,,,,,,,,,3.06,2.83
2018-09-28,,,,,,,,,3.05,2.81
2018-10-01,252.772,3.8,20917.867,103.9297,2.19,17749.8,496416.0,1221.0,3.09,2.82
2018-10-02,,,,,,,,,3.05,2.82
2018-10-03,,,,,,,,,3.15,2.85
2018-10-04,,,,,,,,,3.19,2.87
2018-10-05,,,,,,,,,3.23,2.88
2018-10-08,,,,,,,,,,
2018-10-09,,,,,,,,,3.21,2.88
2018-10-10,,,,,,,,,3.22,2.88
2018-10-11,,,,,,,,,3.14,2.85
2018-10-12,,,,,,,,,3.15,2.85
2018-10-15,,,,,,,,,3.16,2.85
2018-10-16,,,,,,,,,3.16,2.87
2018-10-17,,,,,,,,,3.19,2.89
2018-10-18,,,,,,,,,3.17,2.87
2018-10-19,,,,,,,,,3.2,2.92
2018-10-22,,,,,,,,,3.2,2.92
2018-10-23,,,,,,,,,3.17,2.89
2018-10-24,,,,,,,,,3.1,2.84
2018-10-25,,,,,,,,,3.14,2.86
2018-10-26,,,,,,,,,3.08,2.81
2018-10-29,,,,,,,,,3.08,2.81
2018-10-30,,,,,,,,,3.12,2.84
2018-10-31,,,,,,,,,3.15,2.87
2018-11-01,252.594,3.8,,104.0126,2.2,17795.7,498854.0,1181.0,3.14,2.84
2018-11-02,,,,,,,,,3.22,2.91
2018-11-05,,,,,,,,,3.2,2.91
2018-11-06,,,,,,,,,3.22,2.93
2018-11-07,,,,,,,,,3.22,2.96
2018-11-08,,,,,,,,,3.24,2.98
2018-11-09,,,,,,,,,3.19,2.94
2018-11-12,,,,,,,,,,
2018-11-13,,,,,,,,,3.14,2.89
2018-11-14,,,,,,,,,3.12,2.86
2018-11-15,,,,,,,,,3.11,2.86
2018-11-16,,,,,,,,,3.08,2.81
2018-11-19,,,,,,,,,3.06,2.79
2018-11-20,,,,,,,,,3.06,2.79
2018-11-21,,,,,,,,,3.06,2.81
2018-11-22,,,,,,,,,,
2018-11-23,,,,,,,,,3.05,2.81
2018-11-26,,,,,,,,,3.07,2.84
2018-11-27,,,,,,,,,3.06,2.83
2018-11-28,,,,,,,,,3.06,2.81
2018-11-29,,,,,,,,,3.03,2.81
2018-11-30,,,,,,,,,3.01,2.8
2018-12-01,252.767,3.9,,104.0451,2.27,18012.4,489113.0,1095.0,,
2018-12-03,,,,,,,,,2.98,2.83
2018-12-04,,,,,,,,,2.91,2.8
2018-12-05,,,,,,,,,,
2018-12-06,,,,,,,,,2.87,2.75
2018-12-07,,,,,,,,,2.85,2.72
2018-12-10,,,,,,,,,2.85,2.72
2018-12-11,,,,,,,,,2.89,2.78
2018-12-12,,,,,,,,,2.91,2.77
2018-12-13,,,,,,,,,2.91,2.75
2018-12-14,,,,,,,,,2.89,2.73
2018-12-17,,,,,,,,,2.86,2.7
2018-12-18,,,,,,,,,2.82,2.65
2018-12-19,,,,,,,,,2.77,2.63
2018-12-20,,,,,,,,,2.79,2.67
2018-12-21,,,,,,,,,2.79,2.63
2018-12-24,,,,,,,,,2.74,2.55
2018-12-25,,,,,,,,,,
2018-12-26,,,,,,,,,2.81,2.61
2018-12-27,,,,,,,,,2.77,2.56
2018-12-28,,,,,,,,,2.72,2.52
2018-12-31,,,,,,,,,2.69,2.48
2019-01-01,252.561,4.0,21111.6,103.3598,2.4,18078.6,490440.0,1226.0,,
2019-01-02,,,,,,,,,2.66,2.5
2019-01-03,,,,,,,,,2.56,2.39
2019-01-04,,,,,,,,,2.67,2.5
2019-01-07,,,,,,,,,2.7,2.53
2019-01-08,,,,,,,,,2.73,2.58
2019-01-09,,,,,,,,,2.74,2.56
2019-01-10,,,,,,,,,2.74,2.56
2019-01-11,,,,,,,,,2.71,2.55
2019-01-14,,,,,,,,,2.71,2.53
2019-01-15,,,,,,,,,2.72,2.53
2019-01-16,,,,,,,,,2.73,2.55
2019-01-17,,,,,,,,,2.75,2.56
2019-01-18,,,,,,,,,2.79,2.62
2019-01-21,,,,,,,,,,
2019-01-22,,,,,,,,,2.74,2.58
2019-01-23,,,,,,,,,2.76,2.58
2019-01-24,,,,,,,,,2.72,2.56
2019-01-25,,,,,,,,,2.76,2.6
2019-01-28,,,,,,,,,2.75,2.6
2019-01-29,,,,,,,,,2.72,2.56
2019-01-30,,,,,,,,,2.7,2.52
2019-01-31,,,,,,,,,2.63,2.45
2019-02-01,253.319,3.8,,102.8251,2.4,18152.9,491751.0,1121.0,2.7,2.52
2019-02-04,,,,,,,,,2.73,2.53
2019-02-05,,,,,,,,,2.71,2.53
2019-02-06,,,,,,,,,2.7,2.52
2019-02-07,,,,,,,,,2.65,2.48
2019-02-08,,,,,,,,,2.63,2.45
2019-02-11,,,,,,,,,2.65,2.48
2019-02-12,,,,,,,,,2.68,2.5
2019-02-13,,,,,,,,,2.71,2.53
2019-02-14,,,,,,,,,2.66,2.5
2019-02-15,,,,,,,,,2.66,2.52
2019-02-18,,,,,,,,,,
2019-02-19,,,,,,,,,2.65,2.5
2019-02-20,,,,,,,,,2.65,2.5
2019-02-21,,,,,,,,,2.69,2.53
2019-02-22,,,,,,,,,2.65,2.48
2019-02-25,,,,,,,,,2.67,2.51
2019-02-26,,,,,,,,,2.64,2.48
2019-02-27,,,,,,,,,2.69,2.5
2019-02-28,,,,,,,,,2.73,2.52
2019-03-01,254.277,3.8,,102.8361,2.41,18226.6,499292.0,1191.0,2.76,2.55
2019-03-04,,,,,,,,,2.72,2.55
2019-03-05,,,,,,,,,2.72,2.55
2019-03-06,,,,,,,,,2.69,2.52
2019-03-07,,,,,,,,,2.64,2.47
2019-03-08,,,,,,,,,2.62,2.45
2019-03-11,,,,,,,,,2.64,2.47
2019-03-12,,,,,,,,,2.61,2.45
2019-03-13,,,,,,,,,2.61,2.45
2019-03-14,,,,,,,,,2.63,2.46
2019-03-15,,,,,,,,,2.59,2.43
2019-03-18,,,,,,,,,2.6,2.45
2019-03-19,,,,,,,,,2.61,2.46
2019-03-20,,,,,,,,,2.54,2.4
2019-03-21,,,,,,,,,2.54,2.41
2019-03-22,,,,,,,,,2.44,2.31
2019-03-25,,,,,,,,,2.43,2.26
2019-03-26,,,,,,,,,2.41,2.24
2019-03-27,,,,,,,,,2.39,2.22
2019-03-28,,,,,,,,,2.39,2.23
2019-03-29,,,,,,,,,2.41,2.27
2019-04-01,255.233,3.7,21397.938,102.2748,2.42,18266.8,499343.0,1272.0,2.49,2.33
2019-04-02,,,,,,,,,2.48,2.3
2019-04-03,,,,,,,,,2.52,2.33
2019-04-04,,,,,,,,,2.51,2.33
2019-04-05,,,,,,,,,2.5,2.35
2019-04-08,,,,,,,,,2.52,2.36
2019-04-09,,,,,,,,,2.51,2.35
2019-04-10,,,,,,,,,2.48,2.31
2019-04-11,,,,,,,,,2.51,2.35
2019-04-12,,,,,,,,,2.56,2.4
2019-04-15,,,,,,,,,2.55,2.4
2019-04-16,,,,,,,,,2.6,2.41
2019-04-17,,,,,,,,,2.59,2.4
2019-04-18,,,,,,,,,2.57,2.38
2019-04-19,,,,,,,,,,
2019-04-22,,,,,,,,,2.59,2.38
2019-04-23,,,,,,,,,2.57,2.36
2019-04-24,,,,,,,,,2.53,2.32
2019-04-25,,,,,,,,,2.54,2.33
2019-04-26,,,,,,,,,2.51,2.28
2019-04-29,,,,,,,,,2.54,2.3
2019-04-30,,,,,,,,,2.51,2.27
2019-05-01,255.296,3.6,,102.4176,2.39,18286.9,504741.0,1293.0,2.52,2.31
2019-05-02,,,,,,,,,2.55,2.35
2019-05-03,,,,,,,,,2.54,2.33
2019-05-06,,,,,,,,,2.51,2.31
2019-05-07,,,,,,,,,2.45,2.28
2019-05-08,,,,,,,,,2.49,2.3
2019-05-09,,,,,,,,,2.45,2.26
2019-05-10,,,,,,,,,2.47,2.26
2019-05-13,,,,,,,,,2.4,2.18
2019-05-14,,,,,,,,,2.42,2.2
2019-05-15,,,,,,,,,2.37,2.16
2019-05-16,,,,,,,,,2.4,2.2
2019-05-17,,,,,,,,,2.39,2.2
2019-05-20,,,,,,,,,2.41,2.21
2019-05-21,,,,,,,,,2.43,2.26
2019-05-22,,,,,,,,,2.39,2.23
2019-05-23,,,,,,,,,2.31,2.12
2019-05-24,,,,,,,,,2.32,2.16
2019-05-27,,,,,,,,,,
2019-05-28,,,,,,,,,2.26,2.12
2019-05-29,,,,,,,,,2.25,2.09
2019-05-30,,,,,,,,,2.22,2.06
2019-05-31,,,,,,,,,2.14,1.95
2019-06-01,255.213,3.6,,102.5425,2.38,18324.3,505251.0,1243.0,,
2019-06-03,,,,,,,,,2.07,1.82
2019-06-04,,,,,,,,,2.12,1.88
2019-06-05,,,,,,,,,2.12,1.83
2019-06-06,,,,,,,,,2.12,1.88
2019-06-07,,,,,,,,,2.09,1.85
2019-06-10,,,,,,,,,2.15,1.9
2019-06-11,,,,,,,,,2.15,1.93
2019-06-12,,,,,,,,,2.13,1.88
2019-06-13,,,,,,,,,2.1,1.83
2019-06-14,,,,,,,,,2.09,1.84
2019-06-17,,,,,,,,,2.09,1.86
2019-06-18,,,,,,,,,2.06,1.86
2019-06-19,,,,,,,,,2.03,1.74
2019-06-20,,,,,,,,,2.01,1.72
2019-06-21,,,,,,,,,2.07,1.77
2019-06-24,,,,,,,,,2.02,1.72
2019-06-25,,,,,,,,,2.0,1.71
2019-06-26,,,,,,,,,2.05,1.77
2019-06-27,,,,,,,,,2.01,1.74
2019-06-28,,,,,,,,,2.0,1.75
2019-07-01,255.802,3.7,21717.171,102.0057,2.4,18342.4,509091.0,1240.0,2.03,1.78
2019-07-02,,,,,,,,,1.98,1.77
2019-07-03,,,,,,,,,1.96,1.77
2019-07-04,,,,,,,,,,
2019-07-05,,,,,,,,,2.04,1.87
2019-07-08,,,,,,,,,2.05,1.88
2019-07-09,,,,,,,,,2.07,1.92
2019-07-10,,,,,,,,,2.07,1.82
2019-07-11,,,,,,,,,2.13,1.85
2019-07-12,,,,,,,,,2.12,1.84
2019-07-15,,,,,,,,,2.09,1.83
2019-07-16,,,,,,,,,2.13,1.87
2019-07-17,,,,,,,,,2.06,1.83
2019-07-18,,,,,,,,,2.04,1.77
2019-07-19,,,,,,,,,2.05,1.8
2019-07-22,,,,,,,,,2.05,1.8
2019-07-23,,,,,,,,,2.08,1.83
2019-07-24,,,,,,,,,2.05,1.83
2019-07-25,,,,,,,,,2.08,1.86
2019-07-26,,,,,,,,,2.08,1.86
2019-07-29,,,,,,,,,2.06,1.85
2019-07-30,,,,,,,,,2.06,1.85
2019-07-31,,,,,,,,,2.02,1.89
2019-08-01,256.036,3.6,,102.7814,2.13,18432.4,512561.0,1375.0,1.9,1.73
2019-08-02,,,,,,,,,1.86,1.72
2019-08-05,,,,,,,,,1.75,1.59
2019-08-06,,,,,,,,,1.73,1.6
2019-08-07,,,,,,,,,1.71,1.59
2019-08-08,,,,,,,,,1.72,1.62
2019-08-09,,,,,,,,,1.74,1.63
2019-08-12,,,,,,,,,1.65,1.58
2019-08-13,,,,,,,,,1.68,1.66
2019-08-14,,,,,,,,,1.59,1.58
2019-08-15,,,,,,,,,1.52,1.48
2019-08-16,,,,,,,,,1.55,1.48
2019-08-19,,,,,,,,,1.6,1.53
2019-08-20,,,,,,,,,1.55,1.5
2019-08-21,,,,,,,,,1.59,1.56
2019-08-22,,,,,,,,,1.62,1.61
2019-08-23,,,,,,,,,1.52,1.51
2019-08-26,,,,,,,,,1.54,1.54
2019-08-27,,,,,,,,,1.49,1.53
2019-08-28,,,,,,,,,1.47,1.5
2019-08-29,,,,,,,,,1.5,1.53
2019-08-30,,,,,,,,,1.5,1.5
2019-09-01,256.43,3.5,,102.4601,2.04,18477.3,509282.0,1311.0,,
2019-09-02,,,,,,,,,,
2019-09-03,,,,,,,,,1.47,1.47
2019-09-04,,,,,,,,,1.47,1.43
2019-09-05,,,,,,,,,1.57,1.55
2019-09-06,,,,,,,,,1.55,1.53
2019-09-09,,,,,,,,,1.63,1.58
2019-09-10,,,,,,,,,1.72,1.67
2019-09-11,,,,,,,,,1.75,1.68
2019-09-12,,,,,,,,,1.79,1.72
2019-09-13,,,,,,,,,1.9,1.79
2019-09-16,,,,,,,,,1.84,1.74
2019-09-17,,,,,,,,,1.81,1.72
2019-09-18,,,,,,,,,1.8,1.77
2019-09-19,,,,,,,,,1.79,1.74
2019-09-20,,,,,,,,,1.74,1.69
2019-09-23,,,,,,,,,1.72,1.68
2019-09-24,,,,,,,,,1.64,1.6
2019-09-25,,,,,,,,,1.73,1.68
2019-09-26,,,,,,,,,1.7,1.66
2019-09-27,,,,,,,,,1.69,1.63
2019-09-30,,,,,,,,,1.68,1.63
2019-10-01,257.155,3.6,21933.217,101.5878,1.83,18546.3,510648.0,1325.0,1.65,1.56
2019-10-02,,,,,,,,,1.6,1.48
2019-10-03,,,,,,,,,1.54,1.39
2019-10-04,,,,,,,,,1.52,1.4
2019-10-07,,,,,,,,,1.56,1.46
2019-10-08,,,,,,,,,1.54,1.42
2019-10-09,,,,,,,,,1.59,1.47
2019-10-10,,,,,,,,,1.67,1.53
2019-10-11,,,,,,,,,1.76,1.63
2019-10-14,,,,,,,,,,
2019-10-15,,,,,,,,,1.77,1.61
2019-10-16,,,,,,,,,1.75,1.58
2019-10-17,,,,,,,,,1.76,1.6
2019-10-18,,,,,,,,,1.76,1.58
2019-10-21,,,,,,,,,1.8,1.62
2019-10-22,,,,,,,,,1.78,1.6
2019-10-23,,,,,,,,,1.77,1.58
2019-10-24,,,,,,,,,1.77,1.58
2019-10-25,,,,,,,,,1.8,1.63
2019-10-28,,,,,,,,,1.85,1.64
2019-10-29,,,,,,,,,1.84,1.64
2019-10-30,,,,,,,,,1.78,1.61
2019-10-31,,,,,,,,,1.69,1.52
2019-11-01,257.879,3.6,,102.1494,1.55,18629.5,514215.0,1353.0,1.73,1.56
2019-11-04,,,,,,,,,1.79,1.6
2019-11-05,,,,,,,,,1.86,1.63
2019-11-06,,,,,,,,,1.81,1.61
2019-11-07,,,,,,,,,1.92,1.68
2019-11-08,,,,,,,,,1.94,1.68
2019-11-11,,,,,,,,,,
2019-11-12,,,,,,,,,1.92,1.66
2019-11-13,,,,,,,,,1.88,1.63
2019-11-14,,,,,,,,,1.82,1.58
2019-11-15,,,,,,,,,1.84,1.61
2019-11-18,,,,,,,,,1.81,1.6
2019-11-19,,,,,,,,,1.79,1.6
2019-11-20,,,,,,,,,1.73,1.56
2019-11-21,,,,,,,,,1.77,1.6
2019-11-22,,,,,,,,,1.77,1.61
2019-11-25,,,,,,,,,1.76,1.61
2019-11-26,,,,,,,,,1.74,1.58
2019-11-27,,,,,,,,,1.77,1.63
2019-11-28,,,,,,,,,,
2019-11-29,,,,,,,,,1.78,1.61
2019-12-01,258.63,3.6,,101.9421,1.55,18594.0,515866.0,1548.0,,
2019-12-02,,,,,,,,,1.83,1.61
2019-12-03,,,,,,,,,1.72,1.53
2019-12-04,,,,,,,,,1.77,1.58
2019-12-05,,,,,,,,,1.8,1.58
2019-12-06,,,,,,,,,1.84,1.61
2019-12-09,,,,,,,,,1.83,1.63
2019-12-10,,,,,,,,,1.85,1.65
2019-12-11,,,,,,,,,1.79,1.61
2019-12-12,,,,,,,,,1.9,1.66
2019-12-13,,,,,,,,,1.82,1.61
2019-12-16,,,,,,,,,1.89,1.65
2019-12-17,,,,,,,,,1.89,1.63
2019-12-18,,,,,,,,,1.92,1.63
2019-12-19,,,,,,,,,1.92,1.62
2019-12-20,,,,,,,,,1.92,1.63
2019-12-23,,,,,,,,,1.93,1.64
2019-12-24,,,,,,,,,1.9,1.62
2019-12-25,,,,,,,,,,
2019-12-26,,,,,,,,,1.9,1.64
2019-12-27,,,,,,,,,1.88,1.59
2019-12-30,,,,,,,,,1.9,1.58
2019-12-31,,,,,,,,,1.92,1.58
2020-01-01,259.127,3.6,21751.238,101.3372,1.55,18808.1,515119.0,1581.0,,
2020-01-02,,,,,,,,,1.88,1.58
2020-01-03,,,,,,,,,1.8,1.53
2020-01-06,,,,,,,,,1.81,1.54
2020-01-07,,,,,,,,,1.83,1.54
2020-01-08,,,,,,,,,1.87,1.58
2020-01-09,,,,,,,,,1.85,1.58
2020-01-10,,,,,,,,,1.83,1.56
2020-01-13,,,,,,,,,1.85,1.58
2020-01-14,,,,,,,,,1.82,1.58
2020-01-15,,,,,,,,,1.79,1.56
2020-01-16,,,,,,,,,1.81,1.58
2020-01-17,,,,,,,,,1.84,1.58
2020-01-20,,,,,,,,,,
2020-01-21,,,,,,,,,1.78,1.53
2020-01-22,,,,,,,,,1.77,1.53
2020-01-23,,,,,,,,,1.74,1.51
2020-01-24,,,,,,,,,1.7,1.49
2020-01-27,,,,,,,,,1.61,1.44
2020-01-28,,,,,,,,,1.65,1.45
2020-01-29,,,,,,,,,1.6,1.42
2020-01-30,,,,,,,,,1.57,1.41
2020-01-31,,,,,,,,,1.51,1.33
2020-02-01,259.25,3.5,,101.6718,1.58,18904.6,515330.0,1549.0,,
2020-02-03,,,,,,,,,1.54,1.36
2020-02-04,,,,,,,,,1.61,1.41
2020-02-05,,,,,,,,,1.66,1.44
2020-02-06,,,,,,,,,1.65,1.44
2020-02-07,,,,,,,,,1.59,1.41
2020-02-10,,,,,,,,,1.56,1.37
2020-02-11,,,,,,,,,1.59,1.41
2020-02-12,,,,,,,,,1.62,1.44
2020-02-13,,,,,,,,,1.61,1.44
2020-02-14,,,,,,,,,1.59,1.42
2020-02-17,,,,,,,,,,
2020-02-18,,,,,,,,,1.55,1.41
2020-02-19,,,,,,,,,1.56,1.42
2020-02-20,,,,,,,,,1.52,1.39
2020-02-21,,,,,,,,,1.46,1.34
2020-02-24,,,,,,,,,1.38,1.26
2020-02-25,,,,,,,,,1.33,1.2
2020-02-26,,,,,,,,,1.33,1.16
2020-02-27,,,,,,,,,1.3,1.11
2020-02-28,,,,,,,,,1.13,0.86
2020-03-01,258.076,4.4,,97.606,0.65,18591.4,468324.0,1266.0,,
2020-03-02,,,,,,,,,1.1,0.84
2020-03-03,,,,,,,,,1.02,0.71
2020-03-04,,,,,,,,,1.02,0.67
2020-03-05,,,,,,,,,0.92,0.59
2020-03-06,,,,,,,,,0.74,0.49
2020-03-09,,,,,,,,,0.54,0.38
2020-03-10,,,,,,,,,0.76,0.5
2020-03-11,,,,,,,,,0.82,0.5
2020-03-12,,,,,,,,,0.88,0.5
2020-03-13,,,,,,,,,0.94,0.49
2020-03-16,,,,,,,,,0.73,0.36
2020-03-17,,,,,,,,,1.02,0.47
2020-03-18,,,,,,,,,1.18,0.54
2020-03-19,,,,,,,,,1.12,0.44
2020-03-20,,,,,,,,,0.92,0.37
2020-03-23,,,,,,,,,0.76,0.28
2020-03-24,,,,,,,,,0.84,0.38
2020-03-25,,,,,,,,,0.88,0.34
2020-03-26,,,,,,,,,0.83,0.3
2020-03-27,,,,,,,,,0.72,0.25
2020-03-30,,,,,,,,,0.7,0.23
2020-03-31,,,,,,,,,0.7,0.23
2020-04-01,256.032,14.8,19958.291,84.6812,0.05,20752.1,401028.0,936.0,0.62,0.23
2020-04-02,,,,,,,,,0.63,0.23
2020-04-03,,,,,,,,,0.62,0.23
2020-04-06,,,,,,,,,0.67,0.27
2020-04-07,,,,,,,,,0.75,0.28
2020-04-08,,,,,,,,,0.77,0.27
2020-04-09,,,,,,,,,0.73,0.23
2020-04-10,,,,,,,,,,
2020-04-13,,,,,,,,,0.76,0.25
2020-04-14,,,,,,,,,0.76,0.23
2020-04-15,,,,,,,,,0.63,0.2
2020-04-16,,,,,,,,,0.61,0.2
2020-04-17,,,,,,,,,0.65,0.2
2020-04-20,,,,,,,,,0.63,0.2
2020-04-21,,,,,,,,,0.58,0.2
2020-04-22,,,,,,,,,0.63,0.22
2020-04-23,,,,,,,,,0.61,0.22
2020-04-24,,,,,,,,,0.6,0.22
2020-04-27,,,,,,,,,0.67,0.24
2020-04-28,,,,,,,,,0.62,0.2
2020-04-29,,,,,,,,,0.63,0.2
2020-04-30,,,,,,,,,0.64,0.2
2020-05-01,255.802,13.2,,86.0108,0.05,19893.3,478449.0,1039.0,0.64,0.2
2020-05-04,,,,,,,,,0.64,0.19
2020-05-05,,,,,,,,,0.66,0.19
2020-05-06,,,,,,,,,0.72,0.17
2020-05-07,,,,,,,,,0.63,0.13
2020-05-08,,,,,,,,,0.69,0.16
2020-05-11,,,,,,,,,0.73,0.17
2020-05-12,,,,,,,,,0.69,0.17
2020-05-13,,,,,,,,,0.64,0.16
2020-05-14,,,,,,,,,0.63,0.16
2020-05-15,,,,,,,,,0.64,0.16
2020-05-18,,,,,,,,,0.73,0.18
2020-05-19,,,,,,,,,0.7,0.17
2020-05-20,,,,,,,,,0.68,0.16
2020-05-21,,,,,,,,,0.68,0.17
2020-05-22,,,,,,,,,0.66,0.17
2020-05-25,,,,,,,,,,
2020-05-26,,,,,,,,,0.69,0.18
2020-05-27,,,,,,,,,0.68,0.19
2020-05-28,,,,,,,,,0.7,0.17
2020-05-29,,,,,,,,,0.65,0.16
2020-06-01,257.042,11.0,,91.6745,0.08,19949.4,518038.0,1266.0,0.66,0.14
2020-06-02,,,,,,,,,0.68,0.17
2020-06-03,,,,,,,,,0.77,0.19
2020-06-04,,,,,,,,,0.82,0.19
2020-06-05,,,,,,,,,0.91,0.22
2020-06-08,,,,,,,,,0.88,0.22
2020-06-09,,,,,,,,,0.84,0.2
2020-06-10,,,,,,,,,0.75,0.17
2020-06-11,,,,,,,,,0.66,0.19
2020-06-12,,,,,,,,,0.71,0.19
2020-06-15,,,,,,,,,0.71,0.19
2020-06-16,,,,,,,,,0.75,0.21
2020-06-17,,,,,,,,,0.74,0.19
2020-06-18,,,,,,,,,0.71,0.19
2020-06-19,,,,,,,,,0.7,0.19
2020-06-22,,,,,,,,,0.71,0.19
2020-06-23,,,,,,,,,0.72,0.18
2020-06-24,,,,,,,,,0.69,0.19
2020-06-25,,,,,,,,,0.68,0.17
2020-06-26,,,,,,,,,0.64,0.17
2020-06-29,,,,,,,,,0.64,0.16
2020-06-30,,,,,,,,,0.66,0.16
2020-07-01,258.352,10.2,21704.437,95.0037,0.09,20199.6,526304.0,1526.0,0.69,0.17
2020-07-02,,,,,,,,,0.68,0.16
2020-07-03,,,,,,,,,,
2020-07-06,,,,,,,,,0.69,0.16
2020-07-07,,,,,,,,,0.65,0.16
2020-07-08,,,,,,,,,0.67,0.16
2020-07-09,,,,,,,,,0.62,0.16
2020-07-10,,,,,,,,,0.65,0.16
2020-07-13,,,,,,,,,0.64,0.16
2020-07-14,,,,,,,,,0.63,0.14
2020-07-15,,,,,,,,,0.64,0.16
2020-07-16,,,,,,,,,0.62,0.16
2020-07-17,,,,,,,,,0.64,0.14
2020-07-20,,,,,,,,,0.62,0.16
2020-07-21,,,,,,,,,0.61,0.14
2020-07-22,,,,,,,,,0.6,0.14
2020-07-23,,,,,,,,,0.59,0.16
2020-07-24,,,,,,,,,0.59,0.14
2020-07-27,,,,,,,,,0.62,0.15
2020-07-28,,,,,,,,,0.59,0.14
2020-07-29,,,,,,,,,0.58,0.12
2020-07-30,,,,,,,,,0.55,0.11
2020-07-31,,,,,,,,,0.55,0.11
2020-08-01,259.316,8.4,,95.9294,0.1,19597.4,530735.0,1396.0,,
2020-08-03,,,,,,,,,0.56,0.11
2020-08-04,,,,,,,,,0.52,0.11
2020-08-05,,,,,,,,,0.55,0.11
2020-08-06,,,,,,,,,0.55,0.11
2020-08-07,,,,,,,,,0.57,0.13
2020-08-10,,,,,,,,,0.59,0.14
2020-08-11,,,,,,,,,0.64,0.16
2020-08-12,,,,,,,,,0.69,0.16
2020-08-13,,,,,,,,,0.71,0.16
2020-08-14,,,,,,,,,0.71,0.14
2020-08-17,,,,,,,,,0.69,0.14
2020-08-18,,,,,,,,,0.67,0.14
2020-08-19,,,,,,,,,0.68,0.14
2020-08-20,,,,,,,,,0.65,0.13
2020-08-21,,,,,,,,,0.64,0.16
2020-08-24,,,,,,,,,0.65,0.14
2020-08-25,,,,,,,,,0.69,0.15
2020-08-26,,,,,,,,,0.69,0.16
2020-08-27,,,,,,,,,0.74,0.16
2020-08-28,,,,,,,,,0.74,0.14
2020-08-31,,,,,,,,,0.72,0.14
2020-09-01,259.997,7.8,,95.8914,0.09,19758.2,541302.0,1473.0,0.68,0.13
2020-09-02,,,,,,,,,0.66,0.14
2020-09-03,,,,,,,,,0.63,0.13
2020-09-04,,,,,,,,,0.72,0.14
2020-09-07,,,,,,,,,,
2020-09-08,,,,,,,,,0.69,0.14
2020-09-09,,,,,,,,,0.71,0.14
2020-09-10,,,,,,,,,0.68,0.14
2020-09-11,,,,,,,,,0.67,0.13
2020-09-14,,,,,,,,,0.68,0.14
2020-09-15,,,,,,,,,0.68,0.14
2020-09-16,,,,,,,,,0.69,0.14
2020-09-17,,,,,,,,,0.69,0.13
2020-09-18,,,,,,,,,0.7,0.14
2020-09-21,,,,,,,,,0.68,0.14
2020-09-22,,,,,,,,,0.68,0.13
2020-09-23,,,,,,,,,0.68,0.14
2020-09-24,,,,,,,,,0.67,0.14
2020-09-25,,,,,,,,,0.66,0.12
2020-09-28,,,,,,,,,0.67,0.14
2020-09-29,,,,,,,,,0.66,0.11
2020-09-30,,,,,,,,,0.69,0.13
2020-10-01,260.319,6.9,22087.16,96.5256,0.09,19763.6,539114.0,1543.0,0.68,0.14
2020-10-02,,,,,,,,,0.7,0.13
2020-10-05,,,,,,,,,0.78,0.14
2020-10-06,,,,,,,,,0.76,0.14
2020-10-07,,,,,,,,,0.81,0.16
2020-10-08,,,,,,,,,0.78,0.13
2020-10-09,,,,,,,,,0.79,0.16
2020-10-12,,,,,,,,,,
2020-10-13,,,,,,,,,0.74,0.16
2020-10-14,,,,,,,,,0.73,0.14
2020-10-15,,,,,,,,,0.74,0.14
2020-10-16,,,,,,,,,0.76,0.14
2020-10-19,,,,,,,,,0.78,0.16
2020-10-20,,,,,,,,,0.81,0.14
2020-10-21,,,,,,,,,0.83,0.14
2020-10-22,,,,,,,,,0.87,0.16
2020-10-23,,,,,,,,,0.85,0.18
2020-10-26,,,,,,,,,0.81,0.16
2020-10-27,,,,,,,,,0.79,0.16
2020-10-28,,,,,,,,,0.79,0.16
2020-10-29,,,,,,,,,0.85,0.16
2020-10-30,,,,,,,,,0.88,0.14
2020-11-01,260.911,6.7,,96.9529,0.09,19620.7,533941.0,1543.0,,
2020-11-02,,,,,,,,,0.87,0.16
2020-11-03,,,,,,,,,0.9,0.17
2020-11-04,,,,,,,,,0.78,0.14
2020-11-05,,,,,,,,,0.79,0.14
2020-11-06,,,,,,,,,0.83,0.16
2020-11-09,,,,,,,,,0.96,0.17
2020-11-10,,,,,,,,,0.98,0.19
2020-11-11,,,,,,,,,,
2020-11-12,,,,,,,,,0.88,0.17
2020-11-13,,,,,,,,,0.89,0.17
2020-11-16,,,,,,,,,0.91,0.19
2020-11-17,,,,,,,,,0.87,0.18
2020-11-18,,,,,,,,,0.88,0.16
2020-11-19,,,,,,,,,0.86,0.18
2020-11-20,,,,,,,,,0.83,0.16
2020-11-23,,,,,,,,,0.86,0.16
2020-11-24,,,,,,,,,0.88,0.16
2020-11-25,,,,,,,,,0.88,0.17
2020-11-26,,,,,,,,,,
2020-11-27,,,,,,,,,0.84,0.16
2020-11-30,,,,,,,,,0.84,0.16
2020-12-01,262.045,6.7,,98.2039,0.09,19741.5,538548.0,1614.0,0.92,0.17
2020-12-02,,,,,,,,,0.95,0.16
2020-12-03,,,,,,,,,0.92,0.16
2020-12-04,,,,,,,,,0.97,0.16
2020-12-07,,,,,,,,,0.94,0.14
2020-12-08,,,,,,,,,0.92,0.14
2020-12-09,,,,,,,,,0.95,0.16
2020-12-10,,,,,,,,,0.92,0.14
2020-12-11,,,,,,,,,0.9,0.11
2020-12-14,,,,,,,,,0.9,0.13
2020-12-15,,,,,,,,,0.92,0.11
2020-12-16,,,,,,,,,0.92,0.13
2020-12-17,,,,,,,,,0.94,0.13
2020-12-18,,,,,,,,,0.95,0.13
2020-12-21,,,,,,,,,0.95,0.13
2020-12-22,,,,,,,,,0.93,0.13
2020-12-23,,,,,,,,,0.96,0.13
2020-12-24,,,,,,,,,0.94,0.13
2020-12-25,,,,,,,,,,
2020-12-28,,,,,,,,,0.94,0.13
2020-12-29,,,,,,,,,0.94,0.12
2020-12-30,,,,,,,,,0.93,0.12
2020-12-31,,,,,,,,,0.93,0.13
2021-01-01,262.639,6.4,22680.693,98.8135,0.09,21826.1,559230.0,1630.0,,
2021-01-04,,,,,,,,,0.93,0.11
2021-01-05,,,,,,,,,0.96,0.13
2021-01-06,,,,,,,,,1.04,0.14
2021-01-07,,,,,,,,,1.08,0.14
2021-01-08,,,,,,,,,1.13,0.14
2021-01-11,,,,,,,,,1.15,0.14
2021-01-12,,,,,,,,,1.15,0.14
2021-01-13,,,,,,,,,1.1,0.14
2021-01-14,,,,,,,,,1.15,0.16
2021-01-15,,,,,,,,,1.11,0.13
2021-01-18,,,,,,,,,,
2021-01-19,,,,,,,,,1.1,0.14
2021-01-20,,,,,,,,,1.1,0.13
2021-01-21,,,,,,,,,1.12,0.13
2021-01-22,,,,,,,,,1.1,0.13
2021-01-25,,,,,,,,,1.05,0.13
2021-01-26,,,,,,,,,1.05,0.11
2021-01-27,,,,,,,,,1.04,0.12
2021-01-28,,,,,,,,,1.07,0.12
2021-01-29,,,,,,,,,1.11,0.11
2021-02-01,263.573,6.2,,95.5072,0.08,20313.1,544891.0,1404.0,1.09,0.11
2021-02-02,,,,,,,,,1.12,0.11
2021-02-03,,,,,,,,,1.15,0.11
2021-02-04,,,,,,,,,1.15,0.11
2021-02-05,,,,,,,,,1.19,0.09
2021-02-08,,,,,,,,,1.19,0.11
2021-02-09,,,,,,,,,1.18,0.11
2021-02-10,,,,,,,,,1.15,0.11
2021-02-11,,,,,,,,,1.16,0.11
2021-02-12,,,,,,,,,1.2,0.11
2021-02-15,,,,,,,,,,
2021-02-16,,,,,,,,,1.3,0.13
2021-02-17,,,,,,,,,1.29,0.11
2021-02-18,,,,,,,,,1.29,0.11
2021-02-19,,,,,,,,,1.34,0.11
2021-02-22,,,,,,,,,1.37,0.11
2021-02-23,,,,,,,,,1.37,0.11
2021-02-24,,,,,,,,,1.38,0.12
2021-02-25,,,,,,,,,1.54,0.17
2021-02-26,,,,,,,,,1.44,0.14
2021-03-01,264.847,6.1,,98.1929,0.07,24535.1,603581.0,1696.0,1.45,0.13
2021-03-02,,,,,,,,,1.42,0.13
2021-03-03,,,,,,,,,1.47,0.14
2021-03-04,,,,,,,,,1.54,0.14
2021-03-05,,,,,,,,,1.56,0.14
2021-03-08,,,,,,,,,1.59,0.17
2021-03-09,,,,,,,,,1.55,0.17
2021-03-10,,,,,,,,,1.53,0.16
2021-03-11,,,,,,,,,1.54,0.14
2021-03-12,,,,,,,,,1.64,0.14
2021-03-15,,,,,,,,,1.62,0.14
2021-03-16,,,,,,,,,1.62,0.15
2021-03-17,,,,,,,,,1.63,0.13
2021-03-18,,,,,,,,,1.71,0.16
2021-03-19,,,,,,,,,1.74,0.16
2021-03-22,,,,,,,,,1.69,0.15
2021-03-23,,,,,,,,,1.63,0.15
2021-03-24,,,,,,,,,1.62,0.14
2021-03-25,,,,,,,,,1.63,0.14
2021-03-26,,,,,,,,,1.67,0.14
2021-03-29,,,,,,,,,1.73,0.14
2021-03-30,,,,,,,,,1.73,0.16
2021-03-31,,,,,,,,,1.74,0.16
2021-04-01,266.625,6.1,23425.91,98.3317,0.07,21372.5,608961.0,1495.0,1.69,0.17
2021-04-02,,,,,,,,,1.72,0.19
2021-04-05,,,,,,,,,1.73,0.17
2021-04-06,,,,,,,,,1.67,0.16
2021-04-07,,,,,,,,,1.68,0.16
2021-04-08,,,,,,,,,1.64,0.14
2021-04-09,,,,,,,,,1.67,0.16
2021-04-12,,,,,,,,,1.69,0.18
2021-04-13,,,,,,,,,1.64,0.16
2021-04-14,,,,,,,,,1.64,0.16
2021-04-15,,,,,,,,,1.56,0.16
2021-04-16,,,,,,,,,1.59,0.16
2021-04-19,,,,,,,,,1.61,0.16
2021-04-20,,,,,,,,,1.58,0.15
2021-04-21,,,,,,,,,1.57,0.15
2021-04-22,,,,,,,,,1.57,0.16
2021-04-23,,,,,,,,,1.58,0.16
2021-04-26,,,,,,,,,1.58,0.18
2021-04-27,,,,,,,,,1.63,0.17
2021-04-28,,,,,,,,,1.63,0.17
2021-04-29,,,,,,,,,1.65,0.16
2021-04-30,,,,,,,,,1.65,0.16
2021-05-01,268.404,5.8,,99.1867,0.06,20970.3,605282.0,1589.0,,
2021-05-03,,,,,,,,,1.63,0.16
2021-05-04,,,,,,,,,1.61,0.16
2021-05-05,,,,,,,,,1.59,0.16
2021-05-06,,,,,,,,,1.58,0.16
2021-05-07,,,,,,,,,1.6,0.14
2021-05-10,,,,,,,,,1.63,0.16
2021-05-11,,,,,,,,,1.64,0.16
2021-05-12,,,,,,,,,1.69,0.16
2021-05-13,,,,,,,,,1.66,0.16
2021-05-14,,,,,,,,,1.63,0.16
2021-05-17,,,,,,,,,1.64,0.16
2021-05-18,,,,,,,,,1.64,0.16
2021-05-19,,,,,,,,,1.68,0.16
2021-05-20,,,,,,,,,1.63,0.15
2021-05-21,,,,,,,,,1.63,0.17
2021-05-24,,,,,,,,,1.61,0.15
2021-05-25,,,,,,,,,1.56,0.15
2021-05-26,,,,,,,,,1.58,0.14
2021-05-27,,,,,,,,,1.61,0.14
2021-05-28,,,,,,,,,1.58,0.14
2021-05-31,,,,,,,,,,
2021-06-01,270.71,5.9,,99.6483,0.08,21008.4,611950.0,1650.0,1.62,0.16
2021-06-02,,,,,,,,,1.59,0.13
2021-06-03,,,,,,,,,1.63,0.16
2021-06-04,,,,,,,,,1.56,0.14
2021-06-07,,,,,,,,,1.57,0.16
2021-06-08,,,,,,,,,1.53,0.14
2021-06-09,,,,,,,,,1.5,0.16
2021-06-10,,,,,,,,,1.45,0.14
2021-06-11,,,,,,,,,1.47,0.16
2021-06-14,,,,,,,,,1.51,0.16
2021-06-15,,,,,,,,,1.51,0.16
2021-06-16,,,,,,,,,1.57,0.21
2021-06-17,,,,,,,,,1.52,0.23
2021-06-18,,,,,,,,,1.45,0.26
2021-06-21,,,,,,,,,1.5,0.27
2021-06-22,,,,,,,,,1.48,0.25
2021-06-23,,,,,,,,,1.5,0.26
2021-06-24,,,,,,,,,1.49,0.26
2021-06-25,,,,,,,,,1.54,0.28
2021-06-28,,,,,,,,,1.49,0.25
2021-06-29,,,,,,,,,1.49,0.27
2021-06-30,,,,,,,,,1.45,0.25
2021-07-01,271.965,5.4,23982.379,100.0668,0.1,21234.4,601817.0,1597.0,1.48,0.25
2021-07-02,,,,,,,,,1.44,0.24
2021-07-05,,,,,,,,,,
2021-07-06,,,,,,,,,1.37,0.22
2021-07-07,,,,,,,,,1.33,0.22
2021-07-08,,,,,,,,,1.3,0.19
2021-07-09,,,,,,,,,1.37,0.23
2021-07-12,,,,,,,,,1.38,0.23
2021-07-13,,,,,,,,,1.42,0.26
2021-07-14,,,,,,,,,1.37,0.23
2021-07-15,,,,,,,,,1.31,0.23
2021-07-16,,,,,,,,,1.31,0.25
2021-07-19,,,,,,,,,1.19,0.21
2021-07-20,,,,,,,,,1.23,0.2
2021-07-21,,,,,,,,,1.3,0.22
2021-07-22,,,,,,,,,1.27,0.2
2021-07-23,,,,,,,,,1.3,0.22
2021-07-26,,,,,,,,,1.29,0.22
2021-07-27,,,,,,,,,1.25,0.2
2021-07-28,,,,,,,,,1.26,0.2
2021-07-29,,,,,,,,,1.28,0.2
2021-07-30,,,,,,,,,1.24,0.19
2021-08-01,272.752,5.1,,100.0412,0.09,21285.2,605533.0,1594.0,,
2021-08-02,,,,,,,,,1.2,0.17
2021-08-03,,,,,,,,,1.19,0.17
2021-08-04,,,,,,,,,1.19,0.17
2021-08-05,,,,,,,,,1.23,0.21
2021-08-06,,,,,,,,,1.31,0.21
2021-08-09,,,,,,,,,1.33,0.23
2021-08-10,,,,,,,,,1.36,0.24
2021-08-11,,,,,,,,,1.35,0.23
2021-08-12,,,,,,,,,1.36,0.23
2021-08-13,,,,,,,,,1.29,0.23
2021-08-16,,,,,,,,,1.26,0.21
2021-08-17,,,,,,,,,1.26,0.23
2021-08-18,,,,,,,,,1.27,0.23
2021-08-19,,,,,,,,,1.24,0.22
2021-08-20,,,,,,,,,1.26,0.23
2021-08-23,,,,,,,,,1.25,0.23
2021-08-24,,,,,,,,,1.29,0.24
2021-08-25,,,,,,,,,1.35,0.23
2021-08-26,,,,,,,,,1.34,0.25
2021-08-27,,,,,,,,,1.31,0.22
2021-08-30,,,,,,,,,1.29,0.2
2021-08-31,,,,,,,,,1.3,0.2
2021-09-01,273.942,4.7,,98.9955,0.08,21164.2,609671.0,1577.0,1.31,0.2
2021-09-02,,,,,,,,,1.29,0.2
2021-09-03,,,,,,,,,1.33,0.21
2021-09-06,,,,,,,,,,
2021-09-07,,,,,,,,,1.38,0.22
2021-09-08,,,,,,,,,1.35,0.22
2021-09-09,,,,,,,,,1.3,0.23
2021-09-10,,,,,,,,,1.35,0.23
2021-09-13,,,,,,,,,1.33,0.21
2021-09-14,,,,,,,,,1.28,0.21
2021-09-15,,,,,,,,,1.31,0.21
2021-09-16,,,,,,,,,1.34,0.23
2021-09-17,,,,,,,,,1.37,0.23
2021-09-20,,,,,,,,,1.31,0.23
2021-09-21,,,,,,,,,1.33,0.22
2021-09-22,,,,,,,,,1.32,0.25
2021-09-23,,,,,,,,,1.41,0.27
2021-09-24,,,,,,,,,1.47,0.29
2021-09-27,,,,,,,,,1.48,0.31
2021-09-28,,,,,,,,,1.54,0.31
2021-09-29,,,,,,,,,1.55,0.3
2021-09-30,,,,,,,,,1.52,0.28
2021-10-01,276.528,4.5,24813.6,100.3542,0.08,21330.9,618573.0,1579.0,1.48,0.27
2021-10-04,,,,,,,,,1.49,0.27
2021-10-05,,,,,,,,,1.54,0.28
2021-10-06,,,,,,,,,1.53,0.3
2021-10-07,,,,,,,,,1.58,0.32
2021-10-08,,,,,,,,,1.61,0.32
2021-10-11,,,,,,,,,,
2021-10-12,,,,,,,,,1.59,0.35
2021-10-13,,,,,,,,,1.56,0.37
2021-10-14,,,,,,,,,1.52,0.36
2021-10-15,,,,,,,,,1.59,0.41
2021-10-18,,,,,,,,,1.59,0.44
2021-10-19,,,,,,,,,1.65,0.41
2021-10-20,,,,,,,,,1.65,0.4
2021-10-21,,,,,,,,,1.68,0.45
2021-10-22,,,,,,,,,1.66,0.48
2021-10-25,,,,,,,,,1.64,0.47
2021-10-26,,,,,,,,,1.63,0.47
2021-10-27,,,,,,,,,1.54,0.5
2021-10-28,,,,,,,,,1.57,0.5
2021-10-29,,,,,,,,,1.55,0.48
2021-11-01,278.824,4.2,,101.2684,0.08,21439.1,624874.0,1705.0,1.58,0.5
2021-11-02,,,,,,,,,1.56,0.46
2021-11-03,,,,,,,,,1.6,0.47
2021-11-04,,,,,,,,,1.53,0.41
2021-11-05,,,,,,,,,1.45,0.39
2021-11-08,,,,,,,,,1.51,0.45
2021-11-09,,,,,,,,,1.46,0.41
2021-11-10,,,,,,,,,1.56,0.51
2021-11-11,,,,,,,,,,
2021-11-12,,,,,,,,,1.58,0.53
2021-11-15,,,,,,,,,1.63,0.53
2021-11-16,,,,,,,,,1.63,0.54
2021-11-17,,,,,,,,,1.6,0.52
2021-11-18,,,,,,,,,1.59,0.52
2021-11-19,,,,,,,,,1.54,0.52
2021-11-22,,,,,,,,,1.63,0.63
2021-11-23,,,,,,,,,1.67,0.6
2021-11-24,,,,,,,,,1.64,0.64
2021-11-25,,,,,,,,,,
2021-11-26,,,,,,,,,1.48,0.5
2021-11-29,,,,,,,,,1.52,0.51
2021-11-30,,,,,,,,,1.43,0.52
2021-12-01,280.806,3.9,,101.1948,0.08,21507.6,619938.0,1722.0,1.43,0.56
2021-12-02,,,,,,,,,1.44,0.63
2021-12-03,,,,,,,,,1.35,0.6
2021-12-06,,,,,,,,,1.43,0.65
2021-12-07,,,,,,,,,1.48,0.7
2021-12-08,,,,,,,,,1.52,0.68
2021-12-09,,,,,,,,,1.49,0.7
2021-12-10,,,,,,,,,1.48,0.67
2021-12-13,,,,,,,,,1.42,0.66
2021-12-14,,,,,,,,,1.44,0.67
2021-12-15,,,,,,,,,1.47,0.69
2021-12-16,,,,,,,,,1.44,0.64
2021-12-17,,,,,,,,,1.41,0.66
2021-12-20,,,,,,,,,1.43,0.65
2021-12-21,,,,,,,,,1.48,0.7
2021-12-22,,,,,,,,,1.46,0.68
2021-12-23,,,,,,,,,1.5,0.71
2021-12-24,,,,,,,,,,
2021-12-27,,,,,,,,,1.48,0.76
2021-12-28,,,,,,,,,1.49,0.74
2021-12-29,,,,,,,,,1.55,0.75
2021-12-30,,,,,,,,,1.52,0.73
2021-12-31,,,,,,,,,1.52,0.73
2022-01-01,282.542,4.0,25250.347,101.2146,0.08,21503.8,631509.0,1702.0,,
2022-01-03,,,,,,,,,1.63,0.78
2022-01-04,,,,,,,,,1.66,0.77
2022-01-05,,,,,,,,,1.71,0.83
2022-01-06,,,,,,,,,1.73,0.88
2022-01-07,,,,,,,,,1.76,0.87
2022-01-10,,,,,,,,,1.78,0.92
2022-01-11,,,,,,,,,1.75,0.9
2022-01-12,,,,,,,,,1.74,0.92
2022-01-13,,,,,,,,,1.7,0.91
2022-01-14,,,,,,,,,1.78,0.99
2022-01-17,,,,,,,,,,
2022-01-18,,,,,,,,,1.87,1.06
2022-01-19,,,,,,,,,1.83,1.04
2022-01-20,,,,,,,,,1.83,1.08
2022-01-21,,,,,,,,,1.75,1.01
2022-01-24,,,,,,,,,1.75,0.99
2022-01-25,,,,,,,,,1.78,1.02
2022-01-26,,,,,,,,,1.85,1.13
2022-01-27,,,,,,,,,1.81,1.18
2022-01-28,,,,,,,,,1.78,1.15
2022-01-31,,,,,,,,,1.79,1.18
2022-02-01,284.525,3.8,,101.8458,0.08,21649.2,638101.0,1735.0,1.81,1.18
2022-02-02,,,,,,,,,1.78,1.16
2022-02-03,,,,,,,,,1.82,1.19
2022-02-04,,,,,,,,,1.93,1.31
2022-02-07,,,,,,,,,1.92,1.3
2022-02-08,,,,,,,,,1.96,1.35
2022-02-09,,,,,,,,,1.94,1.36
2022-02-10,,,,,,,,,2.03,1.61
2022-02-11,,,,,,,,,1.92,1.5
2022-02-14,,,,,,,,,1.98,1.58
2022-02-15,,,,,,,,,2.05,1.58
2022-02-16,,,,,,,,,2.03,1.52
2022-02-17,,,,,,,,,1.97,1.49
2022-02-18,,,,,,,,,1.92,1.47
2022-02-21,,,,,,,,,,
2022-02-22,,,,,,,,,1.94,1.56
2022-02-23,,,,,,,,,1.99,1.58
2022-02-24,,,,,,,,,1.96,1.54
2022-02-25,,,,,,,,,1.97,1.55
2022-02-28,,,,,,,,,1.83,1.44
2022-03-01,287.467,3.7,,102.6732,0.2,21747.5,651027.0,1712.0,1.72,1.31
2022-03-02,,,,,,,,,1.86,1.5
2022-03-03,,,,,,,,,1.86,1.53
2022-03-04,,,,,,,,,1.74,1.5
2022-03-07,,,,,,,,,1.78,1.55
2022-03-08,,,,,,,,,1.86,1.63
2022-03-09,,,,,,,,,1.94,1.68
2022-03-10,,,,,,,,,1.98,1.72
2022-03-11,,,,,,,,,2.0,1.75
2022-03-14,,,,,,,,,2.14,1.87
2022-03-15,,,,,,,,,2.15,1.85
2022-03-16,,,,,,,,,2.19,1.95
2022-03-17,,,,,,,,,2.2,1.94
2022-03-18,,,,,,,,,2.14,1.97
2022-03-21,,,,,,,,,2.32,2.14
2022-03-22,,,,,,,,,2.38,2.18
2022-03-23,,,,,,,,,2.32,2.13
2022-03-24,,,,,,,,,2.34,2.13
2022-03-25,,,,,,,,,2.48,2.3
2022-03-28,,,,,,,,,2.46,2.35
2022-03-29,,,,,,,,,2.41,2.35
2022-03-30,,,,,,,,,2.35,2.31
2022-03-31,,,,,,,,,2.32,2.28
2022-04-01,288.582,3.7,25861.292,102.9024,0.33,21821.7,660194.0,1820.0,2.39,2.44
2022-04-04,,,,,,,,,2.42,2.43
2022-04-05,,,,,,,,,2.54,2.51
2022-04-06,,,,,,,,,2.61,2.5
2022-04-07,,,,,,,,,2.66,2.47
2022-04-08,,,,,,,,,2.72,2.53
2022-04-11,,,,,,,,,2.79,2.5
2022-04-12,,,,,,,,,2.72,2.39
2022-04-13,,,,,,,,,2.7,2.37
2022-04-14,,,,,,,,,2.83,2.47
2022-04-15,,,,,,,,,,
2022-04-18,,,,,,,,,2.85,2.46
2022-04-19,,,,,,,,,2.93,2.61
2022-04-20,,,,,,,,,2.85,2.6
2022-04-21,,,,,,,,,2.9,2.68
2022-04-22,,,,,,,,,2.9,2.72
2022-04-25,,,,,,,,,2.81,2.63
2022-04-26,,,,,,,,,2.77,2.54
2022-04-27,,,,,,,,,2.82,2.58
2022-04-28,,,,,,,,,2.85,2.63
2022-04-29,,,,,,,,,2.89,2.7
2022-05-01,291.299,3.6,,102.9659,0.77,21907.2,659847.0,1531.0,,
2022-05-02,,,,,,,,,2.99,2.73
2022-05-03,,,,,,,,,2.97,2.78
2022-05-04,,,,,,,,,2.93,2.66
2022-05-05,,,,,,,,,3.05,2.71
2022-05-06,,,,,,,,,3.12,2.72
2022-05-09,,,,,,,,,3.05,2.61
2022-05-10,,,,,,,,,2.99,2.62
2022-05-11,,,,,,,,,2.91,2.66
2022-05-12,,,,,,,,,2.84,2.56
2022-05-13,,,,,,,,,2.93,2.61
2022-05-16,,,,,,,,,2.88,2.58
2022-05-17,,,,,,,,,2.98,2.71
2022-05-18,,,,,,,,,2.89,2.68
2022-05-19,,,,,,,,,2.84,2.63
2022-05-20,,,,,,,,,2.78,2.6
2022-05-23,,,,,,,,,2.86,2.65
2022-05-24,,,,,,,,,2.76,2.5
2022-05-25,,,,,,,,,2.75,2.48
2022-05-26,,,,,,,,,2.75,2.46
2022-05-27,,,,,,,,,2.74,2.47
2022-05-30,,,,,,,,,,
2022-05-31,,,,,,,,,2.85,2.53
2022-06-01,295.072,3.6,,102.8224,1.21,22011.1,666113.0,1551.0,2.94,2.66
2022-06-02,,,,,,,,,2.92,2.65
2022-06-03,,,,,,,,,2.96,2.66
2022-06-06,,,,,,,,,3.04,2.73
2022-06-07,,,,,,,,,2.98,2.75
2022-06-08,,,,,,,,,3.03,2.78
2022-06-09,,,,,,,,,3.04,2.83
2022-06-10,,,,,,,,,3.15,3.06
2022-06-13,,,,,,,,,3.43,3.4
2022-06-14,,,,,,,,,3.49,3.45
2022-06-15,,,,,,,,,3.33,3.2
2022-06-16,,,,,,,,,3.28,3.14
2022-06-17,,,,,,,,,3.25,3.17
2022-06-20,,,,,,,,,,
2022-06-21,,,,,,,,,3.31,3.21
2022-06-22,,,,,,,,,3.16,3.06
2022-06-23,,,,,,,,,3.09,3.01
2022-06-24,,,,,,,,,3.13,3.04
2022-06-27,,,,,,,,,3.2,3.08
2022-06-28,,,,,,,,,3.2,3.1
2022-06-29,,,,,,,,,3.1,3.06
2022-06-30,,,,,,,,,2.98,2.92
2022-07-01,294.94,3.5,26336.304,103.0505,1.68,22218.4,659550.0,1381.0,2.88,2.84
2022-07-04,,,,,,,,,,
2022-07-05,,,,,,,,,2.82,2.82
2022-07-06,,,,,,,,,2.93,2.97
2022-07-07,,,,,,,,,3.01,3.03
2022-07-08,,,,,,,,,3.09,3.12
2022-07-11,,,,,,,,,2.99,3.07
2022-07-12,,,,,,,,,2.96,3.03
2022-07-13,,,,,,,,,2.91,3.13
2022-07-14,,,,,,,,,2.96,3.15
2022-07-15,,,,,,,,,2.93,3.13
2022-07-18,,,,,,,,,2.96,3.15
2022-07-19,,,,,,,,,3.01,3.23
2022-07-20,,,,,,,,,3.04,3.25
2022-07-21,,,,,,,,,2.91,3.1
2022-07-22,,,,,,,,,2.77,2.98
2022-07-25,,,,,,,,,2.81,3.0
2022-07-26,,,,,,,,,2.81,3.02
2022-07-27,,,,,,,,,2.78,2.96
2022-07-28,,,,,,,,,2.68,2.85
2022-07-29,,,,,,,,,2.67,2.89
2022-08-01,295.162,3.6,,103.1703,2.33,22357.1,663566.0,1531.0,2.6,2.9
2022-08-02,,,,,,,,,2.75,3.06
2022-08-03,,,,,,,,,2.73,3.1
2022-08-04,,,,,,,,,2.68,3.03
2022-08-05,,,,,,,,,2.83,3.24
2022-08-08,,,,,,,,,2.77,3.21
2022-08-09,,,,,,,,,2.8,3.28
2022-08-10,,,,,,,,,2.78,3.23
2022-08-11,,,,,,,,,2.87,3.23
2022-08-12,,,,,,,,,2.84,3.25
2022-08-15,,,,,,,,,2.79,3.2
2022-08-16,,,,,,,,,2.82,3.25
2022-08-17,,,,,,,,,2.89,3.28
2022-08-18,,,,,,,,,2.88,3.22
2022-08-19,,,,,,,,,2.98,3.25
2022-08-22,,,,,,,,,3.03,3.32
2022-08-23,,,,,,,,,3.05,3.29
2022-08-24,,,,,,,,,3.11,3.36
2022-08-25,,,,,,,,,3.03,3.35
2022-08-26,,,,,,,,,3.04,3.37
2022-08-29,,,,,,,,,3.12,3.42
2022-08-30,,,,,,,,,3.11,3.46
2022-08-31,,,,,,,,,3.15,3.45
2022-09-01,296.421,3.5,,103.5326,2.56,22487.0,661854.0,1488.0,3.26,3.51
2022-09-02,,,,,,,,,3.2,3.4
2022-09-05,,,,,,,,,,
2022-09-06,,,,,,,,,3.33,3.5
2022-09-07,,,,,,,,,3.27,3.45
2022-09-08,,,,,,,,,3.29,3.48
2022-09-09,,,,,,,,,3.33,3.56
2022-09-12,,,,,,,,,3.37,3.58
2022-09-13,,,,,,,,,3.42,3.75
2022-09-14,,,,,,,,,3.41,3.78
2022-09-15,,,,,,,,,3.45,3.87
2022-09-16,,,,,,,,,3.45,3.85
2022-09-19,,,,,,,,,3.49,3.95
2022-09-20,,,,,,,,,3.57,3.96
2022-09-21,,,,,,,,,3.51,4.02
2022-09-22,,,,,,,,,3.7,4.11
2022-09-23,,,,,,,,,3.69,4.2
2022-09-26,,,,,,,,,3.88,4.27
2022-09-27,,,,,,,,,3.97,4.3
2022-09-28,,,,,,,,,3.72,4.07
2022-09-29,,,,,,,,,3.76,4.16
2022-09-30,,,,,,,,,3.83,4.22
2022-10-01,297.979,3.6,26770.514,103.4442,3.08,22636.4,668671.0,1435.0,,
2022-10-03,,,,,,,,,3.67,4.12
2022-10-04,,,,,,,,,3.62,4.1
2022-10-05,,,,,,,,,3.76,4.15
2022-10-06,,,,,,,,,3.83,4.23
2022-10-07,,,,,,,,,3.89,4.3
2022-10-10,,,,,,,,,,
2022-10-11,,,,,,,,,3.93,4.3
2022-10-12,,,,,,,,,3.91,4.28
2022-10-13,,,,,,,,,3.97,4.47
2022-10-14,,,,,,,,,4.0,4.48
2022-10-17,,,,,,,,,4.02,4.45
2022-10-18,,,,,,,,,4.01,4.43
2022-10-19,,,,,,,,,4.14,4.55
2022-10-20,,,,,,,,,4.24,4.62
2022-10-21,,,,,,,,,4.21,4.49
2022-10-24,,,,,,,,,4.25,4.5
2022-10-25,,,,,,,,,4.1,4.42
2022-10-26,,,,,,,,,4.04,4.39
2022-10-27,,,,,,,,,3.96,4.3
2022-10-28,,,,,,,,,4.02,4.41
2022-10-31,,,,,,,,,4.1,4.51
2022-11-01,298.708,3.6,,103.1058,3.78,22705.7,659458.0,1424.0,4.07,4.54
2022-11-02,,,,,,,,,4.1,4.61
2022-11-03,,,,,,,,,4.14,4.71
2022-11-04,,,,,,,,,4.17,4.66
2022-11-07,,,,,,,,,4.22,4.72
2022-11-08,,,,,,,,,4.14,4.67
2022-11-09,,,,,,,,,4.12,4.61
2022-11-10,,,,,,,,,3.82,4.34
2022-11-11,,,,,,,,,,
2022-11-14,,,,,,,,,3.88,4.4
2022-11-15,,,,,,,,,3.8,4.37
2022-11-16,,,,,,,,,3.67,4.35
2022-11-17,,,,,,,,,3.77,4.43
2022-11-18,,,,,,,,,3.82,4.51
2022-11-21,,,,,,,,,3.83,4.48
2022-11-22,,,,,,,,,3.76,4.47
2022-11-23,,,,,,,,,3.71,4.46
2022-11-24,,,,,,,,,,
2022-11-25,,,,,,,,,3.68,4.42
2022-11-28,,,,,,,,,3.69,4.46
2022-11-29,,,,,,,,,3.75,4.48
2022-11-30,,,,,,,,,3.68,4.38
2022-12-01,298.808,3.5,,101.8266,4.1,22800.5,651763.0,1308.0,3.53,4.25
2022-12-02,,,,,,,,,3.51,4.28
2022-12-05,,,,,,,,,3.6,4.41
2022-12-06,,,,,,,,,3.51,4.34
2022-12-07,,,,,,,,,3.42,4.26
2022-12-08,,,,,,,,,3.48,4.31
2022-12-09,,,,,,,,,3.57,4.33
2022-12-12,,,,,,,,,3.61,4.39
2022-12-13,,,,,,,,,3.51,4.22
2022-12-14,,,,,,,,,3.49,4.23
2022-12-15,,,,,,,,,3.44,4.23
2022-12-16,,,,,,,,,3.48,4.17
2022-12-19,,,,,,,,,3.57,4.25
2022-12-20,,,,,,,,,3.69,4.25
2022-12-21,,,,,,,,,3.68,4.21
2022-12-22,,,,,,,,,3.67,4.24
2022-12-23,,,,,,,,,3.75,4.31
2022-12-26,,,,,,,,,,
2022-12-27,,,,,,,,,3.84,4.32
2022-12-28,,,,,,,,,3.88,4.31
2022-12-29,,,,,,,,,3.83,4.34
2022-12-30,,,,,,,,,3.88,4.41
2023-01-01,300.456,3.5,27216.445,102.7476,4.33,22965.0,680253.0,1361.0,,
2023-01-02,,,,,,,,,,
2023-01-03,,,,,,,,,3.79,4.4
2023-01-04,,,,,,,,,3.69,4.36
2023-01-05,,,,,,,,,3.71,4.45
2023-01-06,,,,,,,,,3.55,4.24
2023-01-09,,,,,,,,,3.53,4.19
2023-01-10,,,,,,,,,3.61,4.24
2023-01-11,,,,,,,,,3.54,4.2
2023-01-12,,,,,,,,,3.43,4.12
2023-01-13,,,,,,,,,3.49,4.22
2023-01-16,,,,,,,,,,
2023-01-17,,,,,,,,,3.53,4.18
2023-01-18,,,,,,,,,3.37,4.06
2023-01-19,,,,,,,,,3.39,4.09
2023-01-20,,,,,,,,,3.48,4.14
2023-01-23,,,,,,,,,3.52,4.21
2023-01-24,,,,,,,,,3.46,4.12
2023-01-25,,,,,,,,,3.46,4.11
2023-01-26,,,,,,,,,3.49,4.17
2023-01-27,,,,,,,,,3.52,4.19
2023-01-30,,,,,,,,,3.55,4.25
2023-01-31,,,,,,,,,3.52,4.21
2023-02-01,301.476,3.6,,102.8003,4.57,23113.0,672152.0,1399.0,3.39,4.09
2023-02-02,,,,,,,,,3.4,4.09
2023-02-03,,,,,,,,,3.53,4.3
2023-02-06,,,,,,,,,3.63,4.44
2023-02-07,,,,,,,,,3.67,4.47
2023-02-08,,,,,,,,,3.63,4.45
2023-02-09,,,,,,,,,3.67,4.48
2023-02-10,,,,,,,,,3.74,4.5
2023-02-13,,,,,,,,,3.72,4.52
2023-02-14,,,,,,,,,3.77,4.6
2023-02-15,,,,,,,,,3.81,4.62
2023-02-16,,,,,,,,,3.86,4.62
2023-02-17,,,,,,,,,3.82,4.6
2023-02-20,,,,,,,,,,
2023-02-21,,,,,,,,,3.95,4.67
2023-02-22,,,,,,,,,3.93,4.66
2023-02-23,,,,,,,,,3.88,4.66
2023-02-24,,,,,,,,,3.95,4.78
2023-02-27,,,,,,,,,3.92,4.78
2023-02-28,,,,,,,,,3.92,4.81
2023-03-01,301.643,3.5,,102.8143,4.65,23248.0,665071.0,1377.0,4.01,4.89
2023-03-02,,,,,,,,,4.08,4.89
2023-03-03,,,,,,,,,3.97,4.86
2023-03-06,,,,,,,,,3.98,4.89
2023-03-07,,,,,,,,,3.97,5.0
2023-03-08,,,,,,,,,3.98,5.05
2023-03-09,,,,,,,,,3.93,4.9
2023-03-10,,,,,,,,,3.7,4.6
2023-03-13,,,,,,,,,3.55,4.03
2023-03-14,,,,,,,,,3.64,4.2
2023-03-15,,,,,,,,,3.51,3.93
2023-03-16,,,,,,,,,3.56,4.14
2023-03-17,,,,,,,,,3.39,3.81
2023-03-20,,,,,,,,,3.47,3.92
2023-03-21,,,,,,,,,3.59,4.17
2023-03-22,,,,,,,,,3.48,3.96
2023-03-23,,,,,,,,,3.38,3.76
2023-03-24,,,,,,,,,3.38,3.76
2023-03-27,,,,,,,,,3.53,3.94
2023-03-28,,,,,,,,,3.55,4.02
2023-03-29,,,,,,,,,3.57,4.08
2023-03-30,,,,,,,,,3.55,4.1
2023-03-31,,,,,,,,,3.48,4.06
2023-04-01,302.858,3.4,27530.055,103.2241,4.83,23359.9,670494.0,1354.0,,
2023-04-03,,,,,,,,,3.43,3.97
2023-04-04,,,,,,,,,3.35,3.84
2023-04-05,,,,,,,,,3.3,3.79
2023-04-06,,,,,,,,,3.3,3.82
2023-04-07,,,,,,,,,3.39,3.97
2023-04-10,,,,,,,,,3.41,4.0
2023-04-11,,,,,,,,,3.43,4.03
2023-04-12,,,,,,,,,3.41,3.95
2023-04-13,,,,,,,,,3.45,3.96
2023-04-14,,,,,,,,,3.52,4.08
2023-04-17,,,,,,,,,3.6,4.18
2023-04-18,,,,,,,,,3.58,4.19
2023-04-19,,,,,,,,,3.6,4.24
2023-04-20,,,,,,,,,3.54,4.14
2023-04-21,,,,,,,,,3.57,4.17
2023-04-24,,,,,,,,,3.52,4.12
2023-04-25,,,,,,,,,3.4,3.86
2023-04-26,,,,,,,,,3.43,3.9
2023-04-27,,,,,,,,,3.53,4.07
2023-04-28,,,,,,,,,3.44,4.04
2023-05-01,303.316,3.6,,102.9809,5.06,23468.5,673902.0,1584.0,3.59,4.14
2023-05-02,,,,,,,,,3.44,3.97
2023-05-03,,,,,,,,,3.38,3.89
2023-05-04,,,,,,,,,3.37,3.75
2023-05-05,,,,,,,,,3.44,3.92
2023-05-08,,,,,,,,,3.52,4.0
2023-05-09,,,,,,,,,3.53,4.01
2023-05-10,,,,,,,,,3.43,3.9
2023-05-11,,,,,,,,,3.39,3.89
2023-05-12,,,,,,,,,3.46,3.98
2023-05-15,,,,,,,,,3.5,3.99
2023-05-16,,,,,,,,,3.54,4.06
2023-05-17,,,,,,,,,3.57,4.12
2023-05-18,,,,,,,,,3.65,4.24
2023-05-19,,,,,,,,,3.7,4.28
2023-05-22,,,,,,,,,3.72,4.29
2023-05-23,,,,,,,,,3.7,4.26
2023-05-24,,,,,,,,,3.73,4.31
2023-05-25,,,,,,,,,3.83,4.5
2023-05-26,,,,,,,,,3.8,4.54
2023-05-29,,,,,,,,,,
2023-05-30,,,,,,,,,3.69,4.46
2023-05-31,,,,,,,,,3.64,4.4
2023-06-01,304.099,3.6,,102.3809,5.08,23556.2,677117.0,1421.0,3.61,4.33
2023-06-02,,,,,,,,,3.69,4.5
2023-06-05,,,,,,,,,3.69,4.46
2023-06-06,,,,,,,,,3.7,4.51
2023-06-07,,,,,,,,,3.79,4.56
2023-06-08,,,,,,,,,3.73,4.52
2023-06-09,,,,,,,,,3.75,4.59
2023-06-12,,,,,,,,,3.73,4.55
2023-06-13,,,,,,,,,3.84,4.67
2023-06-14,,,,,,,,,3.83,4.74
2023-06-15,,,,,,,,,3.72,4.62
2023-06-16,,,,,,,,,3.77,4.7
2023-06-19,,,,,,,,,,
2023-06-20,,,,,,,,,3.74,4.68
2023-06-21,,,,,,,,,3.72,4.68
2023-06-22,,,,,,,,,3.8,4.77
2023-06-23,,,,,,,,,3.74,4.71
2023-06-26,,,,,,,,,3.72,4.65
2023-06-27,,,,,,,,,3.77,4.74
2023-06-28,,,,,,,,,3.71,4.71
2023-06-29,,,,,,,,,3.85,4.87
2023-06-30,,,,,,,,,3.81,4.87
2023-07-01,304.615,3.5,28074.846,103.0722,5.12,23635.2,678424.0,1460.0,,
2023-07-03,,,,,,,,,3.86,4.94
2023-07-04,,,,,,,,,,
2023-07-05,,,,,,,,,3.95,4.94
2023-07-06,,,,,,,,,4.05,4.99
2023-07-07,,,,,,,,,4.06,4.94
2023-07-10,,,,,,,,,4.01,4.85
2023-07-11,,,,,,,,,3.99,4.88
2023-07-12,,,,,,,,,3.86,4.72
2023-07-13,,,,,,,,,3.76,4.59
2023-07-14,,,,,,,,,3.83,4.74
2023-07-17,,,,,,,,,3.81,4.74
2023-07-18,,,,,,,,,3.8,4.74
2023-07-19,,,,,,,,,3.75,4.74
2023-07-20,,,,,,,,,3.85,4.8
2023-07-21,,,,,,,,,3.84,4.82
2023-07-24,,,,,,,,,3.86,4.81
2023-07-25,,,,,,,,,3.91,4.85
2023-07-26,,,,,,,,,3.86,4.82
2023-07-27,,,,,,,,,4.01,4.91
2023-07-28,,,,,,,,,3.96,4.87
2023-07-31,,,,,,,,,3.97,4.88
2023-08-01,306.138,3.7,,103.0951,5.33,23737.7,684755.0,1317.0,4.05,4.92
2023-08-02,,,,,,,,,4.08,4.88
2023-08-03,,,,,,,,,4.2,4.9
2023-08-04,,,,,,,,,4.05,4.78
2023-08-07,,,,,,,,,4.09,4.76
2023-08-08,,,,,,,,,4.02,4.74
2023-08-09,,,,,,,,,4.0,4.79
2023-08-10,,,,,,,,,4.09,4.82
2023-08-11,,,,,,,,,4.16,4.89
2023-08-14,,,,,,,,,4.19,4.96
2023-08-15,,,,,,,,,4.21,4.92
2023-08-16,,,,,,,,,4.28,4.97
2023-08-17,,,,,,,,,4.3,4.94
2023-08-18,,,,,,,,,4.26,4.92
2023-08-21,,,,,,,,,4.34,4.97
2023-08-22,,,,,,,,,4.34,5.02
2023-08-23,,,,,,,,,4.19,4.95
2023-08-24,,,,,,,,,4.23,4.98
2023-08-25,,,,,,,,,4.25,5.03
2023-08-28,,,,,,,,,4.2,4.98
2023-08-29,,,,,,,,,4.12,4.87
2023-08-30,,,,,,,,,4.12,4.9
2023-08-31,,,,,,,,,4.09,4.85
2023-09-01,307.374,3.8,,103.3081,5.33,23833.1,689403.0,1371.0,4.18,4.87
2023-09-04,,,,,,,,,,
2023-09-05,,,,,,,,,4.27,4.94
2023-09-06,,,,,,,,,4.3,5.01
2023-09-07,,,,,,,,,4.27,4.94
2023-09-08,,,,,,,,,4.26,4.98
2023-09-11,,,,,,,,,4.29,4.97
2023-09-12,,,,,,,,,4.27,4.98
2023-09-13,,,,,,,,,4.25,4.96
2023-09-14,,,,,,,,,4.29,5.0
2023-09-15,,,,,,,,,4.33,5.02
2023-09-18,,,,,,,,,4.32,5.05
2023-09-19,,,,,,,,,4.37,5.08
2023-09-20,,,,,,,,,4.35,5.12
2023-09-21,,,,,,,,,4.49,5.12
2023-09-22,,,,,,,,,4.44,5.1
2023-09-25,,,,,,,,,4.55,5.09
2023-09-26,,,,,,,,,4.56,5.04
2023-09-27,,,,,,,,,4.61,5.1
2023-09-28,,,,,,,,,4.59,5.04
2023-09-29,,,,,,,,,4.59,5.03
2023-10-01,307.653,3.9,28424.722,102.5781,5.33,23919.7,686148.0,1368.0,,
2023-10-02,,,,,,,,,4.69,5.12
2023-10-03,,,,,,,,,4.81,5.15
2023-10-04,,,,,,,,,4.73,5.05
2023-10-05,,,,,,,,,4.72,5.03
2023-10-06,,,,,,,,,4.78,5.08
2023-10-09,,,,,,,,,,
2023-10-10,,,,,,,,,4.66,4.96
2023-10-11,,,,,,,,,4.58,4.99
2023-10-12,,,,,,,,,4.7,5.06
2023-10-13,,,,,,,,,4.63,5.04
2023-10-16,,,,,,,,,4.71,5.09
2023-10-17,,,,,,,,,4.83,5.19
2023-10-18,,,,,,,,,4.91,5.19
2023-10-19,,,,,,,,,4.98,5.14
2023-10-20,,,,,,,,,4.93,5.07
2023-10-23,,,,,,,,,4.86,5.05
2023-10-24,,,,,,,,,4.83,5.02
2023-10-25,,,,,,,,,4.95,5.08
2023-10-26,,,,,,,,,4.86,5.02
2023-10-27,,,,,,,,,4.84,4.99
2023-10-30,,,,,,,,,4.88,5.03
2023-10-31,,,,,,,,,4.88,5.07
2023-11-01,308.087,3.7,,102.8868,5.33,24038.2,685328.0,1514.0,4.77,4.95
2023-11-02,,,,,,,,,4.67,4.98
2023-11-03,,,,,,,,,4.57,4.83
2023-11-06,,,,,,,,,4.67,4.93
2023-11-07,,,,,,,,,4.58,4.91
2023-11-08,,,,,,,,,4.49,4.93
2023-11-09,,,,,,,,,4.62,5.03
2023-11-10,,,,,,,,,4.61,5.04
2023-11-13,,,,,,,,,4.63,5.02
2023-11-14,,,,,,,,,4.44,4.8
2023-11-15,,,,,,,,,4.53,4.9
2023-11-16,,,,,,,,,4.45,4.83
2023-11-17,,,,,,,,,4.44,4.88
2023-11-20,,,,,,,,,4.42,4.89
2023-11-21,,,,,,,,,4.41,4.86
2023-11-22,,,,,,,,,4.42,4.89
2023-11-23,,,,,,,,,,
2023-11-24,,,,,,,,,4.47,4.92
2023-11-27,,,,,,,,,4.39,4.84
2023-11-28,,,,,,,,,4.34,4.73
2023-11-29,,,,,,,,,4.27,4.64
2023-11-30,,,,,,,,,4.37,4.73
2023-12-01,308.735,3.8,,102.6309,5.33,24145.9,686277.0,1521.0,4.22,4.56
2023-12-04,,,,,,,,,4.28,4.64
2023-12-05,,,,,,,,,4.18,4.57
2023-12-06,,,,,,,,,4.12,4.6
2023-12-07,,,,,,,,,4.14,4.58
2023-12-08,,,,,,,,,4.23,4.71
2023-12-11,,,,,,,,,4.23,4.71
2023-12-12,,,,,,,,,4.2,4.73
2023-12-13,,,,,,,,,4.04,4.46
2023-12-14,,,,,,,,,3.92,4.37
2023-12-15,,,,,,,,,3.91,4.44
2023-12-18,,,,,,,,,3.95,4.43
2023-12-19,,,,,,,,,3.93,4.41
2023-12-20,,,,,,,,,3.86,4.34
2023-12-21,,,,,,,,,3.89,4.33
2023-12-22,,,,,,,,,3.9,4.31
2023-12-25,,,,,,,,,,
2023-12-26,,,,,,,,,3.89,4.26
2023-12-27,,,,,,,,,3.79,4.2
2023-12-28,,,,,,,,,3.84,4.26
2023-12-29,,,,,,,,,3.88,4.23
2024-01-01,309.794,3.7,28708.161,101.483,5.33,24363.4,680456.0,1381.0,,
2024-01-02,,,,,,,,,3.95,4.33
2024-01-03,,,,,,,,,3.91,4.33
2024-01-04,,,,,,,,,3.99,4.38
2024-01-05,,,,,,,,,4.05,4.4
2024-01-08,,,,,,,,,4.01,4.36
2024-01-09,,,,,,,,,4.02,4.36
2024-01-10,,,,,,,,,4.04,4.37
2024-01-11,,,,,,,,,3.98,4.26
2024-01-12,,,,,,,,,3.96,4.14
2024-01-15,,,,,,,,,,
2024-01-16,,,,,,,,,4.07,4.22
2024-01-17,,,,,,,,,4.1,4.34
2024-01-18,,,,,,,,,4.14,4.34
2024-01-19,,,,,,,,,4.15,4.39
2024-01-22,,,,,,,,,4.11,4.37
2024-01-23,,,,,,,,,4.14,4.31
2024-01-24,,,,,,,,,4.18,4.34
2024-01-25,,,,,,,,,4.14,4.28
2024-01-26,,,,,,,,,4.15,4.34
2024-01-29,,,,,,,,,4.08,4.29
2024-01-30,,,,,,,,,4.06,4.36
2024-01-31,,,,,,,,,3.99,4.27
2024-02-01,311.022,3.9,,102.7267,5.33,24475.0,685280.0,1552.0,3.87,4.2
2024-02-02,,,,,,,,,4.03,4.36
2024-02-05,,,,,,,,,4.17,4.46
2024-02-06,,,,,,,,,4.09,4.39
2024-02-07,,,,,,,,,4.09,4.41
2024-02-08,,,,,,,,,4.15,4.46
2024-02-09,,,,,,,,,4.17,4.48
2024-02-12,,,,,,,,,4.17,4.46
2024-02-13,,,,,,,,,4.31,4.64
2024-02-14,,,,,,,,,4.27,4.56
2024-02-15,,,,,,,,,4.24,4.56
2024-02-16,,,,,,,,,4.3,4.64
2024-02-19,,,,,,,,,,
2024-02-20,,,,,,,,,4.27,4.59
2024-02-21,,,,,,,,,4.32,4.64
2024-02-22,,,,,,,,,4.33,4.69
2024-02-23,,,,,,,,,4.26,4.67
2024-02-26,,,,,,,,,4.28,4.69
2024-02-27,,,,,,,,,4.31,4.7
2024-02-28,,,,,,,,,4.27,4.64
2024-02-29,,,,,,,,,4.25,4.64
2024-03-01,312.107,3.9,,102.5186,5.33,24597.8,687641.0,1312.0,4.19,4.54
2024-03-04,,,,,,,,,4.22,4.61
2024-03-05,,,,,,,,,4.13,4.54
2024-03-06,,,,,,,,,4.11,4.55
2024-03-07,,,,,,,,,4.09,4.5
2024-03-08,,,,,,,,,4.09,4.48
2024-03-11,,,,,,,,,4.1,4.51
2024-03-12,,,,,,,,,4.16,4.58
2024-03-13,,,,,,,,,4.19,4.61
2024-03-14,,,,,,,,,4.29,4.68
2024-03-15,,,,,,,,,4.31,4.72
2024-03-18,,,,,,,,,4.34,4.73
2024-03-19,,,,,,,,,4.3,4.68
2024-03-20,,,,,,,,,4.27,4.59
2024-03-21,,,,,,,,,4.27,4.62
2024-03-22,,,,,,,,,4.22,4.59
2024-03-25,,,,,,,,,4.25,4.54
2024-03-26,,,,,,,,,4.24,4.56
2024-03-27,,,,,,,,,4.2,4.54
2024-03-28,,,,,,,,,4.2,4.59
2024-03-29,,,,,,,,,,
2024-04-01,313.016,3.9,29147.044,102.3568,5.33,24690.5,687602.0,1385.0,4.33,4.72
2024-04-02,,,,,,,,,4.36,4.7
2024-04-03,,,,,,,,,4.36,4.68
2024-04-04,,,,,,,,,4.31,4.65
2024-04-05,,,,,,,,,4.39,4.73
2024-04-08,,,,,,,,,4.42,4.78
2024-04-09,,,,,,,,,4.36,4.74
2024-04-10,,,,,,,,,4.55,4.97
2024-04-11,,,,,,,,,4.56,4.93
2024-04-12,,,,,,,,,4.5,4.88
2024-04-15,,,,,,,,,4.63,4.93
2024-04-16,,,,,,,,,4.67,4.97
2024-04-17,,,,,,,,,4.59,4.93
2024-04-18,,,,,,,,,4.64,4.98
2024-04-19,,,,,,,,,4.62,4.97
2024-04-22,,,,,,,,,4.62,4.97
2024-04-23,,,,,,,,,4.61,4.86
2024-04-24,,,,,,,,,4.65,4.89
2024-04-25,,,,,,,,,4.7,4.96
2024-04-26,,,,,,,,,4.67,4.96
2024-04-29,,,,,,,,,4.63,4.97
2024-04-30,,,,,,,,,4.69,5.04
2024-05-01,313.14,4.0,,102.9797,5.33,24807.7,692774.0,1316.0,4.63,4.96
2024-05-02,,,,,,,,,4.58,4.87
2024-05-03,,,,,,,,,4.5,4.81
2024-05-06,,,,,,,,,4.49,4.82
2024-05-07,,,,,,,,,4.47,4.82
2024-05-08,,,,,,,,,4.48,4.84
2024-05-09,,,,,,,,,4.45,4.8
2024-05-10,,,,,,,,,4.5,4.87
2024-05-13,,,,,,,,,4.48,4.85
2024-05-14,,,,,,,,,4.45,4.81
2024-05-15,,,,,,,,,4.36,4.73
2024-05-16,,,,,,,,,4.38,4.78
2024-05-17,,,,,,,,,4.42,4.83
2024-05-20,,,,,,,,,4.44,4.82
2024-05-21,,,,,,,,,4.41,4.82
2024-05-22,,,,,,,,,4.43,4.86
2024-05-23,,,,,,,,,4.47,4.91
2024-05-24,,,,,,,,,4.46,4.93
2024-05-27,,,,,,,,,,
2024-05-28,,,,,,,,,4.54,4.94
2024-05-29,,,,,,,,,4.61,4.96
2024-05-30,,,,,,,,,4.55,4.92
2024-05-31,,,,,,,,,4.51,4.89
2024-06-01,313.131,4.1,,103.2534,5.33,24904.1,692449.0,1327.0,,
2024-06-03,,,,,,,,,4.41,4.82
2024-06-04,,,,,,,,,4.33,4.77
2024-06-05,,,,,,,,,4.29,4.72
2024-06-06,,,,,,,,,4.28,4.72
2024-06-07,,,,,,,,,4.43,4.87
2024-06-10,,,,,,,,,4.47,4.87
2024-06-11,,,,,,,,,4.39,4.81
2024-06-12,,,,,,,,,4.31,4.75
2024-06-13,,,,,,,,,4.24,4.68
2024-06-14,,,,,,,,,4.2,4.67
2024-06-17,,,,,,,,,4.28,4.75
2024-06-18,,,,,,,,,4.22,4.69
2024-06-19,,,,,,,,,,
2024-06-20,,,,,,,,,4.25,4.7
2024-06-21,,,,,,,,,4.25,4.7
2024-06-24,,,,,,,,,4.25,4.71
2024-06-25,,,,,,,,,4.23,4.65
2024-06-26,,,,,,,,,4.32,4.71
2024-06-27,,,,,,,,,4.29,4.7
2024-06-28,,,,,,,,,4.36,4.71
2024-07-01,313.566,4.2,29511.664,102.5192,5.33,24950.8,698835.0,1265.0,4.48,4.77
2024-07-02,,,,,,,,,4.43,4.74
2024-07-03,,,,,,,,,4.36,4.71
2024-07-04,,,,,,,,,,
2024-07-05,,,,,,,,,4.28,4.6
2024-07-08,,,,,,,,,4.28,4.62
2024-07-09,,,,,,,,,4.3,4.62
2024-07-10,,,,,,,,,4.28,4.62
2024-07-11,,,,,,,,,4.2,4.5
2024-07-12,,,,,,,,,4.18,4.45
2024-07-15,,,,,,,,,4.23,4.44
2024-07-16,,,,,,,,,4.17,4.43
2024-07-17,,,,,,,,,4.16,4.42
2024-07-18,,,,,,,,,4.2,4.46
2024-07-19,,,,,,,,,4.25,4.49
2024-07-22,,,,,,,,,4.26,4.5
2024-07-23,,,,,,,,,4.25,4.4
2024-07-24,,,,,,,,,4.28,4.37
2024-07-25,,,,,,,,,4.27,4.41
2024-07-26,,,,,,,,,4.2,4.36
2024-07-29,,,,,,,,,4.17,4.36
2024-07-30,,,,,,,,,4.15,4.35
2024-07-31,,,,,,,,,4.09,4.29
2024-08-01,314.131,4.2,,103.0196,5.33,25013.0,697157.0,1391.0,3.99,4.16
2024-08-02,,,,,,,,,3.8,3.88
2024-08-05,,,,,,,,,3.78,3.89
2024-08-06,,,,,,,,,3.9,3.99
2024-08-07,,,,,,,,,3.96,4.0
2024-08-08,,,,,,,,,3.99,4.04
2024-08-09,,,,,,,,,3.94,4.05
2024-08-12,,,,,,,,,3.9,4.01
2024-08-13,,,,,,,,,3.85,3.93
2024-08-14,,,,,,,,,3.83,3.94
2024-08-15,,,,,,,,,3.92,4.08
2024-08-16,,,,,,,,,3.89,4.06
2024-08-19,,,,,,,,,3.86,4.06
2024-08-20,,,,,,,,,3.82,3.99
2024-08-21,,,,,,,,,3.79,3.92
2024-08-22,,,,,,,,,3.86,3.99
2024-08-23,,,,,,,,,3.81,3.9
2024-08-26,,,,,,,,,3.82,3.91
2024-08-27,,,,,,,,,3.83,3.83
2024-08-28,,,,,,,,,3.84,3.83
2024-08-29,,,,,,,,,3.87,3.87
2024-08-30,,,,,,,,,3.91,3.91
2024-09-01,314.851,4.1,,102.5954,5.13,25101.3,703079.0,1357.0,,
2024-09-02,,,,,,,,,,
2024-09-03,,,,,,,,,3.84,3.88
2024-09-04,,,,,,,,,3.77,3.76
2024-09-05,,,,,,,,,3.73,3.75
2024-09-06,,,,,,,,,3.72,3.66
2024-09-09,,,,,,,,,3.7,3.68
2024-09-10,,,,,,,,,3.65,3.59
2024-09-11,,,,,,,,,3.65,3.62
2024-09-12,,,,,,,,,3.68,3.64
2024-09-13,,,,,,,,,3.66,3.57
2024-09-16,,,,,,,,,3.63,3.56
2024-09-17,,,,,,,,,3.65,3.59
2024-09-18,,,,,,,,,3.7,3.61
2024-09-19,,,,,,,,,3.73,3.59
2024-09-20,,,,,,,,,3.73,3.55
2024-09-23,,,,,,,,,3.75,3.57
2024-09-24,,,,,,,,,3.74,3.49
2024-09-25,,,,,,,,,3.79,3.53
2024-09-26,,,,,,,,,3.79,3.6
2024-09-27,,,,,,,,,3.75,3.55
2024-09-30,,,,,,,,,3.81,3.66
2024-10-01,315.564,4.1,29825.182,102.2138,4.83,25226.6,707613.0,1352.0,3.74,3.61
2024-10-02,,,,,,,,,3.79,3.63
2024-10-03,,,,,,,,,3.85,3.7
2024-10-04,,,,,,,,,3.98,3.93
2024-10-07,,,,,,,,,4.03,3.99
2024-10-08,,,,,,,,,4.04,3.98
2024-10-09,,,,,,,,,4.06,3.99
2024-10-10,,,,,,,,,4.09,3.98
2024-10-11,,,,,,,,,4.08,3.95
2024-10-14,,,,,,,,,,
2024-10-15,,,,,,,,,4.03,3.95
2024-10-16,,,,,,,,,4.02,3.93
2024-10-17,,,,,,,,,4.09,3.96
2024-10-18,,,,,,,,,4.08,3.95
2024-10-21,,,,,,,,,4.19,4.02
2024-10-22,,,,,,,,,4.2,4.03
2024-10-23,,,,,,,,,4.24,4.07
2024-10-24,,,,,,,,,4.21,4.07
2024-10-25,,,,,,,,,4.25,4.11
2024-10-28,,,,,,,,,4.28,4.12
2024-10-29,,,,,,,,,4.28,4.11
2024-10-30,,,,,,,,,4.29,4.15
2024-10-31,,,,,,,,,4.28,4.16
2024-11-01,316.449,4.2,,101.9503,4.64,25322.1,712145.0,1295.0,4.37,4.21
2024-11-04,,,,,,,,,4.31,4.17
2024-11-05,,,,,,,,,4.26,4.19
2024-11-06,,,,,,,,,4.42,4.27
2024-11-07,,,,,,,,,4.31,4.21
2024-11-08,,,,,,,,,4.3,4.26
2024-11-11,,,,,,,,,,
2024-11-12,,,,,,,,,4.43,4.34
2024-11-13,,,,,,,,,4.44,4.27
2024-11-14,,,,,,,,,4.43,4.34
2024-11-15,,,,,,,,,4.43,4.31
2024-11-18,,,,,,,,,4.42,4.29
2024-11-19,,,,,,,,,4.39,4.27
2024-11-20,,,,,,,,,4.41,4.31
2024-11-21,,,,,,,,,4.43,4.34
2024-11-22,,,,,,,,,4.41,4.37
2024-11-25,,,,,,,,,4.27,4.21
2024-11-26,,,,,,,,,4.3,4.21
2024-11-27,,,,,,,,,4.25,4.19
2024-11-28,,,,,,,,,,
2024-11-29,,,,,,,,,4.18,4.13
2024-12-01,317.603,4.1,,103.0447,4.48,25418.6,717662.0,1514.0,,
2024-12-02,,,,,,,,,4.19,4.17
2024-12-03,,,,,,,,,4.23,4.17
2024-12-04,,,,,,,,,4.19,4.13
2024-12-05,,,,,,,,,4.17,4.15
2024-12-06,,,,,,,,,4.15,4.1
2024-12-09,,,,,,,,,4.2,4.13
2024-12-10,,,,,,,,,4.22,4.15
2024-12-11,,,,,,,,,4.26,4.15
2024-12-12,,,,,,,,,4.32,4.18
2024-12-13,,,,,,,,,4.4,4.25
2024-12-16,,,,,,,,,4.39,4.25
2024-12-17,,,,,,,,,4.4,4.25
2024-12-18,,,,,,,,,4.5,4.35
2024-12-19,,,,,,,,,4.57,4.32
2024-12-20,,,,,,,,,4.52,4.3
2024-12-23,,,,,,,,,4.59,4.3
2024-12-24,,,,,,,,,4.59,4.29
2024-12-25,,,,,,,,,,
2024-12-26,,,,,,,,,4.58,4.3
2024-12-27,,,,,,,,,4.62,4.31
2024-12-30,,,,,,,,,4.55,4.24
2024-12-31,,,,,,,,,4.58,4.25
2025-01-01,319.086,4.0,30042.113,102.8805,4.33,25570.5,711461.0,1358.0,,
2025-01-02,,,,,,,,,4.57,4.25
2025-01-03,,,,,,,,,4.6,4.28
2025-01-06,,,,,,,,,4.62,4.28
2025-01-07,,,,,,,,,4.67,4.3
2025-01-08,,,,,,,,,4.67,4.28
2025-01-09,,,,,,,,,4.68,4.27
2025-01-10,,,,,,,,,4.77,4.4
2025-01-13,,,,,,,,,4.79,4.4
2025-01-14,,,,,,,,,4.78,4.37
2025-01-15,,,,,,,,,4.66,4.27
2025-01-16,,,,,,,,,4.61,4.23
2025-01-17,,,,,,,,,4.61,4.27
2025-01-20,,,,,,,,,,
2025-01-21,,,,,,,,,4.57,4.29
2025-01-22,,,,,,,,,4.6,4.29
2025-01-23,,,,,,,,,4.65,4.29
2025-01-24,,,,,,,,,4.63,4.27
2025-01-27,,,,,,,,,4.53,4.17
2025-01-28,,,,,,,,,4.55,4.19
2025-01-29,,,,,,,,,4.55,4.21
2025-01-30,,,,,,,,,4.52,4.18
2025-01-31,,,,,,,,,4.58,4.22
2025-02-01,319.775,4.1,,103.8705,4.33,25705.4,711757.0,1490.0,,
2025-02-03,,,,,,,,,4.54,4.26
2025-02-04,,,,,,,,,4.52,4.21
2025-02-05,,,,,,,,,4.43,4.17
2025-02-06,,,,,,,,,4.45,4.21
2025-02-07,,,,,,,,,4.49,4.29
2025-02-10,,,,,,,,,4.51,4.28
2025-02-11,,,,,,,,,4.54,4.29
2025-02-12,,,,,,,,,4.62,4.36
2025-02-13,,,,,,,,,4.52,4.31
2025-02-14,,,,,,,,,4.47,4.26
2025-02-17,,,,,,,,,,
2025-02-18,,,,,,,,,4.55,4.29
2025-02-19,,,,,,,,,4.53,4.28
2025-02-20,,,,,,,,,4.5,4.28
2025-02-21,,,,,,,,,4.42,4.19
2025-02-24,,,,,,,,,4.4,4.13
2025-02-25,,,,,,,,,4.3,4.07
2025-02-26,,,,,,,,,4.25,4.05
2025-02-27,,,,,,,,,4.29,4.07
2025-02-28,,,,,,,,,4.24,3.99
2025-03-01,319.615,4.2,,103.5408,4.33,25877.3,722572.0,1355.0,,
2025-03-03,,,,,,,,,4.16,3.96
2025-03-04,,,,,,,,,4.22,3.96
2025-03-05,,,,,,,,,4.28,3.99
2025-03-06,,,,,,,,,4.29,3.96
2025-03-07,,,,,,,,,4.32,3.99
2025-03-10,,,,,,,,,4.22,3.89
2025-03-11,,,,,,,,,4.28,3.94
2025-03-12,,,,,,,,,4.32,4.01
2025-03-13,,,,,,,,,4.27,3.94
2025-03-14,,,,,,,,,4.31,4.02
2025-03-17,,,,,,,,,4.31,4.06
2025-03-18,,,,,,,,,4.29,4.04
2025-03-19,,,,,,,,,4.25,3.99
2025-03-20,,,,,,,,,4.24,3.95
2025-03-21,,,,,,,,,4.25,3.94
2025-03-24,,,,,,,,,4.34,4.04
2025-03-25,,,,,,,,,4.31,3.96
2025-03-26,,,,,,,,,4.35,3.98
2025-03-27,,,,,,,,,4.38,3.97
2025-03-28,,,,,,,,,4.27,3.89
2025-03-31,,,,,,,,,4.23,3.89
2025-04-01,320.321,4.2,30485.729,103.6224,4.33,26111.5,721789.0,1398.0,4.17,3.87
2025-04-02,,,,,,,,,4.2,3.91
2025-04-03,,,,,,,,,4.06,3.71
2025-04-04,,,,,,,,,4.01,3.68
2025-04-07,,,,,,,,,4.15,3.73
2025-04-08,,,,,,,,,4.26,3.71
2025-04-09,,,,,,,,,4.34,3.91
2025-04-10,,,,,,,,,4.4,3.84
2025-04-11,,,,,,,,,4.48,3.96
2025-04-14,,,,,,,,,4.38,3.84
2025-04-15,,,,,,,,,4.35,3.84
2025-04-16,,,,,,,,,4.29,3.77
2025-04-17,,,,,,,,,4.34,3.81
2025-04-18,,,,,,,,,,
2025-04-21,,,,,,,,,4.42,3.75
2025-04-22,,,,,,,,,4.41,3.76
2025-04-23,,,,,,,,,4.4,3.81
2025-04-24,,,,,,,,,4.32,3.77
2025-04-25,,,,,,,,,4.29,3.74
2025-04-28,,,,,,,,,4.23,3.67
2025-04-29,,,,,,,,,4.19,3.65
2025-04-30,,,,,,,,,4.17,3.6
2025-05-01,320.58,4.2,,103.657,4.33,26011.2,716101.0,1282.0,4.25,3.7
2025-05-02,,,,,,,,,4.33,3.83
2025-05-05,,,,,,,,,4.36,3.83
2025-05-06,,,,,,,,,4.3,3.78
2025-05-07,,,,,,,,,4.26,3.78
2025-05-08,,,,,,,,,4.37,3.9
2025-05-09,,,,,,,,,4.37,3.88
2025-05-12,,,,,,,,,4.45,3.98
2025-05-13,,,,,,,,,4.49,4.02
2025-05-14,,,,,,,,,4.53,4.05
2025-05-15,,,,,,,,,4.45,3.96
2025-05-16,,,,,,,,,4.43,3.98
2025-05-19,,,,,,,,,4.46,3.97
2025-05-20,,,,,,,,,4.48,3.97
2025-05-21,,,,,,,,,4.58,4.0
2025-05-22,,,,,,,,,4.54,4.0
2025-05-23,,,,,,,,,4.51,4.0
2025-05-26,,,,,,,,,,
2025-05-27,,,,,,,,,4.43,3.92
2025-05-28,,,,,,,,,4.47,3.96
2025-05-29,,,,,,,,,4.43,3.92
2025-05-30,,,,,,,,,4.41,3.89
2025-06-01,321.5,4.1,,104.2115,4.33,26078.6,723033.0,1382.0,,
2025-06-02,,,,,,,,,4.46,3.94
2025-06-03,,,,,,,,,4.46,3.96
2025-06-04,,,,,,,,,4.37,3.87
2025-06-05,,,,,,,,,4.4,3.92
2025-06-06,,,,,,,,,4.51,4.04
2025-06-09,,,,,,,,,4.49,4.01
2025-06-10,,,,,,,,,4.47,4.01
2025-06-11,,,,,,,,,4.41,3.94
2025-06-12,,,,,,,,,4.36,3.9
2025-06-13,,,,,,,,,4.41,3.96
2025-06-16,,,,,,,,,4.46,3.97
2025-06-17,,,,,,,,,4.39,3.94
2025-06-18,,,,,,,,,4.38,3.94
2025-06-19,,,,,,,,,,
2025-06-20,,,,,,,,,4.38,3.9
2025-06-23,,,,,,,,,4.34,3.84
2025-06-24,,,,,,,,,4.3,3.75
2025-06-25,,,,,,,,,4.29,3.74
2025-06-26,,,,,,,,,4.26,3.7
2025-06-27,,,,,,,,,4.29,3.73
2025-06-30,,,,,,,,,4.24,3.72
2025-07-01,322.132,4.2,,103.8194,4.33,26184.2,727414.0,1429.0,4.26,3.78
2025-07-02,,,,,,,,,4.3,3.78
2025-07-03,,,,,,,,,4.35,3.88
2025-07-04,,,,,,,,,,
2025-07-07,,,,,,,,,4.4,3.9
2025-07-08,,,,,,,,,4.42,3.9
2025-07-09,,,,,,,,,4.34,3.86
2025-07-10,,,,,,,,,4.35,3.86
2025-07-11,,,,,,,,,4.43,3.9
2025-07-14,,,,,,,,,4.43,3.9
2025-07-15,,,,,,,,,4.5,3.95
2025-07-16,,,,,,,,,4.46,3.88
2025-07-17,,,,,,,,,4.47,3.91
2025-07-18,,,,,,,,,4.44,3.88
2025-07-21,,,,,,,,,4.38,3.85
2025-07-22,,,,,,,,,4.35,3.83
2025-07-23,,,,,,,,,4.4,3.88
2025-07-24,,,,,,,,,4.43,3.91
2025-07-25,,,,,,,,,4.4,3.91
2025-07-28,,,,,,,,,4.42,3.91
2025-07-29,,,,,,,,,4.34,3.86
2025-07-30,,,,,,,,,4.38,3.94
2025-07-31,,,,,,,,,4.37,3.94
2025-08-01,323.364,4.3,,103.9203,4.33,26279.9,732010.0,1307.0,4.23,3.69
2025-08-04,,,,,,,,,4.22,3.69
2025-08-05,,,,,,,,,4.22,3.72
2025-08-06,,,,,,,,,4.22,3.69
2025-08-07,,,,,,,,,4.23,3.72
2025-08-08,,,,,,,,,4.27,3.76
2025-08-11,,,,,,,,,4.27,3.76
2025-08-12,,,,,,,,,4.29,3.72
2025-08-13,,,,,,,,,4.24,3.67
2025-08-14,,,,,,,,,4.29,3.74
2025-08-15,,,,,,,,,4.33,3.75
2025-08-18,,,,,,,,,4.34,3.77
2025-08-19,,,,,,,,,4.3,3.75
2025-08-20,,,,,,,,,4.29,3.74
2025-08-21,,,,,,,,,4.33,3.79
2025-08-22,,,,,,,,,4.26,3.68
2025-08-25,,,,,,,,,4.28,3.73
2025-08-26,,,,,,,,,4.26,3.61
2025-08-27,,,,,,,,,4.24,3.59
2025-08-28,,,,,,,,,4.22,3.62
2025-08-29,,,,,,,,,4.23,3.59
2025-09-01,324.368,,,,4.22,,,,,
2025-09-02,,,,,,,,,4.28,3.66
2025-09-03,,,,,,,,,4.22,3.61
2025-09-04,,,,,,,,,4.17,3.59
2025-09-05,,,,,,,,,4.1,3.51
2025-09-08,,,,,,,,,4.05,3.49
2025-09-09,,,,,,,,,4.08,3.54
2025-09-10,,,,,,,,,4.04,3.54
2025-09-11,,,,,,,,,4.01,3.52
2025-09-12,,,,,,,,,4.06,3.56
2025-09-15,,,,,,,,,4.05,3.54
2025-09-16,,,,,,,,,4.04,3.51
2025-09-17,,,,,,,,,4.06,3.52
2025-09-18,,,,,,,,,4.11,3.57
2025-09-19,,,,,,,,,4.14,3.57
2025-09-22,,,,,,,,,4.15,3.61
2025-09-23,,,,,,,,,4.12,3.53
2025-09-24,,,,,,,,,4.16,3.57
2025-09-25,,,,,,,,,4.18,3.64
2025-09-26,,,,,,,,,4.2,3.63
2025-09-29,,,,,,,,,4.15,3.63
2025-09-30,,,,,,,,,4.16,3.6
2025-10-01,,,,,4.09,,,,4.12,3.55
2025-10-02,,,,,,,,,4.1,3.55
2025-10-03,,,,,,,,,4.13,3.58
2025-10-06,,,,,,,,,4.18,3.6
2025-10-07,,,,,,,,,4.14,3.57
2025-10-08,,,,,,,,,4.13,3.58
2025-10-09,,,,,,,,,4.14,3.6
2025-10-10,,,,,,,,,4.05,3.52
2025-10-13,,,,,,,,,,
2025-10-14,,,,,,,,,4.03,3.48
2025-10-15,,,,,,,,,4.05,3.5
2025-10-16,,,,,,,,,3.99,3.41
2025-10-17,,,,,,,,,4.02,3.46
2025-10-20,,,,,,,,,4.0,3.46
2025-10-21,,,,,,,,,3.98,3.45
2025-10-22,,,,,,,,,3.97,3.45
2025-10-23,,,,,,,,,4.01,3.48
2025-10-24,,,,,,,,,4.02,3.48
2025-10-27,,,,,,,,,4.01,3.48
2025-10-28,,,,,,,,,3.99,3.47
2025-10-29,,,,,,,,,4.08,3.59
2025-10-30,,,,,,,,,4.11,3.61
2025-10-31,,,,,,,,,4.11,3.6
2025-11-03,,,,,,,,,4.13,3.6
2025-11-04,,,,,,,,,4.1,3.58
2025-11-05,,,,,,,,,4.17,3.63
2025-11-06,,,,,,,,,4.11,3.57
2025-11-07,,,,,,,,,4.11,3.55
2025-11-10,,,,,,,,,4.13,3.58
2025-11-11,,,,,,,,,,
2025-11-12,,,,,,,,,4.08,3.56
2025-11-13,,,,,,,,,4.11,3.58
