record_date,bid_to_cover_ratio_bills,bid_to_cover_ratio_long,bid_to_cover_ratio_medium,bid_to_cover_ratio_short,offering_amt_bills,offering_amt_long,offering_amt_medium,offering_amt_short,total_accepted_bills,total_accepted_long,total_accepted_medium,total_accepted_short,total_tendered_bills,total_tendered_long,total_tendered_medium,total_tendered_short,comp_accepted_bills,comp_accepted_long,comp_accepted_medium,comp_accepted_short,comp_tendered_bills,comp_tendered_long,comp_tendered_medium,comp_tendered_short,primary_dealer_accepted_bills,primary_dealer_accepted_long,primary_dealer_accepted_medium,primary_dealer_accepted_short,primary_dealer_tendered_bills,primary_dealer_tendered_long,primary_dealer_tendered_medium,primary_dealer_tendered_short,indirect_bidder_accepted_bills,indirect_bidder_accepted_long,indirect_bidder_accepted_medium,indirect_bidder_accepted_short,indirect_bidder_tendered_bills,indirect_bidder_tendered_long,indirect_bidder_tendered_medium,indirect_bidder_tendered_short,direct_bidder_accepted_bills,direct_bidder_accepted_long,direct_bidder_accepted_medium,direct_bidder_accepted_short,direct_bidder_tendered_bills,direct_bidder_tendered_long,direct_bidder_tendered_medium,direct_bidder_tendered_short
1979-11,3.245274096842432,2.6778501926782274,2.659286666666667,2.845170394036209,21751944552.376125,2000000000.0,20539890151.51515,21036051875.378098,23231442968.65379,2358000000.0,22738140157.351517,23399859425.347855,72230368390.55412,3706000000.0,54699569421.21516,60320260272.47429,38583895803.04677,18408830614.135223,35581412914.363205,31731190257.07547,132601812699.80878,46429313583.36478,94094095339.48112,95517580324.37106,19499801967.12101,5297622574.080189,11099013721.493711,12881164964.386793,102940262217.98596,28885927983.805035,60244371030.93553,65253002965.09434,16708611038.427084,10504069925.05503,19236649277.523586,14722039345.794024,22321670394.777348,13010674293.742136,24402473009.253147,21553272345.911953,2375480551.317184,2607138115.0,5245749915.345913,4127985946.894654,7339877840.863975,4532711305.81761,9447251299.292454,8711305013.36478
1980-01,3.245274096842432,2.6778501926782274,2.659286666666667,2.845170394036209,3272727272.7272725,1500000000.0,20539890151.51515,4000000000.0,3306577727.2727275,1501000000.0,22738140157.351517,4409000000.0,6178053181.818182,3724000000.0,54699569421.21516,8474000000.0,38583895803.04677,18408830614.135223,35581412914.363205,31731190257.07547,132601812699.80878,46429313583.36478,94094095339.48112,95517580324.37106,19499801967.12101,5297622574.080189,11099013721.493711,12881164964.386793,102940262217.98596,28885927983.805035,60244371030.93553,65253002965.09434,16708611038.427084,10504069925.05503,19236649277.523586,14722039345.794024,22321670394.777348,13010674293.742136,24402473009.253147,21553272345.911953,2375480551.317184,2607138115.0,5245749915.345913,4127985946.894654,7339877840.863975,4532711305.81761,9447251299.292454,8711305013.36478
1980-02,3.245274096842432,2.6778501926782274,2.659286666666667,2.845170394036209,3311111111.111111,2000000000.0,3250000000.0,4000000000.0,3311851666.6666665,2548000000.0,4229000000.0,4404000000.0,5473940555.555555,5209500000.0,8496000000.0,9043000000.0,38583895803.04677,18408830614.135223,35581412914.363205,31731190257.07547,132601812699.80878,46429313583.36478,94094095339.48112,95517580324.37106,19499801967.12101,5297622574.080189,11099013721.493711,12881164964.386793,102940262217.98596,28885927983.805035,60244371030.93553,65253002965.09434,16708611038.427084,10504069925.05503,19236649277.523586,14722039345.794024,22321670394.777348,13010674293.742136,24402473009.253147,21553272345.911953,2375480551.317184,2607138115.0,5245749915.345913,4127985946.894654,7339877840.863975,4532711305.81761,9447251299.292454,8711305013.36478
1980-03,3.245274096842432,2.6778501926782274,2.659286666666667,2.845170394036209,3690909090.909091,2000000000.0,2500000000.0,3500000000.0,3773675909.090909,2548000000.0,2787500000.0,4000000000.0,6955634545.454545,5209500000.0,5953500000.0,7407000000.0,38583895803.04677,18408830614.135223,35581412914.363205,31731190257.07547,132601812699.80878,46429313583.36478,94094095339.48112,95517580324.37106,19499801967.12101,5297622574.080189,11099013721.493711,12881164964.386793,102940262217.98596,28885927983.805035,60244371030.93553,65253002965.09434,16708611038.427084,10504069925.05503,19236649277.523586,14722039345.794024,22321670394.777348,13010674293.742136,24402473009.253147,21553272345.911953,2375480551.317184,2607138115.0,5245749915.345913,4127985946.894654,7339877840.863975,4532711305.81761,9447251299.292454,8711305013.36478
1980-04,3.245274096842432,2.6778501926782274,2.659286666666667,2.845170394036209,3716666666.6666665,1500000000.0,2500000000.0,4000000000.0,3723095416.6666665,1501000000.0,2787500000.0,4469000000.0,7512815000.0,3875000000.0,5953500000.0,9968000000.0,38583895803.04677,18408830614.135223,35581412914.363205,31731190257.07547,132601812699.80878,46429313583.36478,94094095339.48112,95517580324.37106,19499801967.12101,5297622574.080189,11099013721.493711,12881164964.386793,102940262217.98596,28885927983.805035,60244371030.93553,65253002965.09434,16708611038.427084,10504069925.05503,19236649277.523586,14722039345.794024,22321670394.777348,13010674293.742136,24402473009.253147,21553272345.911953,2375480551.317184,2607138115.0,5245749915.345913,4127985946.894654,7339877840.863975,4532711305.81761,9447251299.292454,8711305013.36478
1980-05,3.245274096842432,2.6778501926782274,2.659286666666667,2.845170394036209,3361538461.5384617,2000000000.0,3500000000.0,4000000000.0,3379315384.6153846,3165500000.0,6608000000.0,4469000000.0,6547355384.615385,4985500000.0,13314000000.0,9968000000.0,38583895803.04677,18408830614.135223,35581412914.363205,31731190257.07547,132601812699.80878,46429313583.36478,94094095339.48112,95517580324.37106,19499801967.12101,5297622574.080189,11099013721.493711,12881164964.386793,102940262217.98596,28885927983.805035,60244371030.93553,65253002965.09434,16708611038.427084,10504069925.05503,19236649277.523586,14722039345.794024,22321670394.777348,13010674293.742136,24402473009.253147,21553272345.911953,2375480551.317184,2607138115.0,5245749915.345913,4127985946.894654,7339877840.863975,4532711305.81761,9447251299.292454,8711305013.36478
1980-06,3.245274096842432,2.6778501926782274,2.659286666666667,2.845170394036209,3360000000.0,2000000000.0,3125000000.0,4125000000.0,3411891000.0,3165500000.0,3498500000.0,4721500000.0,6575736500.0,4985500000.0,6493000000.0,8697500000.0,38583895803.04677,18408830614.135223,35581412914.363205,31731190257.07547,132601812699.80878,46429313583.36478,94094095339.48112,95517580324.37106,19499801967.12101,5297622574.080189,11099013721.493711,12881164964.386793,102940262217.98596,28885927983.805035,60244371030.93553,65253002965.09434,16708611038.427084,10504069925.05503,19236649277.523586,14722039345.794024,22321670394.777348,13010674293.742136,24402473009.253147,21553272345.911953,2375480551.317184,2607138115.0,5245749915.345913,4127985946.894654,7339877840.863975,4532711305.81761,9447251299.292454,8711305013.36478
1980-07,3.245274096842432,2.6778501926782274,2.659286666666667,2.845170394036209,4000000000.0,1500000000.0,3125000000.0,4500000000.0,4000555909.090909,1502000000.0,3498500000.0,5296000000.0,6979838636.363636,4766000000.0,6493000000.0,10282000000.0,38583895803.04677,18408830614.135223,35581412914.363205,31731190257.07547,132601812699.80878,46429313583.36478,94094095339.48112,95517580324.37106,19499801967.12101,5297622574.080189,11099013721.493711,12881164964.386793,102940262217.98596,28885927983.805035,60244371030.93553,65253002965.09434,16708611038.427084,10504069925.05503,19236649277.523586,14722039345.794024,22321670394.777348,13010674293.742136,24402473009.253147,21553272345.911953,2375480551.317184,2607138115.0,5245749915.345913,4127985946.894654,7339877840.863975,4532711305.81761,9447251299.292454,8711305013.36478
1980-08,3.245274096842432,2.6778501926782274,2.659286666666667,2.845170394036209,3780000000.0,2125000000.0,4000000000.0,4500000000.0,3836909500.0,2817500000.0,5753000000.0,5296000000.0,7130218500.0,4235500000.0,9656000000.0,10282000000.0,38583895803.04677,18408830614.135223,35581412914.363205,31731190257.07547,132601812699.80878,46429313583.36478,94094095339.48112,95517580324.37106,19499801967.12101,5297622574.080189,11099013721.493711,12881164964.386793,102940262217.98596,28885927983.805035,60244371030.93553,65253002965.09434,16708611038.427084,10504069925.05503,19236649277.523586,14722039345.794024,22321670394.777348,13010674293.742136,24402473009.253147,21553272345.911953,2375480551.317184,2607138115.0,5245749915.345913,4127985946.894654,7339877840.863975,4532711305.81761,9447251299.292454,8711305013.36478
1980-09,3.245274096842432,2.6778501926782274,2.659286666666667,2.845170394036209,3822222222.2222223,2125000000.0,3000000000.0,4500000000.0,3828390000.0,2817500000.0,3204500000.0,5061500000.0,6541325555.555555,4235500000.0,7471500000.0,10372500000.0,38583895803.04677,18408830614.135223,35581412914.363205,31731190257.07547,132601812699.80878,46429313583.36478,94094095339.48112,95517580324.37106,19499801967.12101,5297622574.080189,11099013721.493711,12881164964.386793,102940262217.98596,28885927983.805035,60244371030.93553,65253002965.09434,16708611038.427084,10504069925.05503,19236649277.523586,14722039345.794024,22321670394.777348,13010674293.742136,24402473009.253147,21553272345.911953,2375480551.317184,2607138115.0,5245749915.345913,4127985946.894654,7339877840.863975,4532711305.81761,9447251299.292454,8711305013.36478
1980-10,3.245274096842432,2.6778501926782274,2.659286666666667,2.845170394036209,3909090909.090909,1500000000.0,3000000000.0,4500000000.0,3936741818.181818,1501000000.0,3204500000.0,4735000000.0,6818855000.0,2369000000.0,7471500000.0,8920000000.0,38583895803.04677,18408830614.135223,35581412914.363205,31731190257.07547,132601812699.80878,46429313583.36478,94094095339.48112,95517580324.37106,19499801967.12101,5297622574.080189,11099013721.493711,12881164964.386793,102940262217.98596,28885927983.805035,60244371030.93553,65253002965.09434,16708611038.427084,10504069925.05503,19236649277.523586,14722039345.794024,22321670394.777348,13010674293.742136,24402473009.253147,21553272345.911953,2375480551.317184,2607138115.0,5245749915.345913,4127985946.894654,7339877840.863975,4532711305.81761,9447251299.292454,8711305013.36478
1980-11,3.245274096842432,2.6778501926782274,2.659286666666667,2.845170394036209,3980000000.0,2125000000.0,3750000000.0,4500000000.0,4021014500.0,2410084500.0,4252000000.0,4735000000.0,8044909000.0,4373442000.0,6951000000.0,8920000000.0,38583895803.04677,18408830614.135223,35581412914.363205,31731190257.07547,132601812699.80878,46429313583.36478,94094095339.48112,95517580324.37106,19499801967.12101,5297622574.080189,11099013721.493711,12881164964.386793,102940262217.98596,28885927983.805035,60244371030.93553,65253002965.09434,16708611038.427084,10504069925.05503,19236649277.523586,14722039345.794024,22321670394.777348,13010674293.742136,24402473009.253147,21553272345.911953,2375480551.317184,2607138115.0,5245749915.345913,4127985946.894654,7339877840.863975,4532711305.81761,9447251299.292454,8711305013.36478
1980-12,3.245274096842432,2.6778501926782274,2.659286666666667,2.845170394036209,3954545454.5454545,2125000000.0,3125000000.0,4500000000.0,4053037272.7272725,2410084500.0,3371150000.0,4861940000.0,7548763181.818182,4373442000.0,8285918000.0,10311692500.0,38583895803.04677,18408830614.135223,35581412914.363205,31731190257.07547,132601812699.80878,46429313583.36478,94094095339.48112,95517580324.37106,19499801967.12101,5297622574.080189,11099013721.493711,12881164964.386793,102940262217.98596,28885927983.805035,60244371030.93553,65253002965.09434,16708611038.427084,10504069925.05503,19236649277.523586,14722039345.794024,22321670394.777348,13010674293.742136,24402473009.253147,21553272345.911953,2375480551.317184,2607138115.0,5245749915.345913,4127985946.894654,7339877840.863975,4532711305.81761,9447251299.292454,8711305013.36478
1981-01,3.245274096842432,2.6778501926782274,2.659286666666667,2.845170394036209,4161538461.5384617,1500000000.0,2500000000.0,4500000000.0,4182923076.923077,1500900000.0,2701994000.0,4861940000.0,7568499230.769231,4142417000.0,6508754000.0,10311692500.0,38583895803.04677,18408830614.135223,35581412914.363205,31731190257.07547,132601812699.80878,46429313583.36478,94094095339.48112,95517580324.37106,19499801967.12101,5297622574.080189,11099013721.493711,12881164964.386793,102940262217.98596,28885927983.805035,60244371030.93553,65253002965.09434,16708611038.427084,10504069925.05503,19236649277.523586,14722039345.794024,22321670394.777348,13010674293.742136,24402473009.253147,21553272345.911953,2375480551.317184,2607138115.0,5245749915.345913,4127985946.894654,7339877840.863975,4532711305.81761,9447251299.292454,8711305013.36478
1981-02,3.245274096842432,2.6778501926782274,2.659286666666667,2.845170394036209,4290000000.0,2375000000.0,3750000000.0,4500000000.0,4394690500.0,2802838000.0,4602280000.0,5088730000.0,8719108500.0,5290653000.0,8469455000.0,9361045000.0,38583895803.04677,18408830614.135223,35581412914.363205,31731190257.07547,132601812699.80878,46429313583.36478,94094095339.48112,95517580324.37106,19499801967.12101,5297622574.080189,11099013721.493711,12881164964.386793,102940262217.98596,28885927983.805035,60244371030.93553,65253002965.09434,16708611038.427084,10504069925.05503,19236649277.523586,14722039345.794024,22321670394.777348,13010674293.742136,24402473009.253147,21553272345.911953,2375480551.317184,2607138115.0,5245749915.345913,4127985946.894654,7339877840.863975,4532711305.81761,9447251299.292454,8711305013.36478
1981-03,3.245274096842432,2.6778501926782274,2.659286666666667,2.845170394036209,4190000000.0,2375000000.0,3375000000.0,4750000000.0,4229384000.0,2802838000.0,3606716000.0,5444562500.0,8677921500.0,5290653000.0,7520583500.0,10610670000.0,38583895803.04677,18408830614.135223,35581412914.363205,31731190257.07547,132601812699.80878,46429313583.36478,94094095339.48112,95517580324.37106,19499801967.12101,5297622574.080189,11099013721.493711,12881164964.386793,102940262217.98596,28885927983.805035,60244371030.93553,65253002965.09434,16708611038.427084,10504069925.05503,19236649277.523586,14722039345.794024,22321670394.777348,13010674293.742136,24402473009.253147,21553272345.911953,2375480551.317184,2607138115.0,5245749915.345913,4127985946.894654,7339877840.863975,4532711305.81761,9447251299.292454,8711305013.36478
1981-04,3.245274096842432,2.6778501926782274,2.659286666666667,2.845170394036209,4266666666.6666665,1750000000.0,2750000000.0,4250000000.0,4288270000.0,1750102000.0,2967027000.0,4512920000.0,8160415416.666667,2900022000.0,5529202000.0,5470350000.0,38583895803.04677,18408830614.135223,35581412914.363205,31731190257.07547,132601812699.80878,46429313583.36478,94094095339.48112,95517580324.37106,19499801967.12101,5297622574.080189,11099013721.493711,12881164964.386793,102940262217.98596,28885927983.805035,60244371030.93553,65253002965.09434,16708611038.427084,10504069925.05503,19236649277.523586,14722039345.794024,22321670394.777348,13010674293.742136,24402473009.253147,21553272345.911953,2375480551.317184,2607138115.0,5245749915.345913,4127985946.894654,7339877840.863975,4532711305.81761,9447251299.292454,8711305013.36478
1981-05,3.245274096842432,2.6778501926782274,2.659286666666667,2.845170394036209,4000000000.0,1875000000.0,3000000000.0,4250000000.0,4006275000.0,2175741500.0,3681135000.0,4512920000.0,7758769444.444445,5081737000.0,10264565000.0,5470350000.0,38583895803.04677,18408830614.135223,35581412914.363205,31731190257.07547,132601812699.80878,46429313583.36478,94094095339.48112,95517580324.37106,19499801967.12101,5297622574.080189,11099013721.493711,12881164964.386793,102940262217.98596,28885927983.805035,60244371030.93553,65253002965.09434,16708611038.427084,10504069925.05503,19236649277.523586,14722039345.794024,22321670394.777348,13010674293.742136,24402473009.253147,21553272345.911953,2375480551.317184,2607138115.0,5245749915.345913,4127985946.894654,7339877840.863975,4532711305.81761,9447251299.292454,8711305013.36478
1981-06,3.245274096842432,2.6778501926782274,2.659286666666667,2.845170394036209,4090909090.909091,1875000000.0,3125000000.0,4250000000.0,4092492272.7272725,2175741500.0,3280408500.0,4606815000.0,7874415909.090909,5081737000.0,6456963500.0,11457987500.0,38583895803.04677,18408830614.135223,35581412914.363205,31731190257.07547,132601812699.80878,46429313583.36478,94094095339.48112,95517580324.37106,19499801967.12101,5297622574.080189,11099013721.493711,12881164964.386793,102940262217.98596,28885927983.805035,60244371030.93553,65253002965.09434,16708611038.427084,10504069925.05503,19236649277.523586,14722039345.794024,22321670394.777348,13010674293.742136,24402473009.253147,21553272345.911953,2375480551.317184,2607138115.0,5245749915.345913,4127985946.894654,7339877840.863975,4532711305.81761,9447251299.292454,8711305013.36478
1981-07,3.245274096842432,2.6778501926782274,2.659286666666667,2.845170394036209,4054545454.5454545,1750000000.0,3000000000.0,4500000000.0,4056380909.090909,1751115000.0,3450992000.0,4852650000.0,7971810000.0,3553200000.0,5706697000.0,10380825000.0,38583895803.04677,18408830614.135223,35581412914.363205,31731190257.07547,132601812699.80878,46429313583.36478,94094095339.48112,95517580324.37106,19499801967.12101,5297622574.080189,11099013721.493711,12881164964.386793,102940262217.98596,28885927983.805035,60244371030.93553,65253002965.09434,16708611038.427084,10504069925.05503,19236649277.523586,14722039345.794024,22321670394.777348,13010674293.742136,24402473009.253147,21553272345.911953,2375480551.317184,2607138115.0,5245749915.345913,4127985946.894654,7339877840.863975,4532711305.81761,9447251299.292454,8711305013.36478
1981-08,3.245274096842432,2.6778501926782274,2.659286666666667,2.845170394036209,4270000000.0,2125000000.0,4250000000.0,4750000000.0,4270786500.0,2552771000.0,5674635000.0,5326645000.0,8521414000.0,5530303500.0,13649060000.0,10687615000.0,38583895803.04677,18408830614.135223,35581412914.363205,31731190257.07547,132601812699.80878,46429313583.36478,94094095339.48112,95517580324.37106,19499801967.12101,5297622574.080189,11099013721.493711,12881164964.386793,102940262217.98596,28885927983.805035,60244371030.93553,65253002965.09434,16708611038.427084,10504069925.05503,19236649277.523586,14722039345.794024,22321670394.777348,13010674293.742136,24402473009.253147,21553272345.911953,2375480551.317184,2607138115.0,5245749915.345913,4127985946.894654,7339877840.863975,4532711305.81761,9447251299.292454,8711305013.36478
1981-09,3.245274096842432,2.6778501926782274,2.659286666666667,2.845170394036209,4295454545.454545,2125000000.0,3250000000.0,4750000000.0,4297790000.0,2552771000.0,3692302500.0,5150705000.0,8700253636.363636,5530303500.0,7418085500.0,8880935000.0,38583895803.04677,18408830614.135223,35581412914.363205,31731190257.07547,132601812699.80878,46429313583.36478,94094095339.48112,95517580324.37106,19499801967.12101,5297622574.080189,11099013721.493711,12881164964.386793,102940262217.98596,28885927983.805035,60244371030.93553,65253002965.09434,16708611038.427084,10504069925.05503,19236649277.523586,14722039345.794024,22321670394.777348,13010674293.742136,24402473009.253147,21553272345.911953,2375480551.317184,2607138115.0,5245749915.345913,4127985946.894654,7339877840.863975,4532711305.81761,9447251299.292454,8711305013.36478
1981-10,3.245274096842432,2.6778501926782274,2.659286666666667,2.845170394036209,4581818181.818182,1750000000.0,3000000000.0,4750000000.0,4604017727.272727,1751063000.0,3467956000.0,5150705000.0,9394051363.636364,3160398000.0,7066351000.0,8880935000.0,38583895803.04677,18408830614.135223,35581412914.363205,31731190257.07547,132601812699.80878,46429313583.36478,94094095339.48112,95517580324.37106,19499801967.12101,5297622574.080189,11099013721.493711,12881164964.386793,102940262217.98596,28885927983.805035,60244371030.93553,65253002965.09434,16708611038.427084,10504069925.05503,19236649277.523586,14722039345.794024,22321670394.777348,13010674293.742136,24402473009.253147,21553272345.911953,2375480551.317184,2607138115.0,5245749915.345913,4127985946.894654,7339877840.863975,4532711305.81761,9447251299.292454,8711305013.36478
1981-11,3.245274096842432,2.6778501926782274,2.659286666666667,2.845170394036209,4733333333.333333,2125000000.0,4500000000.0,4750000000.0,4735150555.555555,2598912000.0,6168565000.0,5458085000.0,9454540555.555555,5379795000.0,11103760000.0,10301602500.0,38583895803.04677,18408830614.135223,35581412914.363205,31731190257.07547,132601812699.80878,46429313583.36478,94094095339.48112,95517580324.37106,19499801967.12101,5297622574.080189,11099013721.493711,12881164964.386793,102940262217.98596,28885927983.805035,60244371030.93553,65253002965.09434,16708611038.427084,10504069925.05503,19236649277.523586,14722039345.794024,22321670394.777348,13010674293.742136,24402473009.253147,21553272345.911953,2375480551.317184,2607138115.0,5245749915.345913,4127985946.894654,7339877840.863975,4532711305.81761,9447251299.292454,8711305013.36478
1981-12,3.245274096842432,2.6778501926782274,2.659286666666667,2.845170394036209,4475000000.0,2125000000.0,3250000000.0,4750000000.0,4489473571.428572,2598912000.0,3414415500.0,5352110000.0,8983648928.571428,5379795000.0,8034023000.0,8435630000.0,38583895803.04677,18408830614.135223,35581412914.363205,31731190257.07547,132601812699.80878,46429313583.36478,94094095339.48112,95517580324.37106,19499801967.12101,5297622574.080189,11099013721.493711,12881164964.386793,102940262217.98596,28885927983.805035,60244371030.93553,65253002965.09434,16708611038.427084,10504069925.05503,19236649277.523586,14722039345.794024,22321670394.777348,13010674293.742136,24402473009.253147,21553272345.911953,2375480551.317184,2607138115.0,5245749915.345913,4127985946.894654,7339877840.863975,4532711305.81761,9447251299.292454,8711305013.36478
1982-01,3.245274096842432,2.6778501926782274,2.659286666666667,2.845170394036209,4765000000.0,1750000000.0,3250000000.0,4750000000.0,4766096500.0,1750105000.0,3500405000.0,5352110000.0,10645490000.0,4847480000.0,6330785000.0,8435630000.0,38583895803.04677,18408830614.135223,35581412914.363205,31731190257.07547,132601812699.80878,46429313583.36478,94094095339.48112,95517580324.37106,19499801967.12101,5297622574.080189,11099013721.493711,12881164964.386793,102940262217.98596,28885927983.805035,60244371030.93553,65253002965.09434,16708611038.427084,10504069925.05503,19236649277.523586,14722039345.794024,22321670394.777348,13010674293.742136,24402473009.253147,21553272345.911953,2375480551.317184,2607138115.0,5245749915.345913,4127985946.894654,7339877840.863975,4532711305.81761,9447251299.292454,8711305013.36478
1982-02,3.245274096842432,2.6778501926782274,2.659286666666667,2.845170394036209,5005555555.555555,2500000000.0,5000000000.0,5250000000.0,5008031111.111111,2687799500.0,5806925000.0,6043555000.0,10517125555.555555,5884282000.0,11318150000.0,12809990000.0,38583895803.04677,18408830614.135223,35581412914.363205,31731190257.07547,132601812699.80878,46429313583.36478,94094095339.48112,95517580324.37106,19499801967.12101,5297622574.080189,11099013721.493711,12881164964.386793,102940262217.98596,28885927983.805035,60244371030.93553,65253002965.09434,16708611038.427084,10504069925.05503,19236649277.523586,14722039345.794024,22321670394.777348,13010674293.742136,24402473009.253147,21553272345.911953,2375480551.317184,2607138115.0,5245749915.345913,4127985946.894654,7339877840.863975,4532711305.81761,9447251299.292454,8711305013.36478
1982-03,3.245274096842432,2.6778501926782274,2.659286666666667,2.845170394036209,4850000000.0,2500000000.0,3500000000.0,5250000000.0,4852641666.666667,2687799500.0,3845735000.0,5960772500.0,10866661666.666666,5884282000.0,7732502500.0,10286730000.0,38583895803.04677,18408830614.135223,35581412914.363205,31731190257.07547,132601812699.80878,46429313583.36478,94094095339.48112,95517580324.37106,19499801967.12101,5297622574.080189,11099013721.493711,12881164964.386793,102940262217.98596,28885927983.805035,60244371030.93553,65253002965.09434,16708611038.427084,10504069925.05503,19236649277.523586,14722039345.794024,22321670394.777348,13010674293.742136,24402473009.253147,21553272345.911953,2375480551.317184,2607138115.0,5245749915.345913,4127985946.894654,7339877840.863975,4532711305.81761,9447251299.292454,8711305013.36478
1982-04,3.245274096842432,2.6778501926782274,2.659286666666667,2.845170394036209,5020833333.333333,2500000000.0,3250000000.0,5250000000.0,5024378750.0,2687799500.0,3328203000.0,5777180000.0,13792852916.666666,5884282000.0,6216978000.0,11088395000.0,38583895803.04677,18408830614.135223,35581412914.363205,31731190257.07547,132601812699.80878,46429313583.36478,94094095339.48112,95517580324.37106,19499801967.12101,5297622574.080189,11099013721.493711,12881164964.386793,102940262217.98596,28885927983.805035,60244371030.93553,65253002965.09434,16708611038.427084,10504069925.05503,19236649277.523586,14722039345.794024,22321670394.777348,13010674293.742136,24402473009.253147,21553272345.911953,2375480551.317184,2607138115.0,5245749915.345913,4127985946.894654,7339877840.863975,4532711305.81761,9447251299.292454,8711305013.36478
1982-05,3.245274096842432,2.6778501926782274,2.659286666666667,2.845170394036209,4850000000.0,4000000000.0,5250000000.0,5250000000.0,4886039444.444445,4942336000.0,6854180000.0,5777180000.0,14061170555.555555,9203628000.0,14189705000.0,11088395000.0,38583895803.04677,18408830614.135223,35581412914.363205,31731190257.07547,132601812699.80878,46429313583.36478,94094095339.48112,95517580324.37106,19499801967.12101,5297622574.080189,11099013721.493711,12881164964.386793,102940262217.98596,28885927983.805035,60244371030.93553,65253002965.09434,16708611038.427084,10504069925.05503,19236649277.523586,14722039345.794024,22321670394.777348,13010674293.742136,24402473009.253147,21553272345.911953,2375480551.317184,2607138115.0,5245749915.345913,4127985946.894654,7339877840.863975,4532711305.81761,9447251299.292454,8711305013.36478
1982-06,3.245274096842432,2.6778501926782274,2.659286666666667,2.845170394036209,5030000000.0,4000000000.0,3750000000.0,5500000000.0,5057566000.0,4942336000.0,4037850000.0,6039187500.0,12096451500.0,9203628000.0,9923054000.0,11724750000.0,38583895803.04677,18408830614.135223,35581412914.363205,31731190257.07547,132601812699.80878,46429313583.36478,94094095339.48112,95517580324.37106,19499801967.12101,5297622574.080189,11099013721.493711,12881164964.386793,102940262217.98596,28885927983.805035,60244371030.93553,65253002965.09434,16708611038.427084,10504069925.05503,19236649277.523586,14722039345.794024,22321670394.777348,13010674293.742136,24402473009.253147,21553272345.911953,2375480551.317184,2607138115.0,5245749915.345913,4127985946.894654,7339877840.863975,4532711305.81761,9447251299.292454,8711305013.36478
1982-07,3.245274096842432,2.6778501926782274,2.659286666666667,2.845170394036209,5290909090.909091,4000000000.0,4000000000.0,5500000000.0,5292149090.909091,4942336000.0,4694112000.0,6039187500.0,11214632727.272728,9203628000.0,9099503500.0,11724750000.0,38583895803.04677,18408830614.135223,35581412914.363205,31731190257.07547,132601812699.80878,46429313583.36478,94094095339.48112,95517580324.37106,19499801967.12101,5297622574.080189,11099013721.493711,12881164964.386793,102940262217.98596,28885927983.805035,60244371030.93553,65253002965.09434,16708611038.427084,10504069925.05503,19236649277.523586,14722039345.794024,22321670394.777348,13010674293.742136,24402473009.253147,21553272345.911953,2375480551.317184,2607138115.0,5245749915.345913,4127985946.894654,7339877840.863975,4532711305.81761,9447251299.292454,8711305013.36478
1982-08,3.245274096842432,2.6778501926782274,2.659286666666667,2.845170394036209,5475000000.0,5000000000.0,6000000000.0,6250000000.0,5476294500.0,5837044000.0,7404110000.0,7264415000.0,11874462000.0,10225674000.0,13716650000.0,12064705000.0,38583895803.04677,18408830614.135223,35581412914.363205,31731190257.07547,132601812699.80878,46429313583.36478,94094095339.48112,95517580324.37106,19499801967.12101,5297622574.080189,11099013721.493711,12881164964.386793,102940262217.98596,28885927983.805035,60244371030.93553,65253002965.09434,16708611038.427084,10504069925.05503,19236649277.523586,14722039345.794024,22321670394.777348,13010674293.742136,24402473009.253147,21553272345.911953,2375480551.317184,2607138115.0,5245749915.345913,4127985946.894654,7339877840.863975,4532711305.81761,9447251299.292454,8711305013.36478
1982-09,3.245274096842432,2.6778501926782274,2.659286666666667,2.845170394036209,5525000000.0,2750000000.0,4583333333.333333,6500000000.0,5545117083.333333,2750304000.0,5111874666.666667,7553675000.0,13393370833.333334,5938169000.0,11994577000.0,12598455000.0,38583895803.04677,18408830614.135223,35581412914.363205,31731190257.07547,132601812699.80878,46429313583.36478,94094095339.48112,95517580324.37106,19499801967.12101,5297622574.080189,11099013721.493711,12881164964.386793,102940262217.98596,28885927983.805035,60244371030.93553,65253002965.09434,16708611038.427084,10504069925.05503,19236649277.523586,14722039345.794024,22321670394.777348,13010674293.742136,24402473009.253147,21553272345.911953,2375480551.317184,2607138115.0,5245749915.345913,4127985946.894654,7339877840.863975,4532711305.81761,9447251299.292454,8711305013.36478
1982-10,3.245274096842432,2.6778501926782274,2.659286666666667,2.845170394036209,5755555555.555555,2750000000.0,4583333333.333333,6500000000.0,5758885555.555555,2750304000.0,5111874666.666667,7553675000.0,12982621666.666666,5938169000.0,11994577000.0,12598455000.0,38583895803.04677,18408830614.135223,35581412914.363205,31731190257.07547,132601812699.80878,46429313583.36478,94094095339.48112,95517580324.37106,19499801967.12101,5297622574.080189,11099013721.493711,12881164964.386793,102940262217.98596,28885927983.805035,60244371030.93553,65253002965.09434,16708611038.427084,10504069925.05503,19236649277.523586,14722039345.794024,22321670394.777348,13010674293.742136,24402473009.253147,21553272345.911953,2375480551.317184,2607138115.0,5245749915.345913,4127985946.894654,7339877840.863975,4532711305.81761,9447251299.292454,8711305013.36478
1982-11,3.245274096842432,2.6778501926782274,2.659286666666667,2.845170394036209,5580000000.0,3500000000.0,6000000000.0,6750000000.0,5584024000.0,3740537000.0,6930860000.0,7637165000.0,13073335500.0,7949784500.0,13750621000.0,15092670000.0,38583895803.04677,18408830614.135223,35581412914.363205,31731190257.07547,132601812699.80878,46429313583.36478,94094095339.48112,95517580324.37106,19499801967.12101,5297622574.080189,11099013721.493711,12881164964.386793,102940262217.98596,28885927983.805035,60244371030.93553,65253002965.09434,16708611038.427084,10504069925.05503,19236649277.523586,14722039345.794024,22321670394.777348,13010674293.742136,24402473009.253147,21553272345.911953,2375480551.317184,2607138115.0,5245749915.345913,4127985946.894654,7339877840.863975,4532711305.81761,9447251299.292454,8711305013.36478
1982-12,3.245274096842432,2.6778501926782274,2.659286666666667,2.845170394036209,5714285714.285714,3500000000.0,5000000000.0,7000000000.0,5723363214.285714,3740537000.0,5442138000.0,7883875000.0,12772944285.714285,7949784500.0,10837014500.0,14539710000.0,38583895803.04677,18408830614.135223,35581412914.363205,31731190257.07547,132601812699.80878,46429313583.36478,94094095339.48112,95517580324.37106,19499801967.12101,5297622574.080189,11099013721.493711,12881164964.386793,102940262217.98596,28885927983.805035,60244371030.93553,65253002965.09434,16708611038.427084,10504069925.05503,19236649277.523586,14722039345.794024,22321670394.777348,13010674293.742136,24402473009.253147,21553272345.911953,2375480551.317184,2607138115.0,5245749915.345913,4127985946.894654,7339877840.863975,4532711305.81761,9447251299.292454,8711305013.36478
1983-01,3.245274096842432,2.6778501926782274,2.659286666666667,2.845170394036209,6077777777.777778,3000000000.0,4500000000.0,7250000000.0,6080621111.111111,3005620000.0,4832269000.0,8214595000.0,14563809444.444445,6058570000.0,11783619000.0,15305140000.0,38583895803.04677,18408830614.135223,35581412914.363205,31731190257.07547,132601812699.80878,46429313583.36478,94094095339.48112,95517580324.37106,19499801967.12101,5297622574.080189,11099013721.493711,12881164964.386793,102940262217.98596,28885927983.805035,60244371030.93553,65253002965.09434,16708611038.427084,10504069925.05503,19236649277.523586,14722039345.794024,22321670394.777348,13010674293.742136,24402473009.253147,21553272345.911953,2375480551.317184,2607138115.0,5245749915.345913,4127985946.894654,7339877840.863975,4532711305.81761,9447251299.292454,8711305013.36478
1983-02,3.245274096842432,2.6778501926782274,2.659286666666667,2.845170394036209,6283333333.333333,4000000000.0,6500000000.0,7500000000.0,6285086111.111111,4556312000.0,8020560000.0,8339750000.0,14616460555.555555,8824477000.0,13812200000.0,15772800000.0,38583895803.04677,18408830614.135223,35581412914.363205,31731190257.07547,132601812699.80878,46429313583.36478,94094095339.48112,95517580324.37106,19499801967.12101,5297622574.080189,11099013721.493711,12881164964.386793,102940262217.98596,28885927983.805035,60244371030.93553,65253002965.09434,16708611038.427084,10504069925.05503,19236649277.523586,14722039345.794024,22321670394.777348,13010674293.742136,24402473009.253147,21553272345.911953,2375480551.317184,2607138115.0,5245749915.345913,4127985946.894654,7339877840.863975,4532711305.81761,9447251299.292454,8711305013.36478
1983-03,3.245274096842432,2.6778501926782274,2.659286666666667,2.845170394036209,6562500000.0,4000000000.0,5500000000.0,7750000000.0,6564831250.0,4556312000.0,6206459000.0,9068455000.0,16706339583.333334,8824477000.0,12075205000.0,14812880000.0,38583895803.04677,18408830614.135223,35581412914.363205,31731190257.07547,132601812699.80878,46429313583.36478,94094095339.48112,95517580324.37106,19499801967.12101,5297622574.080189,11099013721.493711,12881164964.386793,102940262217.98596,28885927983.805035,60244371030.93553,65253002965.09434,16708611038.427084,10504069925.05503,19236649277.523586,14722039345.794024,22321670394.777348,13010674293.742136,24402473009.253147,21553272345.911953,2375480551.317184,2607138115.0,5245749915.345913,4127985946.894654,7339877840.863975,4532711305.81761,9447251299.292454,8711305013.36478
1983-04,3.245274096842432,2.6778501926782274,2.659286666666667,2.845170394036209,6035000000.0,3250000000.0,4750000000.0,7750000000.0,6044832000.0,3250517000.0,5025844000.0,9068455000.0,16293444000.0,7703027000.0,12003728000.0,14812880000.0,38583895803.04677,18408830614.135223,35581412914.363205,31731190257.07547,132601812699.80878,46429313583.36478,94094095339.48112,95517580324.37106,19499801967.12101,5297622574.080189,11099013721.493711,12881164964.386793,102940262217.98596,28885927983.805035,60244371030.93553,65253002965.09434,16708611038.427084,10504069925.05503,19236649277.523586,14722039345.794024,22321670394.777348,13010674293.742136,24402473009.253147,21553272345.911953,2375480551.317184,2607138115.0,5245749915.345913,4127985946.894654,7339877840.863975,4532711305.81761,9447251299.292454,8711305013.36478
1983-05,3.245274096842432,2.6778501926782274,2.659286666666667,2.845170394036209,5816666666.666667,4250000000.0,6500000000.0,7750000000.0,5748861666.666667,4507614000.0,7252130000.0,8567305000.0,15280890000.0,9695509000.0,17582950000.0,19212260000.0,38583895803.04677,18408830614.135223,35581412914.363205,31731190257.07547,132601812699.80878,46429313583.36478,94094095339.48112,95517580324.37106,19499801967.12101,5297622574.080189,11099013721.493711,12881164964.386793,102940262217.98596,28885927983.805035,60244371030.93553,65253002965.09434,16708611038.427084,10504069925.05503,19236649277.523586,14722039345.794024,22321670394.777348,13010674293.742136,24402473009.253147,21553272345.911953,2375480551.317184,2607138115.0,5245749915.345913,4127985946.894654,7339877840.863975,4532711305.81761,9447251299.292454,8711305013.36478
1983-06,3.245274096842432,2.6778501926782274,2.659286666666667,2.845170394036209,5767857142.857142,4250000000.0,5750000000.0,8000000000.0,5774567500.0,4507614000.0,6085833000.0,8903470000.0,14315848214.285715,9695509000.0,14141836500.0,14861585000.0,38583895803.04677,18408830614.135223,35581412914.363205,31731190257.07547,132601812699.80878,46429313583.36478,94094095339.48112,95517580324.37106,19499801967.12101,5297622574.080189,11099013721.493711,12881164964.386793,102940262217.98596,28885927983.805035,60244371030.93553,65253002965.09434,16708611038.427084,10504069925.05503,19236649277.523586,14722039345.794024,22321670394.777348,13010674293.742136,24402473009.253147,21553272345.911953,2375480551.317184,2607138115.0,5245749915.345913,4127985946.894654,7339877840.863975,4532711305.81761,9447251299.292454,8711305013.36478
1983-07,3.245274096842432,2.6778501926782274,2.659286666666667,2.845170394036209,6372222222.222222,3500000000.0,5000000000.0,8000000000.0,6390092222.222222,3503455000.0,5005860000.0,8903470000.0,15359970000.0,6701297000.0,7909115000.0,14861585000.0,38583895803.04677,18408830614.135223,35581412914.363205,31731190257.07547,132601812699.80878,46429313583.36478,94094095339.48112,95517580324.37106,19499801967.12101,5297622574.080189,11099013721.493711,12881164964.386793,102940262217.98596,28885927983.805035,60244371030.93553,65253002965.09434,16708611038.427084,10504069925.05503,19236649277.523586,14722039345.794024,22321670394.777348,13010674293.742136,24402473009.253147,21553272345.911953,2375480551.317184,2607138115.0,5245749915.345913,4127985946.894654,7339877840.863975,4532711305.81761,9447251299.292454,8711305013.36478
1983-08,3.245274096842432,2.6778501926782274,2.659286666666667,2.845170394036209,6372222222.222222,4625000000.0,6500000000.0,8000000000.0,6388181666.666667,5753171000.0,8750105000.0,8846377500.0,15650082777.777779,11224460000.0,13585120000.0,17469320000.0,38583895803.04677,18408830614.135223,35581412914.363205,31731190257.07547,132601812699.80878,46429313583.36478,94094095339.48112,95517580324.37106,19499801967.12101,5297622574.080189,11099013721.493711,12881164964.386793,102940262217.98596,28885927983.805035,60244371030.93553,65253002965.09434,16708611038.427084,10504069925.05503,19236649277.523586,14722039345.794024,22321670394.777348,13010674293.742136,24402473009.253147,21553272345.911953,2375480551.317184,2607138115.0,5245749915.345913,4127985946.894654,7339877840.863975,4532711305.81761,9447251299.292454,8711305013.36478
1983-09,3.245274096842432,2.6778501926782274,2.659286666666667,2.845170394036209,6304545454.545455,4625000000.0,5875000000.0,8000000000.0,6313116363.636364,5753171000.0,6252701000.0,8751940000.0,17374086363.636364,11224460000.0,13795950500.0,15523540000.0,38583895803.04677,18408830614.135223,35581412914.363205,31731190257.07547,132601812699.80878,46429313583.36478,94094095339.48112,95517580324.37106,19499801967.12101,5297622574.080189,11099013721.493711,12881164964.386793,102940262217.98596,28885927983.805035,60244371030.93553,65253002965.09434,16708611038.427084,10504069925.05503,19236649277.523586,14722039345.794024,22321670394.777348,13010674293.742136,24402473009.253147,21553272345.911953,2375480551.317184,2607138115.0,5245749915.345913,4127985946.894654,7339877840.863975,4532711305.81761,9447251299.292454,8711305013.36478
1983-10,3.245274096842432,2.6778501926782274,2.659286666666667,2.845170394036209,6194444444.444445,3500000000.0,5000000000.0,8000000000.0,6221495000.0,3507730000.0,5034788000.0,8941505000.0,18158642222.22222,11566017000.0,10199328000.0,17308465000.0,38583895803.04677,18408830614.135223,35581412914.363205,31731190257.07547,132601812699.80878,46429313583.36478,94094095339.48112,95517580324.37106,19499801967.12101,5297622574.080189,11099013721.493711,12881164964.386793,102940262217.98596,28885927983.805035,60244371030.93553,65253002965.09434,16708611038.427084,10504069925.05503,19236649277.523586,14722039345.794024,22321670394.777348,13010674293.742136,24402473009.253147,21553272345.911953,2375480551.317184,2607138115.0,5245749915.345913,4127985946.894654,7339877840.863975,4532711305.81761,9447251299.292454,8711305013.36478
1983-11,3.245274096842432,2.6778501926782274,2.659286666666667,2.845170394036209,6327777777.777778,4750000000.0,6500000000.0,8000000000.0,5784395555.555555,5344786500.0,7632615000.0,8988825000.0,16410796111.11111,11428023000.0,16111535000.0,17843530000.0,38583895803.04677,18408830614.135223,35581412914.363205,31731190257.07547,132601812699.80878,46429313583.36478,94094095339.48112,95517580324.37106,19499801967.12101,5297622574.080189,11099013721.493711,12881164964.386793,102940262217.98596,28885927983.805035,60244371030.93553,65253002965.09434,16708611038.427084,10504069925.05503,19236649277.523586,14722039345.794024,22321670394.777348,13010674293.742136,24402473009.253147,21553272345.911953,2375480551.317184,2607138115.0,5245749915.345913,4127985946.894654,7339877840.863975,4532711305.81761,9447251299.292454,8711305013.36478
1983-12,3.245274096842432,2.6778501926782274,2.659286666666667,2.845170394036209,5936666666.666667,4750000000.0,6000000000.0,8000000000.0,5963169000.0,5344786500.0,6224313000.0,8988825000.0,16073226000.0,11428023000.0,18077283000.0,17843530000.0,38583895803.04677,18408830614.135223,35581412914.363205,31731190257.07547,132601812699.80878,46429313583.36478,94094095339.48112,95517580324.37106,19499801967.12101,5297622574.080189,11099013721.493711,12881164964.386793,102940262217.98596,28885927983.805035,60244371030.93553,65253002965.09434,16708611038.427084,10504069925.05503,19236649277.523586,14722039345.794024,22321670394.777348,13010674293.742136,24402473009.253147,21553272345.911953,2375480551.317184,2607138115.0,5245749915.345913,4127985946.894654,7339877840.863975,4532711305.81761,9447251299.292454,8711305013.36478
1984-01,3.245274096842432,2.6778501926782274,2.659286666666667,2.845170394036209,6605555555.555555,3750000000.0,5625000000.0,8250000000.0,6604653333.333333,3753620000.0,6035888500.0,9065422500.0,18278312777.77778,8933750000.0,16592774500.0,19254182500.0,38583895803.04677,18408830614.135223,35581412914.363205,31731190257.07547,132601812699.80878,46429313583.36478,94094095339.48112,95517580324.37106,19499801967.12101,5297622574.080189,11099013721.493711,12881164964.386793,102940262217.98596,28885927983.805035,60244371030.93553,65253002965.09434,16708611038.427084,10504069925.05503,19236649277.523586,14722039345.794024,22321670394.777348,13010674293.742136,24402473009.253147,21553272345.911953,2375480551.317184,2607138115.0,5245749915.345913,4127985946.894654,7339877840.863975,4532711305.81761,9447251299.292454,8711305013.36478
1984-02,3.245274096842432,2.6778501926782274,2.659286666666667,2.845170394036209,6605555555.555555,4875000000.0,6500000000.0,8250000000.0,6639134444.444445,5854686000.0,9050945000.0,9033025000.0,17971153333.333332,13156864000.0,19696960000.0,17374950000.0,38583895803.04677,18408830614.135223,35581412914.363205,31731190257.07547,132601812699.80878,46429313583.36478,94094095339.48112,95517580324.37106,19499801967.12101,5297622574.080189,11099013721.493711,12881164964.386793,102940262217.98596,28885927983.805035,60244371030.93553,65253002965.09434,16708611038.427084,10504069925.05503,19236649277.523586,14722039345.794024,22321670394.777348,13010674293.742136,24402473009.253147,21553272345.911953,2375480551.317184,2607138115.0,5245749915.345913,4127985946.894654,7339877840.863975,4532711305.81761,9447251299.292454,8711305013.36478
1984-03,3.245274096842432,2.6778501926782274,2.659286666666667,2.845170394036209,6422727272.727273,4875000000.0,6000000000.0,8250000000.0,6435373181.818182,5854686000.0,6043867000.0,9033025000.0,17451823181.81818,13156864000.0,14084897000.0,17374950000.0,38583895803.04677,18408830614.135223,35581412914.363205,31731190257.07547,132601812699.80878,46429313583.36478,94094095339.48112,95517580324.37106,19499801967.12101,5297622574.080189,11099013721.493711,12881164964.386793,102940262217.98596,28885927983.805035,60244371030.93553,65253002965.09434,16708611038.427084,10504069925.05503,19236649277.523586,14722039345.794024,22321670394.777348,13010674293.742136,24402473009.253147,21553272345.911953,2375480551.317184,2607138115.0,5245749915.345913,4127985946.894654,7339877840.863975,4532711305.81761,9447251299.292454,8711305013.36478
1984-04,3.245274096842432,2.6778501926782274,2.659286666666667,2.845170394036209,6000000000.0,3750000000.0,5625000000.0,8250000000.0,6034522777.777778,3751581000.0,6071569000.0,9141390000.0,17251621111.11111,7070237000.0,15031311000.0,19975852500.0,38583895803.04677,18408830614.135223,35581412914.363205,31731190257.07547,132601812699.80878,46429313583.36478,94094095339.48112,95517580324.37106,19499801967.12101,5297622574.080189,11099013721.493711,12881164964.386793,102940262217.98596,28885927983.805035,60244371030.93553,65253002965.09434,16708611038.427084,10504069925.05503,19236649277.523586,14722039345.794024,22321670394.777348,13010674293.742136,24402473009.253147,21553272345.911953,2375480551.317184,2607138115.0,5245749915.345913,4127985946.894654,7339877840.863975,4532711305.81761,9447251299.292454,8711305013.36478
1984-05,3.245274096842432,2.6778501926782274,2.659286666666667,2.845170394036209,4807142857.142858,5000000000.0,6500000000.0,8250000000.0,4816573571.428572,5331957500.0,7659110000.0,9067845000.0,15298432142.857143,11696043500.0,17998665000.0,17575555000.0,38583895803.04677,18408830614.135223,35581412914.363205,31731190257.07547,132601812699.80878,46429313583.36478,94094095339.48112,95517580324.37106,19499801967.12101,5297622574.080189,11099013721.493711,12881164964.386793,102940262217.98596,28885927983.805035,60244371030.93553,65253002965.09434,16708611038.427084,10504069925.05503,19236649277.523586,14722039345.794024,22321670394.777348,13010674293.742136,24402473009.253147,21553272345.911953,2375480551.317184,2607138115.0,5245749915.345913,4127985946.894654,7339877840.863975,4532711305.81761,9447251299.292454,8711305013.36478
1984-06,3.245274096842432,2.6778501926782274,2.659286666666667,2.845170394036209,5504166666.666667,5000000000.0,6250000000.0,8250000000.0,5530819166.666667,5331957500.0,6250892000.0,9067845000.0,15807457916.666666,11696043500.0,14726277000.0,17575555000.0,38583895803.04677,18408830614.135223,35581412914.363205,31731190257.07547,132601812699.80878,46429313583.36478,94094095339.48112,95517580324.37106,19499801967.12101,5297622574.080189,11099013721.493711,12881164964.386793,102940262217.98596,28885927983.805035,60244371030.93553,65253002965.09434,16708611038.427084,10504069925.05503,19236649277.523586,14722039345.794024,22321670394.777348,13010674293.742136,24402473009.253147,21553272345.911953,2375480551.317184,2607138115.0,5245749915.345913,4127985946.894654,7339877840.863975,4532711305.81761,9447251299.292454,8711305013.36478
1984-07,3.245274096842432,2.6778501926782274,2.659286666666667,2.845170394036209,6694444444.444445,4000000000.0,5750000000.0,8500000000.0,6714554444.444445,4001224000.0,6097785500.0,9946230000.0,16668315000.0,8060914000.0,14089654000.0,18539305000.0,38583895803.04677,18408830614.135223,35581412914.363205,31731190257.07547,132601812699.80878,46429313583.36478,94094095339.48112,95517580324.37106,19499801967.12101,5297622574.080189,11099013721.493711,12881164964.386793,102940262217.98596,28885927983.805035,60244371030.93553,65253002965.09434,16708611038.427084,10504069925.05503,19236649277.523586,14722039345.794024,22321670394.777348,13010674293.742136,24402473009.253147,21553272345.911953,2375480551.317184,2607138115.0,5245749915.345913,4127985946.894654,7339877840.863975,4532711305.81761,9447251299.292454,8711305013.36478
1984-08,3.245274096842432,2.6778501926782274,2.659286666666667,2.845170394036209,6854166666.666667,5125000000.0,6500000000.0,8500000000.0,6880359166.666667,5715869000.0,7606985000.0,9730585000.0,19129493750.0,14599900000.0,17171210000.0,23039945000.0,38583895803.04677,18408830614.135223,35581412914.363205,31731190257.07547,132601812699.80878,46429313583.36478,94094095339.48112,95517580324.37106,19499801967.12101,5297622574.080189,11099013721.493711,12881164964.386793,102940262217.98596,28885927983.805035,60244371030.93553,65253002965.09434,16708611038.427084,10504069925.05503,19236649277.523586,14722039345.794024,22321670394.777348,13010674293.742136,24402473009.253147,21553272345.911953,2375480551.317184,2607138115.0,5245749915.345913,4127985946.894654,7339877840.863975,4532711305.81761,9447251299.292454,8711305013.36478
1984-09,3.245274096842432,2.6778501926782274,2.659286666666667,2.845170394036209,6783333333.333333,5125000000.0,6500000000.0,8500000000.0,6808540444.444445,5715869000.0,6530684000.0,9730585000.0,18274275555.555557,14599900000.0,16738217000.0,23039945000.0,38583895803.04677,18408830614.135223,35581412914.363205,31731190257.07547,132601812699.80878,46429313583.36478,94094095339.48112,95517580324.37106,19499801967.12101,5297622574.080189,11099013721.493711,12881164964.386793,102940262217.98596,28885927983.805035,60244371030.93553,65253002965.09434,16708611038.427084,10504069925.05503,19236649277.523586,14722039345.794024,22321670394.777348,13010674293.742136,24402473009.253147,21553272345.911953,2375480551.317184,2607138115.0,5245749915.345913,4127985946.894654,7339877840.863975,4532711305.81761,9447251299.292454,8711305013.36478
1984-10,3.245274096842432,2.6778501926782274,2.659286666666667,2.845170394036209,6561111111.111111,4000000000.0,4166666666.6666665,8650000000.0,6570807222.222222,4004780000.0,4426340333.333333,9591185000.0,18632071666.666668,8259822000.0,10748475333.333334,19728180000.0,38583895803.04677,18408830614.135223,35581412914.363205,31731190257.07547,132601812699.80878,46429313583.36478,94094095339.48112,95517580324.37106,19499801967.12101,5297622574.080189,11099013721.493711,12881164964.386793,102940262217.98596,28885927983.805035,60244371030.93553,65253002965.09434,16708611038.427084,10504069925.05503,19236649277.523586,14722039345.794024,22321670394.777348,13010674293.742136,24402473009.253147,21553272345.911953,2375480551.317184,2607138115.0,5245749915.345913,4127985946.894654,7339877840.863975,4532711305.81761,9447251299.292454,8711305013.36478
1984-11,3.245274096842432,2.6778501926782274,2.659286666666667,2.845170394036209,7029166666.666667,5500000000.0,6500000000.0,9000000000.0,7060001666.666667,6326593000.0,8126505000.0,9940625000.0,19369080000.0,11720155500.0,19730895000.0,26827750000.0,38583895803.04677,18408830614.135223,35581412914.363205,31731190257.07547,132601812699.80878,46429313583.36478,94094095339.48112,95517580324.37106,19499801967.12101,5297622574.080189,11099013721.493711,12881164964.386793,102940262217.98596,28885927983.805035,60244371030.93553,65253002965.09434,16708611038.427084,10504069925.05503,19236649277.523586,14722039345.794024,22321670394.777348,13010674293.742136,24402473009.253147,21553272345.911953,2375480551.317184,2607138115.0,5245749915.345913,4127985946.894654,7339877840.863975,4532711305.81761,9447251299.292454,8711305013.36478
1984-12,3.245274096842432,2.6778501926782274,2.659286666666667,2.845170394036209,6627272727.272727,5500000000.0,4650000000.0,9000000000.0,6674491818.181818,6326593000.0,4906435000.0,10004505000.0,19328061818.18182,11720155500.0,12275534333.333334,22413065000.0,38583895803.04677,18408830614.135223,35581412914.363205,31731190257.07547,132601812699.80878,46429313583.36478,94094095339.48112,95517580324.37106,19499801967.12101,5297622574.080189,11099013721.493711,12881164964.386793,102940262217.98596,28885927983.805035,60244371030.93553,65253002965.09434,16708611038.427084,10504069925.05503,19236649277.523586,14722039345.794024,22321670394.777348,13010674293.742136,24402473009.253147,21553272345.911953,2375480551.317184,2607138115.0,5245749915.345913,4127985946.894654,7339877840.863975,4532711305.81761,9447251299.292454,8711305013.36478
1985-01,3.245274096842432,2.6778501926782274,2.659286666666667,2.845170394036209,7136363636.363636,4250000000.0,5750000000.0,9000000000.0,7126778636.363636,4282735000.0,5751868000.0,10125270000.0,20672491363.636364,12672115000.0,12130428000.0,27896335000.0,38583895803.04677,18408830614.135223,35581412914.363205,31731190257.07547,132601812699.80878,46429313583.36478,94094095339.48112,95517580324.37106,19499801967.12101,5297622574.080189,11099013721.493711,12881164964.386793,102940262217.98596,28885927983.805035,60244371030.93553,65253002965.09434,16708611038.427084,10504069925.05503,19236649277.523586,14722039345.794024,22321670394.777348,13010674293.742136,24402473009.253147,21553272345.911953,2375480551.317184,2607138115.0,5245749915.345913,4127985946.894654,7339877840.863975,4532711305.81761,9447251299.292454,8711305013.36478
1985-02,3.245274096842432,2.6778501926782274,2.659286666666667,2.845170394036209,7166666666.666667,5875000000.0,7250000000.0,9000000000.0,7173366666.666667,6582832000.0,8375555000.0,9978135000.0,24083471666.666668,14749775500.0,29402085000.0,18875245000.0,38583895803.04677,18408830614.135223,35581412914.363205,31731190257.07547,132601812699.80878,46429313583.36478,94094095339.48112,95517580324.37106,19499801967.12101,5297622574.080189,11099013721.493711,12881164964.386793,102940262217.98596,28885927983.805035,60244371030.93553,65253002965.09434,16708611038.427084,10504069925.05503,19236649277.523586,14722039345.794024,22321670394.777348,13010674293.742136,24402473009.253147,21553272345.911953,2375480551.317184,2607138115.0,5245749915.345913,4127985946.894654,7339877840.863975,4532711305.81761,9447251299.292454,8711305013.36478
1985-03,3.245274096842432,2.6778501926782274,2.659286666666667,2.845170394036209,7166666666.666667,5875000000.0,7000000000.0,9000000000.0,7188215000.0,6582832000.0,7005188000.0,9978135000.0,20095305000.0,14749775500.0,19251568000.0,18875245000.0,38583895803.04677,18408830614.135223,35581412914.363205,31731190257.07547,132601812699.80878,46429313583.36478,94094095339.48112,95517580324.37106,19499801967.12101,5297622574.080189,11099013721.493711,12881164964.386793,102940262217.98596,28885927983.805035,60244371030.93553,65253002965.09434,16708611038.427084,10504069925.05503,19236649277.523586,14722039345.794024,22321670394.777348,13010674293.742136,24402473009.253147,21553272345.911953,2375480551.317184,2607138115.0,5245749915.345913,4127985946.894654,7339877840.863975,4532711305.81761,9447251299.292454,8711305013.36478
1985-04,3.245274096842432,2.6778501926782274,2.659286666666667,2.845170394036209,6540000000.0,4250000000.0,6000000000.0,9000000000.0,6558411000.0,4260691000.0,6386046500.0,10050497500.0,20762917500.0,10698516000.0,19288763000.0,22353335000.0,38583895803.04677,18408830614.135223,35581412914.363205,31731190257.07547,132601812699.80878,46429313583.36478,94094095339.48112,95517580324.37106,19499801967.12101,5297622574.080189,11099013721.493711,12881164964.386793,102940262217.98596,28885927983.805035,60244371030.93553,65253002965.09434,16708611038.427084,10504069925.05503,19236649277.523586,14722039345.794024,22321670394.777348,13010674293.742136,24402473009.253147,21553272345.911953,2375480551.317184,2607138115.0,5245749915.345913,4127985946.894654,7339877840.863975,4532711305.81761,9447251299.292454,8711305013.36478
1985-05,3.245274096842432,2.6778501926782274,2.659286666666667,2.845170394036209,7109090909.090909,6250000000.0,8000000000.0,9000000000.0,7137009090.909091,6765145500.0,9875195000.0,10285395000.0,19584550454.545456,16052335000.0,19843555000.0,24024455000.0,38583895803.04677,18408830614.135223,35581412914.363205,31731190257.07547,132601812699.80878,46429313583.36478,94094095339.48112,95517580324.37106,19499801967.12101,5297622574.080189,11099013721.493711,12881164964.386793,102940262217.98596,28885927983.805035,60244371030.93553,65253002965.09434,16708611038.427084,10504069925.05503,19236649277.523586,14722039345.794024,22321670394.777348,13010674293.742136,24402473009.253147,21553272345.911953,2375480551.317184,2607138115.0,5245749915.345913,4127985946.894654,7339877840.863975,4532711305.81761,9447251299.292454,8711305013.36478
1985-06,3.245274096842432,2.6778501926782274,2.659286666666667,2.845170394036209,7150000000.0,6250000000.0,4000000000.0,9000000000.0,7163704500.0,6765145500.0,4083774000.0,10285395000.0,21486342500.0,16052335000.0,8907539000.0,24024455000.0,38583895803.04677,18408830614.135223,35581412914.363205,31731190257.07547,132601812699.80878,46429313583.36478,94094095339.48112,95517580324.37106,19499801967.12101,5297622574.080189,11099013721.493711,12881164964.386793,102940262217.98596,28885927983.805035,60244371030.93553,65253002965.09434,16708611038.427084,10504069925.05503,19236649277.523586,14722039345.794024,22321670394.777348,13010674293.742136,24402473009.253147,21553272345.911953,2375480551.317184,2607138115.0,5245749915.345913,4127985946.894654,7339877840.863975,4532711305.81761,9447251299.292454,8711305013.36478
1985-07,3.245274096842432,2.6778501926782274,2.659286666666667,2.845170394036209,7300000000.0,4500000000.0,6250000000.0,9250000000.0,7322821111.111111,4510004000.0,6870815500.0,10329160000.0,20141537222.22222,13533029000.0,16717676500.0,18829095000.0,38583895803.04677,18408830614.135223,35581412914.363205,31731190257.07547,132601812699.80878,46429313583.36478,94094095339.48112,95517580324.37106,19499801967.12101,5297622574.080189,11099013721.493711,12881164964.386793,102940262217.98596,28885927983.805035,60244371030.93553,65253002965.09434,16708611038.427084,10504069925.05503,19236649277.523586,14722039345.794024,22321670394.777348,13010674293.742136,24402473009.253147,21553272345.911953,2375480551.317184,2607138115.0,5245749915.345913,4127985946.894654,7339877840.863975,4532711305.81761,9447251299.292454,8711305013.36478
1985-08,3.245274096842432,2.6778501926782274,2.659286666666667,2.845170394036209,7340909090.909091,6625000000.0,8500000000.0,9250000000.0,7376906818.181818,7544500000.0,10808985000.0,10329160000.0,23279421818.18182,16328106000.0,22767680000.0,18829095000.0,38583895803.04677,18408830614.135223,35581412914.363205,31731190257.07547,132601812699.80878,46429313583.36478,94094095339.48112,95517580324.37106,19499801967.12101,5297622574.080189,11099013721.493711,12881164964.386793,102940262217.98596,28885927983.805035,60244371030.93553,65253002965.09434,16708611038.427084,10504069925.05503,19236649277.523586,14722039345.794024,22321670394.777348,13010674293.742136,24402473009.253147,21553272345.911953,2375480551.317184,2607138115.0,5245749915.345913,4127985946.894654,7339877840.863975,4532711305.81761,9447251299.292454,8711305013.36478
1985-09,3.245274096842432,2.6778501926782274,2.659286666666667,2.845170394036209,6395000000.0,6625000000.0,7250000000.0,9250000000.0,6405759000.0,7544500000.0,7813605000.0,10156597500.0,21512322500.0,16328106000.0,23948519000.0,19584110000.0,38583895803.04677,18408830614.135223,35581412914.363205,31731190257.07547,132601812699.80878,46429313583.36478,94094095339.48112,95517580324.37106,19499801967.12101,5297622574.080189,11099013721.493711,12881164964.386793,102940262217.98596,28885927983.805035,60244371030.93553,65253002965.09434,16708611038.427084,10504069925.05503,19236649277.523586,14722039345.794024,22321670394.777348,13010674293.742136,24402473009.253147,21553272345.911953,2375480551.317184,2607138115.0,5245749915.345913,4127985946.894654,7339877840.863975,4532711305.81761,9447251299.292454,8711305013.36478
1985-10,3.245274096842432,2.6778501926782274,2.659286666666667,2.845170394036209,7015384615.384615,6625000000.0,7250000000.0,9250000000.0,7034910384.615385,7544500000.0,7813605000.0,10198965000.0,22140235000.0,16328106000.0,23948519000.0,23419870000.0,38583895803.04677,18408830614.135223,35581412914.363205,31731190257.07547,132601812699.80878,46429313583.36478,94094095339.48112,95517580324.37106,19499801967.12101,5297622574.080189,11099013721.493711,12881164964.386793,102940262217.98596,28885927983.805035,60244371030.93553,65253002965.09434,16708611038.427084,10504069925.05503,19236649277.523586,14722039345.794024,22321670394.777348,13010674293.742136,24402473009.253147,21553272345.911953,2375480551.317184,2607138115.0,5245749915.345913,4127985946.894654,7339877840.863975,4532711305.81761,9447251299.292454,8711305013.36478
1985-11,3.245274096842432,2.6778501926782274,2.659286666666667,2.845170394036209,7616666666.666667,6166666666.666667,7250000000.0,9250000000.0,7631059583.333333,6313515000.0,7551865666.666667,10198965000.0,22011880416.666668,14553198333.333334,24378112333.333332,23419870000.0,38583895803.04677,18408830614.135223,35581412914.363205,31731190257.07547,132601812699.80878,46429313583.36478,94094095339.48112,95517580324.37106,19499801967.12101,5297622574.080189,11099013721.493711,12881164964.386793,102940262217.98596,28885927983.805035,60244371030.93553,65253002965.09434,16708611038.427084,10504069925.05503,19236649277.523586,14722039345.794024,22321670394.777348,13010674293.742136,24402473009.253147,21553272345.911953,2375480551.317184,2607138115.0,5245749915.345913,4127985946.894654,7339877840.863975,4532711305.81761,9447251299.292454,8711305013.36478
1985-12,3.245274096842432,2.6778501926782274,2.659286666666667,2.845170394036209,7755555555.555555,6166666666.666667,7250000000.0,9500000000.0,7791015000.0,6313515000.0,7552404500.0,10510655000.0,19844111111.11111,14553198333.333334,19867651500.0,23815117500.0,38583895803.04677,18408830614.135223,35581412914.363205,31731190257.07547,132601812699.80878,46429313583.36478,94094095339.48112,95517580324.37106,19499801967.12101,5297622574.080189,11099013721.493711,12881164964.386793,102940262217.98596,28885927983.805035,60244371030.93553,65253002965.09434,16708611038.427084,10504069925.05503,19236649277.523586,14722039345.794024,22321670394.777348,13010674293.742136,24402473009.253147,21553272345.911953,2375480551.317184,2607138115.0,5245749915.345913,4127985946.894654,7339877840.863975,4532711305.81761,9447251299.292454,8711305013.36478
1986-01,3.245274096842432,2.6778501926782274,2.659286666666667,2.845170394036209,7509090909.090909,4750000000.0,6500000000.0,9500000000.0,7559174090.909091,4750318000.0,6504650000.0,10418470000.0,22399752272.727272,12931907000.0,14112270000.0,30158780000.0,38583895803.04677,18408830614.135223,35581412914.363205,31731190257.07547,132601812699.80878,46429313583.36478,94094095339.48112,95517580324.37106,19499801967.12101,5297622574.080189,11099013721.493711,12881164964.386793,102940262217.98596,28885927983.805035,60244371030.93553,65253002965.09434,16708611038.427084,10504069925.05503,19236649277.523586,14722039345.794024,22321670394.777348,13010674293.742136,24402473009.253147,21553272345.911953,2375480551.317184,2607138115.0,5245749915.345913,4127985946.894654,7339877840.863975,4532711305.81761,9447251299.292454,8711305013.36478
1986-02,3.245274096842432,2.6778501926782274,2.659286666666667,2.845170394036209,7133333333.333333,5000000000.0,9000000000.0,9500000000.0,7162317222.222222,5272916000.0,10213010000.0,10566925000.0,22727670555.555557,11972206000.0,19901115000.0,23356445000.0,38583895803.04677,18408830614.135223,35581412914.363205,31731190257.07547,132601812699.80878,46429313583.36478,94094095339.48112,95517580324.37106,19499801967.12101,5297622574.080189,11099013721.493711,12881164964.386793,102940262217.98596,28885927983.805035,60244371030.93553,65253002965.09434,16708611038.427084,10504069925.05503,19236649277.523586,14722039345.794024,22321670394.777348,13010674293.742136,24402473009.253147,21553272345.911953,2375480551.317184,2607138115.0,5245749915.345913,4127985946.894654,7339877840.863975,4532711305.81761,9447251299.292454,8711305013.36478
1986-03,3.245274096842432,2.6778501926782274,2.659286666666667,2.845170394036209,7044444444.444445,5000000000.0,7250000000.0,9500000000.0,7085909444.444445,5272916000.0,7900449500.0,10807220000.0,24484782777.77778,11972206000.0,23575358500.0,23126250000.0,38583895803.04677,18408830614.135223,35581412914.363205,31731190257.07547,132601812699.80878,46429313583.36478,94094095339.48112,95517580324.37106,19499801967.12101,5297622574.080189,11099013721.493711,12881164964.386793,102940262217.98596,28885927983.805035,60244371030.93553,65253002965.09434,16708611038.427084,10504069925.05503,19236649277.523586,14722039345.794024,22321670394.777348,13010674293.742136,24402473009.253147,21553272345.911953,2375480551.317184,2607138115.0,5245749915.345913,4127985946.894654,7339877840.863975,4532711305.81761,9447251299.292454,8711305013.36478
1986-04,3.245274096842432,2.6778501926782274,2.659286666666667,2.845170394036209,8025000000.0,5000000000.0,6500000000.0,9750000000.0,8135231500.0,5272916000.0,6505382000.0,11266200000.0,29093738000.0,11972206000.0,15995614000.0,19814260000.0,38583895803.04677,18408830614.135223,35581412914.363205,31731190257.07547,132601812699.80878,46429313583.36478,94094095339.48112,95517580324.37106,19499801967.12101,5297622574.080189,11099013721.493711,12881164964.386793,102940262217.98596,28885927983.805035,60244371030.93553,65253002965.09434,16708611038.427084,10504069925.05503,19236649277.523586,14722039345.794024,22321670394.777348,13010674293.742136,24402473009.253147,21553272345.911953,2375480551.317184,2607138115.0,5245749915.345913,4127985946.894654,7339877840.863975,4532711305.81761,9447251299.292454,8711305013.36478
1986-05,3.245274096842432,2.6778501926782274,2.659286666666667,2.845170394036209,7240909090.909091,9000000000.0,9000000000.0,9750000000.0,7326410909.090909,9418493000.0,10420330000.0,11266200000.0,24624228636.363636,20365158000.0,26371470000.0,19814260000.0,38583895803.04677,18408830614.135223,35581412914.363205,31731190257.07547,132601812699.80878,46429313583.36478,94094095339.48112,95517580324.37106,19499801967.12101,5297622574.080189,11099013721.493711,12881164964.386793,102940262217.98596,28885927983.805035,60244371030.93553,65253002965.09434,16708611038.427084,10504069925.05503,19236649277.523586,14722039345.794024,22321670394.777348,13010674293.742136,24402473009.253147,21553272345.911953,2375480551.317184,2607138115.0,5245749915.345913,4127985946.894654,7339877840.863975,4532711305.81761,9447251299.292454,8711305013.36478
1986-06,3.245274096842432,2.6778501926782274,2.659286666666667,2.845170394036209,7265000000.0,9000000000.0,7500000000.0,9750000000.0,7300676500.0,9418493000.0,7898911500.0,11074495000.0,24123509500.0,20365158000.0,25331491500.0,32453105000.0,38583895803.04677,18408830614.135223,35581412914.363205,31731190257.07547,132601812699.80878,46429313583.36478,94094095339.48112,95517580324.37106,19499801967.12101,5297622574.080189,11099013721.493711,12881164964.386793,102940262217.98596,28885927983.805035,60244371030.93553,65253002965.09434,16708611038.427084,10504069925.05503,19236649277.523586,14722039345.794024,22321670394.777348,13010674293.742136,24402473009.253147,21553272345.911953,2375480551.317184,2607138115.0,5245749915.345913,4127985946.894654,7339877840.863975,4532711305.81761,9447251299.292454,8711305013.36478
1986-07,3.245274096842432,2.6778501926782274,2.659286666666667,2.845170394036209,7663636363.636364,9000000000.0,6750000000.0,10000000000.0,7726460454.545455,9418493000.0,6757833000.0,11739795000.0,26121641363.636364,20365158000.0,16656333000.0,36035445000.0,38583895803.04677,18408830614.135223,35581412914.363205,31731190257.07547,132601812699.80878,46429313583.36478,94094095339.48112,95517580324.37106,19499801967.12101,5297622574.080189,11099013721.493711,12881164964.386793,102940262217.98596,28885927983.805035,60244371030.93553,65253002965.09434,16708611038.427084,10504069925.05503,19236649277.523586,14722039345.794024,22321670394.777348,13010674293.742136,24402473009.253147,21553272345.911953,2375480551.317184,2607138115.0,5245749915.345913,4127985946.894654,7339877840.863975,4532711305.81761,9447251299.292454,8711305013.36478
1986-08,3.245274096842432,2.6778501926782274,2.659286666666667,2.845170394036209,7655555555.555555,9250000000.0,9500000000.0,10000000000.0,7523805000.0,10016427000.0,12697250000.0,11739795000.0,28865776111.11111,19023449500.0,27902170000.0,36035445000.0,38583895803.04677,18408830614.135223,35581412914.363205,31731190257.07547,132601812699.80878,46429313583.36478,94094095339.48112,95517580324.37106,19499801967.12101,5297622574.080189,11099013721.493711,12881164964.386793,102940262217.98596,28885927983.805035,60244371030.93553,65253002965.09434,16708611038.427084,10504069925.05503,19236649277.523586,14722039345.794024,22321670394.777348,13010674293.742136,24402473009.253147,21553272345.911953,2375480551.317184,2607138115.0,5245749915.345913,4127985946.894654,7339877840.863975,4532711305.81761,9447251299.292454,8711305013.36478
1986-09,3.245274096842432,2.6778501926782274,2.659286666666667,2.845170394036209,7988888888.888889,9250000000.0,7750000000.0,10000000000.0,8055485555.555555,10016427000.0,8261522000.0,11431167500.0,26315987222.22222,19023449500.0,21175219500.0,31862977500.0,38583895803.04677,18408830614.135223,35581412914.363205,31731190257.07547,132601812699.80878,46429313583.36478,94094095339.48112,95517580324.37106,19499801967.12101,5297622574.080189,11099013721.493711,12881164964.386793,102940262217.98596,28885927983.805035,60244371030.93553,65253002965.09434,16708611038.427084,10504069925.05503,19236649277.523586,14722039345.794024,22321670394.777348,13010674293.742136,24402473009.253147,21553272345.911953,2375480551.317184,2607138115.0,5245749915.345913,4127985946.894654,7339877840.863975,4532711305.81761,9447251299.292454,8711305013.36478
1986-10,3.245274096842432,2.6778501926782274,2.659286666666667,2.845170394036209,7591666666.666667,9250000000.0,7750000000.0,10250000000.0,7630807500.0,10016427000.0,8261522000.0,11489655000.0,28063266250.0,19023449500.0,21175219500.0,41788070000.0,38583895803.04677,18408830614.135223,35581412914.363205,31731190257.07547,132601812699.80878,46429313583.36478,94094095339.48112,95517580324.37106,19499801967.12101,5297622574.080189,11099013721.493711,12881164964.386793,102940262217.98596,28885927983.805035,60244371030.93553,65253002965.09434,16708611038.427084,10504069925.05503,19236649277.523586,14722039345.794024,22321670394.777348,13010674293.742136,24402473009.253147,21553272345.911953,2375480551.317184,2607138115.0,5245749915.345913,4127985946.894654,7339877840.863975,4532711305.81761,9447251299.292454,8711305013.36478
1986-11,3.245274096842432,2.6778501926782274,2.659286666666667,2.845170394036209,7775000000.0,9500000000.0,8500000000.0,10250000000.0,7804860500.0,9726469500.0,9436449500.0,11489655000.0,28103171500.0,23061706500.0,30144029500.0,41788070000.0,38583895803.04677,18408830614.135223,35581412914.363205,31731190257.07547,132601812699.80878,46429313583.36478,94094095339.48112,95517580324.37106,19499801967.12101,5297622574.080189,11099013721.493711,12881164964.386793,102940262217.98596,28885927983.805035,60244371030.93553,65253002965.09434,16708611038.427084,10504069925.05503,19236649277.523586,14722039345.794024,22321670394.777348,13010674293.742136,24402473009.253147,21553272345.911953,2375480551.317184,2607138115.0,5245749915.345913,4127985946.894654,7339877840.863975,4532711305.81761,9447251299.292454,8711305013.36478
1986-12,3.245274096842432,2.6778501926782274,2.659286666666667,2.845170394036209,8061111111.111111,9500000000.0,8000000000.0,10250000000.0,8097049444.444445,9726469500.0,8451074500.0,11560712500.0,26978781666.666668,23061706500.0,22536774500.0,28609227500.0,38583895803.04677,18408830614.135223,35581412914.363205,31731190257.07547,132601812699.80878,46429313583.36478,94094095339.48112,95517580324.37106,19499801967.12101,5297622574.080189,11099013721.493711,12881164964.386793,102940262217.98596,28885927983.805035,60244371030.93553,65253002965.09434,16708611038.427084,10504069925.05503,19236649277.523586,14722039345.794024,22321670394.777348,13010674293.742136,24402473009.253147,21553272345.911953,2375480551.317184,2607138115.0,5245749915.345913,4127985946.894654,7339877840.863975,4532711305.81761,9447251299.292454,8711305013.36478
1987-01,3.245274096842432,2.6778501926782274,2.659286666666667,2.845170394036209,7540909090.909091,9500000000.0,7250000000.0,10250000000.0,7577593181.818182,9726469500.0,7288387000.0,11560712500.0,31457629545.454544,23061706500.0,19051347000.0,28609227500.0,38583895803.04677,18408830614.135223,35581412914.363205,31731190257.07547,132601812699.80878,46429313583.36478,94094095339.48112,95517580324.37106,19499801967.12101,5297622574.080189,11099013721.493711,12881164964.386793,102940262217.98596,28885927983.805035,60244371030.93553,65253002965.09434,16708611038.427084,10504069925.05503,19236649277.523586,14722039345.794024,22321670394.777348,13010674293.742136,24402473009.253147,21553272345.911953,2375480551.317184,2607138115.0,5245749915.345913,4127985946.894654,7339877840.863975,4532711305.81761,9447251299.292454,8711305013.36478
1987-02,3.245274096842432,2.6778501926782274,2.659286666666667,2.845170394036209,7011111111.111111,9500000000.0,10000000000.0,10250000000.0,7029697777.777778,9825963000.0,14202810000.0,11671330000.0,32761025555.555557,24643065500.0,37139825000.0,32325835000.0,38583895803.04677,18408830614.135223,35581412914.363205,31731190257.07547,132601812699.80878,46429313583.36478,94094095339.48112,95517580324.37106,19499801967.12101,5297622574.080189,11099013721.493711,12881164964.386793,102940262217.98596,28885927983.805035,60244371030.93553,65253002965.09434,16708611038.427084,10504069925.05503,19236649277.523586,14722039345.794024,22321670394.777348,13010674293.742136,24402473009.253147,21553272345.911953,2375480551.317184,2607138115.0,5245749915.345913,4127985946.894654,7339877840.863975,4532711305.81761,9447251299.292454,8711305013.36478
1987-03,3.245274096842432,2.6778501926782274,2.659286666666667,2.845170394036209,6833333333.333333,9500000000.0,8000000000.0,10000000000.0,6854048333.333333,9825963000.0,8469044500.0,11603060000.0,29121290555.555557,24643065500.0,26235732500.0,35009992500.0,38583895803.04677,18408830614.135223,35581412914.363205,31731190257.07547,132601812699.80878,46429313583.36478,94094095339.48112,95517580324.37106,19499801967.12101,5297622574.080189,11099013721.493711,12881164964.386793,102940262217.98596,28885927983.805035,60244371030.93553,65253002965.09434,16708611038.427084,10504069925.05503,19236649277.523586,14722039345.794024,22321670394.777348,13010674293.742136,24402473009.253147,21553272345.911953,2375480551.317184,2607138115.0,5245749915.345913,4127985946.894654,7339877840.863975,4532711305.81761,9447251299.292454,8711305013.36478
1987-04,3.245274096842432,2.6778501926782274,2.659286666666667,2.845170394036209,7103846153.846154,9500000000.0,7250000000.0,10000000000.0,7212606538.461538,9825963000.0,7325769000.0,11565765000.0,26372943846.153847,24643065500.0,26944383000.0,25948845000.0,38583895803.04677,18408830614.135223,35581412914.363205,31731190257.07547,132601812699.80878,46429313583.36478,94094095339.48112,95517580324.37106,19499801967.12101,5297622574.080189,11099013721.493711,12881164964.386793,102940262217.98596,28885927983.805035,60244371030.93553,65253002965.09434,16708611038.427084,10504069925.05503,19236649277.523586,14722039345.794024,22321670394.777348,13010674293.742136,24402473009.253147,21553272345.911953,2375480551.317184,2607138115.0,5245749915.345913,4127985946.894654,7339877840.863975,4532711305.81761,9447251299.292454,8711305013.36478
1987-05,3.245274096842432,2.6778501926782274,2.659286666666667,2.845170394036209,6816666666.666667,9500000000.0,10000000000.0,10000000000.0,6940203888.888889,9633393000.0,11892785000.0,11565765000.0,22580415555.555557,20620964000.0,24851915000.0,25948845000.0,38583895803.04677,18408830614.135223,35581412914.363205,31731190257.07547,132601812699.80878,46429313583.36478,94094095339.48112,95517580324.37106,19499801967.12101,5297622574.080189,11099013721.493711,12881164964.386793,102940262217.98596,28885927983.805035,60244371030.93553,65253002965.09434,16708611038.427084,10504069925.05503,19236649277.523586,14722039345.794024,22321670394.777348,13010674293.742136,24402473009.253147,21553272345.911953,2375480551.317184,2607138115.0,5245749915.345913,4127985946.894654,7339877840.863975,4532711305.81761,9447251299.292454,8711305013.36478
1987-06,3.245274096842432,2.6778501926782274,2.659286666666667,2.845170394036209,6950000000.0,9500000000.0,7750000000.0,9750000000.0,7008837777.777778,9633393000.0,8406924000.0,11220827500.0,25772777222.22222,20620964000.0,25043650000.0,29078320000.0,38583895803.04677,18408830614.135223,35581412914.363205,31731190257.07547,132601812699.80878,46429313583.36478,94094095339.48112,95517580324.37106,19499801967.12101,5297622574.080189,11099013721.493711,12881164964.386793,102940262217.98596,28885927983.805035,60244371030.93553,65253002965.09434,16708611038.427084,10504069925.05503,19236649277.523586,14722039345.794024,22321670394.777348,13010674293.742136,24402473009.253147,21553272345.911953,2375480551.317184,2607138115.0,5245749915.345913,4127985946.894654,7339877840.863975,4532711305.81761,9447251299.292454,8711305013.36478
1987-07,3.245274096842432,2.6778501926782274,2.659286666666667,2.845170394036209,6950000000.0,9500000000.0,7000000000.0,9750000000.0,7079591666.666667,9633393000.0,7209380000.0,11324375000.0,28381609444.444443,20620964000.0,19084760000.0,30259115000.0,38583895803.04677,18408830614.135223,35581412914.363205,31731190257.07547,132601812699.80878,46429313583.36478,94094095339.48112,95517580324.37106,19499801967.12101,5297622574.080189,11099013721.493711,12881164964.386793,102940262217.98596,28885927983.805035,60244371030.93553,65253002965.09434,16708611038.427084,10504069925.05503,19236649277.523586,14722039345.794024,22321670394.777348,13010674293.742136,24402473009.253147,21553272345.911953,2375480551.317184,2607138115.0,5245749915.345913,4127985946.894654,7339877840.863975,4532711305.81761,9447251299.292454,8711305013.36478
1987-08,3.245274096842432,2.6778501926782274,2.659286666666667,2.845170394036209,6863636363.636364,9125000000.0,9750000000.0,9750000000.0,7095546363.636364,9221186500.0,11052205000.0,11339105000.0,28450379545.454544,27886600000.0,36233655000.0,32946400000.0,38583895803.04677,18408830614.135223,35581412914.363205,31731190257.07547,132601812699.80878,46429313583.36478,94094095339.48112,95517580324.37106,19499801967.12101,5297622574.080189,11099013721.493711,12881164964.386793,102940262217.98596,28885927983.805035,60244371030.93553,65253002965.09434,16708611038.427084,10504069925.05503,19236649277.523586,14722039345.794024,22321670394.777348,13010674293.742136,24402473009.253147,21553272345.911953,2375480551.317184,2607138115.0,5245749915.345913,4127985946.894654,7339877840.863975,4532711305.81761,9447251299.292454,8711305013.36478
1987-09,3.245274096842432,2.6778501926782274,2.659286666666667,2.845170394036209,6957142857.142858,9125000000.0,7750000000.0,9250000000.0,7098304285.714286,9221186500.0,8532454000.0,10619305000.0,26191180000.0,27886600000.0,19885984000.0,25732255000.0,38583895803.04677,18408830614.135223,35581412914.363205,31731190257.07547,132601812699.80878,46429313583.36478,94094095339.48112,95517580324.37106,19499801967.12101,5297622574.080189,11099013721.493711,12881164964.386793,102940262217.98596,28885927983.805035,60244371030.93553,65253002965.09434,16708611038.427084,10504069925.05503,19236649277.523586,14722039345.794024,22321670394.777348,13010674293.742136,24402473009.253147,21553272345.911953,2375480551.317184,2607138115.0,5245749915.345913,4127985946.894654,7339877840.863975,4532711305.81761,9447251299.292454,8711305013.36478
1987-10,3.245274096842432,2.6778501926782274,2.659286666666667,2.845170394036209,6807142857.142858,9125000000.0,7000000000.0,9250000000.0,7060192857.142858,9221186500.0,7486410000.0,10619305000.0,22381988571.42857,27886600000.0,20472502500.0,25732255000.0,38583895803.04677,18408830614.135223,35581412914.363205,31731190257.07547,132601812699.80878,46429313583.36478,94094095339.48112,95517580324.37106,19499801967.12101,5297622574.080189,11099013721.493711,12881164964.386793,102940262217.98596,28885927983.805035,60244371030.93553,65253002965.09434,16708611038.427084,10504069925.05503,19236649277.523586,14722039345.794024,22321670394.777348,13010674293.742136,24402473009.253147,21553272345.911953,2375480551.317184,2607138115.0,5245749915.345913,4127985946.894654,7339877840.863975,4532711305.81761,9447251299.292454,8711305013.36478
1987-11,3.245274096842432,2.6778501926782274,2.659286666666667,2.845170394036209,6716666666.666667,7000000000.0,9750000000.0,9250000000.0,7022317777.777778,7364116000.0,13344885000.0,10675192500.0,24691130555.555557,19089263500.0,26851170000.0,24522117500.0,38583895803.04677,18408830614.135223,35581412914.363205,31731190257.07547,132601812699.80878,46429313583.36478,94094095339.48112,95517580324.37106,19499801967.12101,5297622574.080189,11099013721.493711,12881164964.386793,102940262217.98596,28885927983.805035,60244371030.93553,65253002965.09434,16708611038.427084,10504069925.05503,19236649277.523586,14722039345.794024,22321670394.777348,13010674293.742136,24402473009.253147,21553272345.911953,2375480551.317184,2607138115.0,5245749915.345913,4127985946.894654,7339877840.863975,4532711305.81761,9447251299.292454,8711305013.36478
1987-12,3.245274096842432,2.6778501926782274,2.659286666666667,2.845170394036209,6659090909.090909,7000000000.0,7250000000.0,9250000000.0,6830491818.181818,7364116000.0,8143542500.0,10551315000.0,21190853181.81818,19089263500.0,21100622500.0,32115540000.0,38583895803.04677,18408830614.135223,35581412914.363205,31731190257.07547,132601812699.80878,46429313583.36478,94094095339.48112,95517580324.37106,19499801967.12101,5297622574.080189,11099013721.493711,12881164964.386793,102940262217.98596,28885927983.805035,60244371030.93553,65253002965.09434,16708611038.427084,10504069925.05503,19236649277.523586,14722039345.794024,22321670394.777348,13010674293.742136,24402473009.253147,21553272345.911953,2375480551.317184,2607138115.0,5245749915.345913,4127985946.894654,7339877840.863975,4532711305.81761,9447251299.292454,8711305013.36478
1988-01,3.245274096842432,2.6778501926782274,2.659286666666667,2.845170394036209,6716666666.666667,7000000000.0,6500000000.0,9250000000.0,7163068888.888889,7364116000.0,7317597000.0,10551315000.0,25540811666.666668,19089263500.0,16656257000.0,32115540000.0,38583895803.04677,18408830614.135223,35581412914.363205,31731190257.07547,132601812699.80878,46429313583.36478,94094095339.48112,95517580324.37106,19499801967.12101,5297622574.080189,11099013721.493711,12881164964.386793,102940262217.98596,28885927983.805035,60244371030.93553,65253002965.09434,16708611038.427084,10504069925.05503,19236649277.523586,14722039345.794024,22321670394.777348,13010674293.742136,24402473009.253147,21553272345.911953,2375480551.317184,2607138115.0,5245749915.345913,4127985946.894654,7339877840.863975,4532711305.81761,9447251299.292454,8711305013.36478
1988-02,3.245274096842432,2.6778501926782274,2.659286666666667,2.845170394036209,6716666666.666667,8875000000.0,9250000000.0,8750000000.0,7025869444.444445,8995278500.0,11533255000.0,10684145000.0,25692943888.88889,17939466000.0,24716990000.0,30597442500.0,38583895803.04677,18408830614.135223,35581412914.363205,31731190257.07547,132601812699.80878,46429313583.36478,94094095339.48112,95517580324.37106,19499801967.12101,5297622574.080189,11099013721.493711,12881164964.386793,102940262217.98596,28885927983.805035,60244371030.93553,65253002965.09434,16708611038.427084,10504069925.05503,19236649277.523586,14722039345.794024,22321670394.777348,13010674293.742136,24402473009.253147,21553272345.911953,2375480551.317184,2607138115.0,5245749915.345913,4127985946.894654,7339877840.863975,4532711305.81761,9447251299.292454,8711305013.36478
1988-03,3.245274096842432,2.6778501926782274,2.659286666666667,2.845170394036209,6416666666.666667,8875000000.0,6875000000.0,8500000000.0,6634494166.666667,8995278500.0,8096200500.0,11269840000.0,27206289166.666668,17939466000.0,20842043500.0,27819450000.0,38583895803.04677,18408830614.135223,35581412914.363205,31731190257.07547,132601812699.80878,46429313583.36478,94094095339.48112,95517580324.37106,19499801967.12101,5297622574.080189,11099013721.493711,12881164964.386793,102940262217.98596,28885927983.805035,60244371030.93553,65253002965.09434,16708611038.427084,10504069925.05503,19236649277.523586,14722039345.794024,22321670394.777348,13010674293.742136,24402473009.253147,21553272345.911953,2375480551.317184,2607138115.0,5245749915.345913,4127985946.894654,7339877840.863975,4532711305.81761,9447251299.292454,8711305013.36478
1988-04,3.245274096842432,2.6778501926782274,2.659286666666667,2.845170394036209,6895000000.0,8875000000.0,6250000000.0,8500000000.0,7020647000.0,8995278500.0,7010891000.0,11269840000.0,28079128000.0,17939466000.0,17208441000.0,27819450000.0,38583895803.04677,18408830614.135223,35581412914.363205,31731190257.07547,132601812699.80878,46429313583.36478,94094095339.48112,95517580324.37106,19499801967.12101,5297622574.080189,11099013721.493711,12881164964.386793,102940262217.98596,28885927983.805035,60244371030.93553,65253002965.09434,16708611038.427084,10504069925.05503,19236649277.523586,14722039345.794024,22321670394.777348,13010674293.742136,24402473009.253147,21553272345.911953,2375480551.317184,2607138115.0,5245749915.345913,4127985946.894654,7339877840.863975,4532711305.81761,9447251299.292454,8711305013.36478
1988-05,3.245274096842432,2.6778501926782274,2.659286666666667,2.845170394036209,6661111111.111111,8625000000.0,8750000000.0,8375000000.0,6787291111.111111,8928106500.0,12688310000.0,10384737500.0,25725838333.333332,22589899000.0,29830835000.0,26789092500.0,38583895803.04677,18408830614.135223,35581412914.363205,31731190257.07547,132601812699.80878,46429313583.36478,94094095339.48112,95517580324.37106,19499801967.12101,5297622574.080189,11099013721.493711,12881164964.386793,102940262217.98596,28885927983.805035,60244371030.93553,65253002965.09434,16708611038.427084,10504069925.05503,19236649277.523586,14722039345.794024,22321670394.777348,13010674293.742136,24402473009.253147,21553272345.911953,2375480551.317184,2607138115.0,5245749915.345913,4127985946.894654,7339877840.863975,4532711305.81761,9447251299.292454,8711305013.36478
1988-06,3.245274096842432,2.6778501926782274,2.659286666666667,2.845170394036209,6395833333.333333,8625000000.0,6875000000.0,8500000000.0,6562242916.666667,8928106500.0,7496817500.0,10980110000.0,25438916666.666668,22589899000.0,23485723000.0,31618375000.0,38583895803.04677,18408830614.135223,35581412914.363205,31731190257.07547,132601812699.80878,46429313583.36478,94094095339.48112,95517580324.37106,19499801967.12101,5297622574.080189,11099013721.493711,12881164964.386793,102940262217.98596,28885927983.805035,60244371030.93553,65253002965.09434,16708611038.427084,10504069925.05503,19236649277.523586,14722039345.794024,22321670394.777348,13010674293.742136,24402473009.253147,21553272345.911953,2375480551.317184,2607138115.0,5245749915.345913,4127985946.894654,7339877840.863975,4532711305.81761,9447251299.292454,8711305013.36478
1988-07,3.245274096842432,2.6778501926782274,2.659286666666667,2.845170394036209,6866666666.666667,8625000000.0,6500000000.0,8500000000.0,7131295555.555555,8928106500.0,6791608000.0,10980110000.0,27663046111.11111,22589899000.0,18220908000.0,31618375000.0,38583895803.04677,18408830614.135223,35581412914.363205,31731190257.07547,132601812699.80878,46429313583.36478,94094095339.48112,95517580324.37106,19499801967.12101,5297622574.080189,11099013721.493711,12881164964.386793,102940262217.98596,28885927983.805035,60244371030.93553,65253002965.09434,16708611038.427084,10504069925.05503,19236649277.523586,14722039345.794024,22321670394.777348,13010674293.742136,24402473009.253147,21553272345.911953,2375480551.317184,2607138115.0,5245749915.345913,4127985946.894654,7339877840.863975,4532711305.81761,9447251299.292454,8711305013.36478
1988-08,3.245274096842432,2.6778501926782274,2.659286666666667,2.845170394036209,7080000000.0,11000000000.0,11000000000.0,8750000000.0,7314572500.0,11325653000.0,13362095000.0,10663410000.0,25305653000.0,20679316000.0,35084195000.0,31277007500.0,38583895803.04677,18408830614.135223,35581412914.363205,31731190257.07547,132601812699.80878,46429313583.36478,94094095339.48112,95517580324.37106,19499801967.12101,5297622574.080189,11099013721.493711,12881164964.386793,102940262217.98596,28885927983.805035,60244371030.93553,65253002965.09434,16708611038.427084,10504069925.05503,19236649277.523586,14722039345.794024,22321670394.777348,13010674293.742136,24402473009.253147,21553272345.911953,2375480551.317184,2607138115.0,5245749915.345913,4127985946.894654,7339877840.863975,4532711305.81761,9447251299.292454,8711305013.36478
1988-09,3.245274096842432,2.6778501926782274,2.659286666666667,2.845170394036209,7538461538.461538,11000000000.0,7125000000.0,8750000000.0,7718827692.307693,11325653000.0,7696705500.0,10668335000.0,27281377692.307693,20679316000.0,22610029000.0,34168170000.0,38583895803.04677,18408830614.135223,35581412914.363205,31731190257.07547,132601812699.80878,46429313583.36478,94094095339.48112,95517580324.37106,19499801967.12101,5297622574.080189,11099013721.493711,12881164964.386793,102940262217.98596,28885927983.805035,60244371030.93553,65253002965.09434,16708611038.427084,10504069925.05503,19236649277.523586,14722039345.794024,22321670394.777348,13010674293.742136,24402473009.253147,21553272345.911953,2375480551.317184,2607138115.0,5245749915.345913,4127985946.894654,7339877840.863975,4532711305.81761,9447251299.292454,8711305013.36478
1988-10,3.245274096842432,2.6778501926782274,2.659286666666667,2.845170394036209,7222222222.222222,11000000000.0,6750000000.0,9000000000.0,7518898888.888889,11325653000.0,7179842000.0,10632590000.0,26588821666.666668,20679316000.0,16563682000.0,26755040000.0,38583895803.04677,18408830614.135223,35581412914.363205,31731190257.07547,132601812699.80878,46429313583.36478,94094095339.48112,95517580324.37106,19499801967.12101,5297622574.080189,11099013721.493711,12881164964.386793,102940262217.98596,28885927983.805035,60244371030.93553,65253002965.09434,16708611038.427084,10504069925.05503,19236649277.523586,14722039345.794024,22321670394.777348,13010674293.742136,24402473009.253147,21553272345.911953,2375480551.317184,2607138115.0,5245749915.345913,4127985946.894654,7339877840.863975,4532711305.81761,9447251299.292454,8711305013.36478
1988-11,3.245274096842432,2.6778501926782274,2.659286666666667,2.845170394036209,7760000000.0,9250000000.0,9500000000.0,9000000000.0,7966658500.0,9459469500.0,11449130000.0,10492285000.0,28479816000.0,25396073000.0,30262175000.0,28545815000.0,38583895803.04677,18408830614.135223,35581412914.363205,31731190257.07547,132601812699.80878,46429313583.36478,94094095339.48112,95517580324.37106,19499801967.12101,5297622574.080189,11099013721.493711,12881164964.386793,102940262217.98596,28885927983.805035,60244371030.93553,65253002965.09434,16708611038.427084,10504069925.05503,19236649277.523586,14722039345.794024,22321670394.777348,13010674293.742136,24402473009.253147,21553272345.911953,2375480551.317184,2607138115.0,5245749915.345913,4127985946.894654,7339877840.863975,4532711305.81761,9447251299.292454,8711305013.36478
1988-12,3.245274096842432,2.6778501926782274,2.659286666666667,2.845170394036209,7363636363.636364,9250000000.0,7500000000.0,9000000000.0,7548824090.909091,9459469500.0,7764291000.0,10492285000.0,26599112272.727272,25396073000.0,22052943000.0,28545815000.0,38583895803.04677,18408830614.135223,35581412914.363205,31731190257.07547,132601812699.80878,46429313583.36478,94094095339.48112,95517580324.37106,19499801967.12101,5297622574.080189,11099013721.493711,12881164964.386793,102940262217.98596,28885927983.805035,60244371030.93553,65253002965.09434,16708611038.427084,10504069925.05503,19236649277.523586,14722039345.794024,22321670394.777348,13010674293.742136,24402473009.253147,21553272345.911953,2375480551.317184,2607138115.0,5245749915.345913,4127985946.894654,7339877840.863975,4532711305.81761,9447251299.292454,8711305013.36478
1989-01,3.245274096842432,2.6778501926782274,2.659286666666667,2.845170394036209,7400000000.0,9250000000.0,7125000000.0,9125000000.0,7556599444.444445,9459469500.0,7804410500.0,10916232500.0,27350907777.77778,25396073000.0,23464432000.0,26866517500.0,38583895803.04677,18408830614.135223,35581412914.363205,31731190257.07547,132601812699.80878,46429313583.36478,94094095339.48112,95517580324.37106,19499801967.12101,5297622574.080189,11099013721.493711,12881164964.386793,102940262217.98596,28885927983.805035,60244371030.93553,65253002965.09434,16708611038.427084,10504069925.05503,19236649277.523586,14722039345.794024,22321670394.777348,13010674293.742136,24402473009.253147,21553272345.911953,2375480551.317184,2607138115.0,5245749915.345913,4127985946.894654,7339877840.863975,4532711305.81761,9447251299.292454,8711305013.36478
1989-02,3.245274096842432,2.6778501926782274,2.659286666666667,2.845170394036209,7400000000.0,9500000000.0,9750000000.0,9250000000.0,7551780555.555555,9654963000.0,11336690000.0,10919650000.0,25453345555.555557,20101298500.0,32840420000.0,25593360000.0,38583895803.04677,18408830614.135223,35581412914.363205,31731190257.07547,132601812699.80878,46429313583.36478,94094095339.48112,95517580324.37106,19499801967.12101,5297622574.080189,11099013721.493711,12881164964.386793,102940262217.98596,28885927983.805035,60244371030.93553,65253002965.09434,16708611038.427084,10504069925.05503,19236649277.523586,14722039345.794024,22321670394.777348,13010674293.742136,24402473009.253147,21553272345.911953,2375480551.317184,2607138115.0,5245749915.345913,4127985946.894654,7339877840.863975,4532711305.81761,9447251299.292454,8711305013.36478
1989-03,3.245274096842432,2.6778501926782274,2.659286666666667,2.845170394036209,7363636363.636364,9500000000.0,7625000000.0,9250000000.0,7515432727.272727,9654963000.0,8751799500.0,11998755000.0,25744163181.81818,20101298500.0,25003196500.0,29913035000.0,38583895803.04677,18408830614.135223,35581412914.363205,31731190257.07547,132601812699.80878,46429313583.36478,94094095339.48112,95517580324.37106,19499801967.12101,5297622574.080189,11099013721.493711,12881164964.386793,102940262217.98596,28885927983.805035,60244371030.93553,65253002965.09434,16708611038.427084,10504069925.05503,19236649277.523586,14722039345.794024,22321670394.777348,13010674293.742136,24402473009.253147,21553272345.911953,2375480551.317184,2607138115.0,5245749915.345913,4127985946.894654,7339877840.863975,4532711305.81761,9447251299.292454,8711305013.36478
1989-04,3.245274096842432,2.6778501926782274,2.659286666666667,2.845170394036209,8160000000.0,9500000000.0,7000000000.0,9250000000.0,8360998500.0,9654963000.0,7729773000.0,11998755000.0,29592099000.0,20101298500.0,19340432000.0,29913035000.0,38583895803.04677,18408830614.135223,35581412914.363205,31731190257.07547,132601812699.80878,46429313583.36478,94094095339.48112,95517580324.37106,19499801967.12101,5297622574.080189,11099013721.493711,12881164964.386793,102940262217.98596,28885927983.805035,60244371030.93553,65253002965.09434,16708611038.427084,10504069925.05503,19236649277.523586,14722039345.794024,22321670394.777348,13010674293.742136,24402473009.253147,21553272345.911953,2375480551.317184,2607138115.0,5245749915.345913,4127985946.894654,7339877840.863975,4532711305.81761,9447251299.292454,8711305013.36478
1989-05,3.245274096842432,2.6778501926782274,2.659286666666667,2.845170394036209,7000000000.0,9500000000.0,9750000000.0,9000000000.0,7131848888.888889,9832554500.0,12560420000.0,11170390000.0,24568900555.555557,21304915500.0,32478960000.0,27486557500.0,38583895803.04677,18408830614.135223,35581412914.363205,31731190257.07547,132601812699.80878,46429313583.36478,94094095339.48112,95517580324.37106,19499801967.12101,5297622574.080189,11099013721.493711,12881164964.386793,102940262217.98596,28885927983.805035,60244371030.93553,65253002965.09434,16708611038.427084,10504069925.05503,19236649277.523586,14722039345.794024,22321670394.777348,13010674293.742136,24402473009.253147,21553272345.911953,2375480551.317184,2607138115.0,5245749915.345913,4127985946.894654,7339877840.863975,4532711305.81761,9447251299.292454,8711305013.36478
1989-06,3.245274096842432,2.6778501926782274,2.659286666666667,2.845170394036209,6590909090.909091,9500000000.0,7500000000.0,8750000000.0,6680549090.909091,9832554500.0,8076797500.0,10648325000.0,24251705909.090908,21304915500.0,21109656500.0,25073540000.0,38583895803.04677,18408830614.135223,35581412914.363205,31731190257.07547,132601812699.80878,46429313583.36478,94094095339.48112,95517580324.37106,19499801967.12101,5297622574.080189,11099013721.493711,12881164964.386793,102940262217.98596,28885927983.805035,60244371030.93553,65253002965.09434,16708611038.427084,10504069925.05503,19236649277.523586,14722039345.794024,22321670394.777348,13010674293.742136,24402473009.253147,21553272345.911953,2375480551.317184,2607138115.0,5245749915.345913,4127985946.894654,7339877840.863975,4532711305.81761,9447251299.292454,8711305013.36478
1989-07,3.245274096842432,2.6778501926782274,2.659286666666667,2.845170394036209,6866666666.666667,9500000000.0,7250000000.0,9000000000.0,6975939444.444445,9832554500.0,7724723000.0,9793620000.0,22384214444.444443,21304915500.0,20892443000.0,29462425000.0,38583895803.04677,18408830614.135223,35581412914.363205,31731190257.07547,132601812699.80878,46429313583.36478,94094095339.48112,95517580324.37106,19499801967.12101,5297622574.080189,11099013721.493711,12881164964.386793,102940262217.98596,28885927983.805035,60244371030.93553,65253002965.09434,16708611038.427084,10504069925.05503,19236649277.523586,14722039345.794024,22321670394.777348,13010674293.742136,24402473009.253147,21553272345.911953,2375480551.317184,2607138115.0,5245749915.345913,4127985946.894654,7339877840.863975,4532711305.81761,9447251299.292454,8711305013.36478
1989-08,3.245274096842432,2.6778501926782274,2.659286666666667,2.845170394036209,7675000000.0,9750000000.0,10000000000.0,9500000000.0,7688200714.285714,10057794000.0,13487330000.0,11043235000.0,25886349285.714287,19690938500.0,32064370000.0,25557650000.0,38583895803.04677,18408830614.135223,35581412914.363205,31731190257.07547,132601812699.80878,46429313583.36478,94094095339.48112,95517580324.37106,19499801967.12101,5297622574.080189,11099013721.493711,12881164964.386793,102940262217.98596,28885927983.805035,60244371030.93553,65253002965.09434,16708611038.427084,10504069925.05503,19236649277.523586,14722039345.794024,22321670394.777348,13010674293.742136,24402473009.253147,21553272345.911953,2375480551.317184,2607138115.0,5245749915.345913,4127985946.894654,7339877840.863975,4532711305.81761,9447251299.292454,8711305013.36478
1989-09,3.245274096842432,2.6778501926782274,2.659286666666667,2.845170394036209,7150000000.0,9750000000.0,7750000000.0,9500000000.0,7159070500.0,10057794000.0,8249767000.0,11043235000.0,24982327500.0,19690938500.0,26599567000.0,25557650000.0,38583895803.04677,18408830614.135223,35581412914.363205,31731190257.07547,132601812699.80878,46429313583.36478,94094095339.48112,95517580324.37106,19499801967.12101,5297622574.080189,11099013721.493711,12881164964.386793,102940262217.98596,28885927983.805035,60244371030.93553,65253002965.09434,16708611038.427084,10504069925.05503,19236649277.523586,14722039345.794024,22321670394.777348,13010674293.742136,24402473009.253147,21553272345.911953,2375480551.317184,2607138115.0,5245749915.345913,4127985946.894654,7339877840.863975,4532711305.81761,9447251299.292454,8711305013.36478
1989-10,3.245274096842432,2.6778501926782274,2.659286666666667,2.845170394036209,7312500000.0,9750000000.0,7625000000.0,9875000000.0,7320756250.0,10057794000.0,8269899500.0,11864272500.0,24158428333.333332,19690938500.0,20677501000.0,27441645000.0,38583895803.04677,18408830614.135223,35581412914.363205,31731190257.07547,132601812699.80878,46429313583.36478,94094095339.48112,95517580324.37106,19499801967.12101,5297622574.080189,11099013721.493711,12881164964.386793,102940262217.98596,28885927983.805035,60244371030.93553,65253002965.09434,16708611038.427084,10504069925.05503,19236649277.523586,14722039345.794024,22321670394.777348,13010674293.742136,24402473009.253147,21553272345.911953,2375480551.317184,2607138115.0,5245749915.345913,4127985946.894654,7339877840.863975,4532711305.81761,9447251299.292454,8711305013.36478
1989-11,3.245274096842432,2.6778501926782274,2.659286666666667,2.845170394036209,8375000000.0,10000000000.0,10000000000.0,10000000000.0,8387583500.0,10515894500.0,14297865000.0,12546950000.0,26087203000.0,22059159500.0,31304495000.0,27612520000.0,38583895803.04677,18408830614.135223,35581412914.363205,31731190257.07547,132601812699.80878,46429313583.36478,94094095339.48112,95517580324.37106,19499801967.12101,5297622574.080189,11099013721.493711,12881164964.386793,102940262217.98596,28885927983.805035,60244371030.93553,65253002965.09434,16708611038.427084,10504069925.05503,19236649277.523586,14722039345.794024,22321670394.777348,13010674293.742136,24402473009.253147,21553272345.911953,2375480551.317184,2607138115.0,5245749915.345913,4127985946.894654,7339877840.863975,4532711305.81761,9447251299.292454,8711305013.36478
1989-12,3.245274096842432,2.6778501926782274,2.659286666666667,2.845170394036209,8035000000.0,10000000000.0,8000000000.0,10000000000.0,8047669500.0,10515894500.0,8334594000.0,12546950000.0,24967138500.0,22059159500.0,23874800000.0,27612520000.0,38583895803.04677,18408830614.135223,35581412914.363205,31731190257.07547,132601812699.80878,46429313583.36478,94094095339.48112,95517580324.37106,19499801967.12101,5297622574.080189,11099013721.493711,12881164964.386793,102940262217.98596,28885927983.805035,60244371030.93553,65253002965.09434,16708611038.427084,10504069925.05503,19236649277.523586,14722039345.794024,22321670394.777348,13010674293.742136,24402473009.253147,21553272345.911953,2375480551.317184,2607138115.0,5245749915.345913,4127985946.894654,7339877840.863975,4532711305.81761,9447251299.292454,8711305013.36478
1990-01,3.245274096842432,2.6778501926782274,2.659286666666667,2.845170394036209,7900000000.0,10000000000.0,7750000000.0,10000000000.0,7913751111.111111,10515894500.0,8400077500.0,11595917500.0,25318158333.333332,22059159500.0,25594384000.0,26603822500.0,38583895803.04677,18408830614.135223,35581412914.363205,31731190257.07547,132601812699.80878,46429313583.36478,94094095339.48112,95517580324.37106,19499801967.12101,5297622574.080189,11099013721.493711,12881164964.386793,102940262217.98596,28885927983.805035,60244371030.93553,65253002965.09434,16708611038.427084,10504069925.05503,19236649277.523586,14722039345.794024,22321670394.777348,13010674293.742136,24402473009.253147,21553272345.911953,2375480551.317184,2607138115.0,5245749915.345913,4127985946.894654,7339877840.863975,4532711305.81761,9447251299.292454,8711305013.36478
1990-02,3.245274096842432,2.6778501926782274,2.659286666666667,2.845170394036209,7811111111.111111,10000000000.0,10000000000.0,10000000000.0,7858501111.111111,10444955500.0,14655700000.0,11754640000.0,27201455000.0,21630175500.0,38728645000.0,28090460000.0,38583895803.04677,18408830614.135223,35581412914.363205,31731190257.07547,132601812699.80878,46429313583.36478,94094095339.48112,95517580324.37106,19499801967.12101,5297622574.080189,11099013721.493711,12881164964.386793,102940262217.98596,28885927983.805035,60244371030.93553,65253002965.09434,16708611038.427084,10504069925.05503,19236649277.523586,14722039345.794024,22321670394.777348,13010674293.742136,24402473009.253147,21553272345.911953,2375480551.317184,2607138115.0,5245749915.345913,4127985946.894654,7339877840.863975,4532711305.81761,9447251299.292454,8711305013.36478
1990-03,3.245274096842432,2.6778501926782274,2.659286666666667,2.845170394036209,8312500000.0,10000000000.0,8000000000.0,10000000000.0,8359436250.0,10444955500.0,8264920000.0,11754640000.0,27093474166.666668,21630175500.0,30351200000.0,28090460000.0,38583895803.04677,18408830614.135223,35581412914.363205,31731190257.07547,132601812699.80878,46429313583.36478,94094095339.48112,95517580324.37106,19499801967.12101,5297622574.080189,11099013721.493711,12881164964.386793,102940262217.98596,28885927983.805035,60244371030.93553,65253002965.09434,16708611038.427084,10504069925.05503,19236649277.523586,14722039345.794024,22321670394.777348,13010674293.742136,24402473009.253147,21553272345.911953,2375480551.317184,2607138115.0,5245749915.345913,4127985946.894654,7339877840.863975,4532711305.81761,9447251299.292454,8711305013.36478
1990-04,3.245274096842432,2.6778501926782274,2.659286666666667,2.845170394036209,8795000000.0,10000000000.0,7750000000.0,10250000000.0,8830685000.0,10444955500.0,8503019000.0,12567622500.0,27176028500.0,21630175500.0,30293651500.0,29728662500.0,38583895803.04677,18408830614.135223,35581412914.363205,31731190257.07547,132601812699.80878,46429313583.36478,94094095339.48112,95517580324.37106,19499801967.12101,5297622574.080189,11099013721.493711,12881164964.386793,102940262217.98596,28885927983.805035,60244371030.93553,65253002965.09434,16708611038.427084,10504069925.05503,19236649277.523586,14722039345.794024,22321670394.777348,13010674293.742136,24402473009.253147,21553272345.911953,2375480551.317184,2607138115.0,5245749915.345913,4127985946.894654,7339877840.863975,4532711305.81761,9447251299.292454,8711305013.36478
1990-05,3.245274096842432,2.6778501926782274,2.659286666666667,2.845170394036209,8545454545.454545,10000000000.0,10500000000.0,10800000000.0,8570247727.272727,10316658000.0,13046140000.0,12311045000.0,27677269090.909092,25294862000.0,39799040000.0,38993980000.0,38583895803.04677,18408830614.135223,35581412914.363205,31731190257.07547,132601812699.80878,46429313583.36478,94094095339.48112,95517580324.37106,19499801967.12101,5297622574.080189,11099013721.493711,12881164964.386793,102940262217.98596,28885927983.805035,60244371030.93553,65253002965.09434,16708611038.427084,10504069925.05503,19236649277.523586,14722039345.794024,22321670394.777348,13010674293.742136,24402473009.253147,21553272345.911953,2375480551.317184,2607138115.0,5245749915.345913,4127985946.894654,7339877840.863975,4532711305.81761,9447251299.292454,8711305013.36478
1990-06,3.245274096842432,2.6778501926782274,2.659286666666667,2.845170394036209,8254545454.545455,10000000000.0,8500000000.0,10800000000.0,8373987272.727273,10316658000.0,8842104000.0,12311045000.0,29077954090.909092,25294862000.0,22270425000.0,38993980000.0,38583895803.04677,18408830614.135223,35581412914.363205,31731190257.07547,132601812699.80878,46429313583.36478,94094095339.48112,95517580324.37106,19499801967.12101,5297622574.080189,11099013721.493711,12881164964.386793,102940262217.98596,28885927983.805035,60244371030.93553,65253002965.09434,16708611038.427084,10504069925.05503,19236649277.523586,14722039345.794024,22321670394.777348,13010674293.742136,24402473009.253147,21553272345.911953,2375480551.317184,2607138115.0,5245749915.345913,4127985946.894654,7339877840.863975,4532711305.81761,9447251299.292454,8711305013.36478
1990-07,3.245274096842432,2.6778501926782274,2.659286666666667,2.845170394036209,9094444444.444445,10000000000.0,8125000000.0,11375000000.0,9320307222.222221,10316658000.0,8763293500.0,13579767500.0,27434649444.444443,25294862000.0,46504123500.0,34794007500.0,38583895803.04677,18408830614.135223,35581412914.363205,31731190257.07547,132601812699.80878,46429313583.36478,94094095339.48112,95517580324.37106,19499801967.12101,5297622574.080189,11099013721.493711,12881164964.386793,102940262217.98596,28885927983.805035,60244371030.93553,65253002965.09434,16708611038.427084,10504069925.05503,19236649277.523586,14722039345.794024,22321670394.777348,13010674293.742136,24402473009.253147,21553272345.911953,2375480551.317184,2607138115.0,5245749915.345913,4127985946.894654,7339877840.863975,4532711305.81761,9447251299.292454,8711305013.36478
1990-08,3.245274096842432,2.6778501926782274,2.659286666666667,2.845170394036209,9071428571.428572,10375000000.0,11500000000.0,11500000000.0,9157798214.285715,10761918500.0,15436380000.0,13353490000.0,29387670000.0,21728664500.0,31417340000.0,30343955000.0,38583895803.04677,18408830614.135223,35581412914.363205,31731190257.07547,132601812699.80878,46429313583.36478,94094095339.48112,95517580324.37106,19499801967.12101,5297622574.080189,11099013721.493711,12881164964.386793,102940262217.98596,28885927983.805035,60244371030.93553,65253002965.09434,16708611038.427084,10504069925.05503,19236649277.523586,14722039345.794024,22321670394.777348,13010674293.742136,24402473009.253147,21553272345.911953,2375480551.317184,2607138115.0,5245749915.345913,4127985946.894654,7339877840.863975,4532711305.81761,9447251299.292454,8711305013.36478
1990-09,3.245274096842432,2.6778501926782274,2.659286666666667,2.845170394036209,9344444444.444445,10375000000.0,8500000000.0,11500000000.0,9449310555.555555,10761918500.0,8975716000.0,13353490000.0,28543798333.333332,21728664500.0,26759530000.0,30343955000.0,38583895803.04677,18408830614.135223,35581412914.363205,31731190257.07547,132601812699.80878,46429313583.36478,94094095339.48112,95517580324.37106,19499801967.12101,5297622574.080189,11099013721.493711,12881164964.386793,102940262217.98596,28885927983.805035,60244371030.93553,65253002965.09434,16708611038.427084,10504069925.05503,19236649277.523586,14722039345.794024,22321670394.777348,13010674293.742136,24402473009.253147,21553272345.911953,2375480551.317184,2607138115.0,5245749915.345913,4127985946.894654,7339877840.863975,4532711305.81761,9447251299.292454,8711305013.36478
1990-10,3.245274096842432,2.6778501926782274,2.659286666666667,2.845170394036209,9570000000.0,10375000000.0,8375000000.0,11750000000.0,9703775500.0,10761918500.0,9103195500.0,13617245000.0,31611925000.0,21728664500.0,22370519500.0,40135057500.0,38583895803.04677,18408830614.135223,35581412914.363205,31731190257.07547,132601812699.80878,46429313583.36478,94094095339.48112,95517580324.37106,19499801967.12101,5297622574.080189,11099013721.493711,12881164964.386793,102940262217.98596,28885927983.805035,60244371030.93553,65253002965.09434,16708611038.427084,10504069925.05503,19236649277.523586,14722039345.794024,22321670394.777348,13010674293.742136,24402473009.253147,21553272345.911953,2375480551.317184,2607138115.0,5245749915.345913,4127985946.894654,7339877840.863975,4532711305.81761,9447251299.292454,8711305013.36478
1990-11,3.245274096842432,2.6778501926782274,2.659286666666667,2.845170394036209,10245833333.333334,10875000000.0,12500000000.0,12250000000.0,10514932083.333334,11218901500.0,17126510000.0,13781375000.0,32703193750.0,25895584000.0,51485675000.0,36672495000.0,38583895803.04677,18408830614.135223,35581412914.363205,31731190257.07547,132601812699.80878,46429313583.36478,94094095339.48112,95517580324.37106,19499801967.12101,5297622574.080189,11099013721.493711,12881164964.386793,102940262217.98596,28885927983.805035,60244371030.93553,65253002965.09434,16708611038.427084,10504069925.05503,19236649277.523586,14722039345.794024,22321670394.777348,13010674293.742136,24402473009.253147,21553272345.911953,2375480551.317184,2607138115.0,5245749915.345913,4127985946.894654,7339877840.863975,4532711305.81761,9447251299.292454,8711305013.36478
1990-12,3.245274096842432,2.6778501926782274,2.659286666666667,2.845170394036209,10194444444.444445,10875000000.0,8750000000.0,12500000000.0,10322285000.0,11218901500.0,9338986000.0,14164520000.0,29006938888.88889,25895584000.0,23406256500.0,40532000000.0,38583895803.04677,18408830614.135223,35581412914.363205,31731190257.07547,132601812699.80878,46429313583.36478,94094095339.48112,95517580324.37106,19499801967.12101,5297622574.080189,11099013721.493711,12881164964.386793,102940262217.98596,28885927983.805035,60244371030.93553,65253002965.09434,16708611038.427084,10504069925.05503,19236649277.523586,14722039345.794024,22321670394.777348,13010674293.742136,24402473009.253147,21553272345.911953,2375480551.317184,2607138115.0,5245749915.345913,4127985946.894654,7339877840.863975,4532711305.81761,9447251299.292454,8711305013.36478
1991-01,3.245274096842432,2.6778501926782274,2.659286666666667,2.845170394036209,10159090909.09091,10875000000.0,8750000000.0,12500000000.0,10269068636.363636,11218901500.0,9260547000.0,14038660000.0,30935001363.636364,25895584000.0,24684890500.0,41554560000.0,38583895803.04677,18408830614.135223,35581412914.363205,31731190257.07547,132601812699.80878,46429313583.36478,94094095339.48112,95517580324.37106,19499801967.12101,5297622574.080189,11099013721.493711,12881164964.386793,102940262217.98596,28885927983.805035,60244371030.93553,65253002965.09434,16708611038.427084,10504069925.05503,19236649277.523586,14722039345.794024,22321670394.777348,13010674293.742136,24402473009.253147,21553272345.911953,2375480551.317184,2607138115.0,5245749915.345913,4127985946.894654,7339877840.863975,4532711305.81761,9447251299.292454,8711305013.36478
1991-02,3.245274096842432,2.6778501926782274,2.659286666666667,2.845170394036209,9838888888.88889,11000000000.0,10750000000.0,12000000000.0,10106596666.666666,11205510500.0,12552536500.0,13687615000.0,33742785000.0,26140359000.0,37043502500.0,41693535000.0,38583895803.04677,18408830614.135223,35581412914.363205,31731190257.07547,132601812699.80878,46429313583.36478,94094095339.48112,95517580324.37106,19499801967.12101,5297622574.080189,11099013721.493711,12881164964.386793,102940262217.98596,28885927983.805035,60244371030.93553,65253002965.09434,16708611038.427084,10504069925.05503,19236649277.523586,14722039345.794024,22321670394.777348,13010674293.742136,24402473009.253147,21553272345.911953,2375480551.317184,2607138115.0,5245749915.345913,4127985946.894654,7339877840.863975,4532711305.81761,9447251299.292454,8711305013.36478
1991-03,3.245274096842432,2.6778501926782274,2.659286666666667,2.845170394036209,8661111111.11111,11000000000.0,10750000000.0,12000000000.0,8788808333.333334,11205510500.0,12552536500.0,13687615000.0,30658865555.555557,26140359000.0,37043502500.0,41693535000.0,38583895803.04677,18408830614.135223,35581412914.363205,31731190257.07547,132601812699.80878,46429313583.36478,94094095339.48112,95517580324.37106,19499801967.12101,5297622574.080189,11099013721.493711,12881164964.386793,102940262217.98596,28885927983.805035,60244371030.93553,65253002965.09434,16708611038.427084,10504069925.05503,19236649277.523586,14722039345.794024,22321670394.777348,13010674293.742136,24402473009.253147,21553272345.911953,2375480551.317184,2607138115.0,5245749915.345913,4127985946.894654,7339877840.863975,4532711305.81761,9447251299.292454,8711305013.36478
1991-04,3.245274096842432,2.6778501926782274,2.659286666666667,2.845170394036209,8345000000.0,11000000000.0,8666666666.666666,11750000000.0,8417130000.0,11205510500.0,9099708666.666666,13926222500.0,27552941000.0,26140359000.0,27024323000.0,38995075000.0,38583895803.04677,18408830614.135223,35581412914.363205,31731190257.07547,132601812699.80878,46429313583.36478,94094095339.48112,95517580324.37106,19499801967.12101,5297622574.080189,11099013721.493711,12881164964.386793,102940262217.98596,28885927983.805035,60244371030.93553,65253002965.09434,16708611038.427084,10504069925.05503,19236649277.523586,14722039345.794024,22321670394.777348,13010674293.742136,24402473009.253147,21553272345.911953,2375480551.317184,2607138115.0,5245749915.345913,4127985946.894654,7339877840.863975,4532711305.81761,9447251299.292454,8711305013.36478
1991-05,3.245274096842432,2.6778501926782274,2.659286666666667,2.845170394036209,9879166666.666666,11750000000.0,11375000000.0,12250000000.0,9903500000.0,12162880000.0,13829239500.0,14032320000.0,27316571250.0,26425589500.0,32059410000.0,42301535000.0,38583895803.04677,18408830614.135223,35581412914.363205,31731190257.07547,132601812699.80878,46429313583.36478,94094095339.48112,95517580324.37106,19499801967.12101,5297622574.080189,11099013721.493711,12881164964.386793,102940262217.98596,28885927983.805035,60244371030.93553,65253002965.09434,16708611038.427084,10504069925.05503,19236649277.523586,14722039345.794024,22321670394.777348,13010674293.742136,24402473009.253147,21553272345.911953,2375480551.317184,2607138115.0,5245749915.345913,4127985946.894654,7339877840.863975,4532711305.81761,9447251299.292454,8711305013.36478
1991-06,3.245274096842432,2.6778501926782274,2.659286666666667,2.845170394036209,9965000000.0,11750000000.0,11375000000.0,12250000000.0,10099607000.0,12162880000.0,13829239500.0,14032320000.0,31077557000.0,26425589500.0,32059410000.0,42301535000.0,38583895803.04677,18408830614.135223,35581412914.363205,31731190257.07547,132601812699.80878,46429313583.36478,94094095339.48112,95517580324.37106,19499801967.12101,5297622574.080189,11099013721.493711,12881164964.386793,102940262217.98596,28885927983.805035,60244371030.93553,65253002965.09434,16708611038.427084,10504069925.05503,19236649277.523586,14722039345.794024,22321670394.777348,13010674293.742136,24402473009.253147,21553272345.911953,2375480551.317184,2607138115.0,5245749915.345913,4127985946.894654,7339877840.863975,4532711305.81761,9447251299.292454,8711305013.36478
1991-07,3.245274096842432,2.6778501926782274,2.659286666666667,2.845170394036209,10633333333.333334,11750000000.0,9166666666.666666,12500000000.0,10883330000.0,12162880000.0,9711977333.333334,14442350000.0,35356388888.888885,26425589500.0,27845873333.333332,38790522500.0,38583895803.04677,18408830614.135223,35581412914.363205,31731190257.07547,132601812699.80878,46429313583.36478,94094095339.48112,95517580324.37106,19499801967.12101,5297622574.080189,11099013721.493711,12881164964.386793,102940262217.98596,28885927983.805035,60244371030.93553,65253002965.09434,16708611038.427084,10504069925.05503,19236649277.523586,14722039345.794024,22321670394.777348,13010674293.742136,24402473009.253147,21553272345.911953,2375480551.317184,2607138115.0,5245749915.345913,4127985946.894654,7339877840.863975,4532711305.81761,9447251299.292454,8711305013.36478
1991-08,3.245274096842432,2.6778501926782274,2.659286666666667,2.845170394036209,10750000000.0,12000000000.0,14000000000.0,12500000000.0,10816313750.0,12231408000.0,17069860000.0,14442350000.0,33121897916.666668,28523702500.0,45772335000.0,38790522500.0,38583895803.04677,18408830614.135223,35581412914.363205,31731190257.07547,132601812699.80878,46429313583.36478,94094095339.48112,95517580324.37106,19499801967.12101,5297622574.080189,11099013721.493711,12881164964.386793,102940262217.98596,28885927983.805035,60244371030.93553,65253002965.09434,16708611038.427084,10504069925.05503,19236649277.523586,14722039345.794024,22321670394.777348,13010674293.742136,24402473009.253147,21553272345.911953,2375480551.317184,2607138115.0,5245749915.345913,4127985946.894654,7339877840.863975,4532711305.81761,9447251299.292454,8711305013.36478
1991-09,3.245274096842432,2.6778501926782274,2.659286666666667,2.845170394036209,10230000000.0,12000000000.0,9250000000.0,12750000000.0,10314808500.0,12231408000.0,9920149500.0,14684827500.0,32286774000.0,28523702500.0,30250387000.0,41634710000.0,38583895803.04677,18408830614.135223,35581412914.363205,31731190257.07547,132601812699.80878,46429313583.36478,94094095339.48112,95517580324.37106,19499801967.12101,5297622574.080189,11099013721.493711,12881164964.386793,102940262217.98596,28885927983.805035,60244371030.93553,65253002965.09434,16708611038.427084,10504069925.05503,19236649277.523586,14722039345.794024,22321670394.777348,13010674293.742136,24402473009.253147,21553272345.911953,2375480551.317184,2607138115.0,5245749915.345913,4127985946.894654,7339877840.863975,4532711305.81761,9447251299.292454,8711305013.36478
1991-10,3.245274096842432,2.6778501926782274,2.659286666666667,2.845170394036209,10845454545.454546,12000000000.0,9125000000.0,13500000000.0,11060373636.363636,12231408000.0,9789355000.0,15668395000.0,33148098181.81818,28523702500.0,23474298000.0,35586700000.0,38583895803.04677,18408830614.135223,35581412914.363205,31731190257.07547,132601812699.80878,46429313583.36478,94094095339.48112,95517580324.37106,19499801967.12101,5297622574.080189,11099013721.493711,12881164964.386793,102940262217.98596,28885927983.805035,60244371030.93553,65253002965.09434,16708611038.427084,10504069925.05503,19236649277.523586,14722039345.794024,22321670394.777348,13010674293.742136,24402473009.253147,21553272345.911953,2375480551.317184,2607138115.0,5245749915.345913,4127985946.894654,7339877840.863975,4532711305.81761,9447251299.292454,8711305013.36478
1991-11,3.245274096842432,2.6778501926782274,2.659286666666667,2.845170394036209,10472222222.222221,12000000000.0,14000000000.0,13500000000.0,10626317777.777779,12467797000.0,16785075000.0,15668395000.0,33770405000.0,27887297000.0,24551595000.0,35586700000.0,38583895803.04677,18408830614.135223,35581412914.363205,31731190257.07547,132601812699.80878,46429313583.36478,94094095339.48112,95517580324.37106,19499801967.12101,5297622574.080189,11099013721.493711,12881164964.386793,102940262217.98596,28885927983.805035,60244371030.93553,65253002965.09434,16708611038.427084,10504069925.05503,19236649277.523586,14722039345.794024,22321670394.777348,13010674293.742136,24402473009.253147,21553272345.911953,2375480551.317184,2607138115.0,5245749915.345913,4127985946.894654,7339877840.863975,4532711305.81761,9447251299.292454,8711305013.36478
1991-12,3.245274096842432,2.6778501926782274,2.659286666666667,2.845170394036209,10427777777.777779,12000000000.0,9000000000.0,13500000000.0,10698316666.666666,12467797000.0,9736795000.0,16041525000.0,31251228333.333332,27887297000.0,30685092000.0,36061227500.0,38583895803.04677,18408830614.135223,35581412914.363205,31731190257.07547,132601812699.80878,46429313583.36478,94094095339.48112,95517580324.37106,19499801967.12101,5297622574.080189,11099013721.493711,12881164964.386793,102940262217.98596,28885927983.805035,60244371030.93553,65253002965.09434,16708611038.427084,10504069925.05503,19236649277.523586,14722039345.794024,22321670394.777348,13010674293.742136,24402473009.253147,21553272345.911953,2375480551.317184,2607138115.0,5245749915.345913,4127985946.894654,7339877840.863975,4532711305.81761,9447251299.292454,8711305013.36478
1992-01,3.245274096842432,2.6778501926782274,2.659286666666667,2.845170394036209,10409090909.09091,12000000000.0,9375000000.0,13750000000.0,10538929090.90909,12467797000.0,9993292500.0,15103000000.0,36451043636.36364,27887297000.0,20018638000.0,44006650000.0,38583895803.04677,18408830614.135223,35581412914.363205,31731190257.07547,132601812699.80878,46429313583.36478,94094095339.48112,95517580324.37106,19499801967.12101,5297622574.080189,11099013721.493711,12881164964.386793,102940262217.98596,28885927983.805035,60244371030.93553,65253002965.09434,16708611038.427084,10504069925.05503,19236649277.523586,14722039345.794024,22321670394.777348,13010674293.742136,24402473009.253147,21553272345.911953,2375480551.317184,2607138115.0,5245749915.345913,4127985946.894654,7339877840.863975,4532711305.81761,9447251299.292454,8711305013.36478
1992-02,3.245274096842432,2.6778501926782274,2.659286666666667,2.845170394036209,10927777777.777779,10500000000.0,15000000000.0,13750000000.0,11157478888.88889,10803026000.0,17728115000.0,15103000000.0,33048327222.22222,23308281500.0,32137195000.0,44006650000.0,38583895803.04677,18408830614.135223,35581412914.363205,31731190257.07547,132601812699.80878,46429313583.36478,94094095339.48112,95517580324.37106,19499801967.12101,5297622574.080189,11099013721.493711,12881164964.386793,102940262217.98596,28885927983.805035,60244371030.93553,65253002965.09434,16708611038.427084,10504069925.05503,19236649277.523586,14722039345.794024,22321670394.777348,13010674293.742136,24402473009.253147,21553272345.911953,2375480551.317184,2607138115.0,5245749915.345913,4127985946.894654,7339877840.863975,4532711305.81761,9447251299.292454,8711305013.36478
1992-03,3.245274096842432,2.6778501926782274,2.659286666666667,2.845170394036209,11895000000.0,10500000000.0,10000000000.0,14500000000.0,12010086500.0,10803026000.0,10575581500.0,16839662500.0,34850341500.0,23308281500.0,29204264500.0,41613902500.0,38583895803.04677,18408830614.135223,35581412914.363205,31731190257.07547,132601812699.80878,46429313583.36478,94094095339.48112,95517580324.37106,19499801967.12101,5297622574.080189,11099013721.493711,12881164964.386793,102940262217.98596,28885927983.805035,60244371030.93553,65253002965.09434,16708611038.427084,10504069925.05503,19236649277.523586,14722039345.794024,22321670394.777348,13010674293.742136,24402473009.253147,21553272345.911953,2375480551.317184,2607138115.0,5245749915.345913,4127985946.894654,7339877840.863975,4532711305.81761,9447251299.292454,8711305013.36478
1992-04,3.245274096842432,2.6778501926782274,2.659286666666667,2.845170394036209,12479166666.666666,10500000000.0,10000000000.0,14750000000.0,12650983333.333334,10803026000.0,10774814000.0,16346965000.0,40150564583.333336,23308281500.0,21339451000.0,37275940000.0,38583895803.04677,18408830614.135223,35581412914.363205,31731190257.07547,132601812699.80878,46429313583.36478,94094095339.48112,95517580324.37106,19499801967.12101,5297622574.080189,11099013721.493711,12881164964.386793,102940262217.98596,28885927983.805035,60244371030.93553,65253002965.09434,16708611038.427084,10504069925.05503,19236649277.523586,14722039345.794024,22321670394.777348,13010674293.742136,24402473009.253147,21553272345.911953,2375480551.317184,2607138115.0,5245749915.345913,4127985946.894654,7339877840.863975,4532711305.81761,9447251299.292454,8711305013.36478
1992-05,3.245274096842432,2.6778501926782274,2.659286666666667,2.845170394036209,11615000000.0,10500000000.0,15000000000.0,14750000000.0,11909368500.0,11090669000.0,19108450000.0,16346965000.0,36507710500.0,29676477500.0,41589420000.0,37275940000.0,38583895803.04677,18408830614.135223,35581412914.363205,31731190257.07547,132601812699.80878,46429313583.36478,94094095339.48112,95517580324.37106,19499801967.12101,5297622574.080189,11099013721.493711,12881164964.386793,102940262217.98596,28885927983.805035,60244371030.93553,65253002965.09434,16708611038.427084,10504069925.05503,19236649277.523586,14722039345.794024,22321670394.777348,13010674293.742136,24402473009.253147,21553272345.911953,2375480551.317184,2607138115.0,5245749915.345913,4127985946.894654,7339877840.863975,4532711305.81761,9447251299.292454,8711305013.36478
1992-06,3.245274096842432,2.6778501926782274,2.659286666666667,2.845170394036209,11255000000.0,10500000000.0,10375000000.0,14875000000.0,11420538500.0,11090669000.0,11016507000.0,16493277500.0,41082165500.0,29676477500.0,28572626000.0,42660895000.0,38583895803.04677,18408830614.135223,35581412914.363205,31731190257.07547,132601812699.80878,46429313583.36478,94094095339.48112,95517580324.37106,19499801967.12101,5297622574.080189,11099013721.493711,12881164964.386793,102940262217.98596,28885927983.805035,60244371030.93553,65253002965.09434,16708611038.427084,10504069925.05503,19236649277.523586,14722039345.794024,22321670394.777348,13010674293.742136,24402473009.253147,21553272345.911953,2375480551.317184,2607138115.0,5245749915.345913,4127985946.894654,7339877840.863975,4532711305.81761,9447251299.292454,8711305013.36478
1992-07,3.245274096842432,2.6778501926782274,2.659286666666667,2.845170394036209,12041666666.666666,10500000000.0,10125000000.0,15000000000.0,12367672916.666666,11090669000.0,11033363000.0,16883250000.0,41204371666.666664,29676477500.0,24824701000.0,43940785000.0,38583895803.04677,18408830614.135223,35581412914.363205,31731190257.07547,132601812699.80878,46429313583.36478,94094095339.48112,95517580324.37106,19499801967.12101,5297622574.080189,11099013721.493711,12881164964.386793,102940262217.98596,28885927983.805035,60244371030.93553,65253002965.09434,16708611038.427084,10504069925.05503,19236649277.523586,14722039345.794024,22321670394.777348,13010674293.742136,24402473009.253147,21553272345.911953,2375480551.317184,2607138115.0,5245749915.345913,4127985946.894654,7339877840.863975,4532711305.81761,9447251299.292454,8711305013.36478
1992-08,3.245274096842432,2.6778501926782274,2.659286666666667,2.845170394036209,11894444444.444445,10500000000.0,12750000000.0,15000000000.0,12024490555.555555,11046873000.0,14549447000.0,16573340000.0,38829382777.77778,25601452500.0,33545822500.0,37028305000.0,38583895803.04677,18408830614.135223,35581412914.363205,31731190257.07547,132601812699.80878,46429313583.36478,94094095339.48112,95517580324.37106,19499801967.12101,5297622574.080189,11099013721.493711,12881164964.386793,102940262217.98596,28885927983.805035,60244371030.93553,65253002965.09434,16708611038.427084,10504069925.05503,19236649277.523586,14722039345.794024,22321670394.777348,13010674293.742136,24402473009.253147,21553272345.911953,2375480551.317184,2607138115.0,5245749915.345913,4127985946.894654,7339877840.863975,4532711305.81761,9447251299.292454,8711305013.36478
1992-09,3.245274096842432,2.6778501926782274,2.659286666666667,2.845170394036209,11172222222.222221,10500000000.0,10500000000.0,14500000000.0,11452589444.444445,11046873000.0,12116792000.0,16740530000.0,39953530000.0,25601452500.0,25393695000.0,47521770000.0,38583895803.04677,18408830614.135223,35581412914.363205,31731190257.07547,132601812699.80878,46429313583.36478,94094095339.48112,95517580324.37106,19499801967.12101,5297622574.080189,11099013721.493711,12881164964.386793,102940262217.98596,28885927983.805035,60244371030.93553,65253002965.09434,16708611038.427084,10504069925.05503,19236649277.523586,14722039345.794024,22321670394.777348,13010674293.742136,24402473009.253147,21553272345.911953,2375480551.317184,2607138115.0,5245749915.345913,4127985946.894654,7339877840.863975,4532711305.81761,9447251299.292454,8711305013.36478
1992-10,3.245274096842432,2.6778501926782274,2.659286666666667,2.845170394036209,11259090909.09091,10500000000.0,9750000000.0,14500000000.0,11296543636.363636,11046873000.0,10323582000.0,16740530000.0,36509247272.72727,25601452500.0,20153662000.0,47521770000.0,38583895803.04677,18408830614.135223,35581412914.363205,31731190257.07547,132601812699.80878,46429313583.36478,94094095339.48112,95517580324.37106,19499801967.12101,5297622574.080189,11099013721.493711,12881164964.386793,102940262217.98596,28885927983.805035,60244371030.93553,65253002965.09434,16708611038.427084,10504069925.05503,19236649277.523586,14722039345.794024,22321670394.777348,13010674293.742136,24402473009.253147,21553272345.911953,2375480551.317184,2607138115.0,5245749915.345913,4127985946.894654,7339877840.863975,4532711305.81761,9447251299.292454,8711305013.36478
1992-11,3.245274096842432,2.6778501926782274,2.659286666666667,2.845170394036209,12365000000.0,10750000000.0,12333333333.333334,15000000000.0,12405508500.0,11399105000.0,14001970666.666666,16061152500.0,35981152500.0,28935890500.0,31797909000.0,48258580000.0,38583895803.04677,18408830614.135223,35581412914.363205,31731190257.07547,132601812699.80878,46429313583.36478,94094095339.48112,95517580324.37106,19499801967.12101,5297622574.080189,11099013721.493711,12881164964.386793,102940262217.98596,28885927983.805035,60244371030.93553,65253002965.09434,16708611038.427084,10504069925.05503,19236649277.523586,14722039345.794024,22321670394.777348,13010674293.742136,24402473009.253147,21553272345.911953,2375480551.317184,2607138115.0,5245749915.345913,4127985946.894654,7339877840.863975,4532711305.81761,9447251299.292454,8711305013.36478
1992-12,3.245274096842432,2.6778501926782274,2.659286666666667,2.845170394036209,12729166666.666666,10750000000.0,11250000000.0,15500000000.0,12808297916.666666,11399105000.0,12127668000.0,17104495000.0,35609897916.666664,28935890500.0,25327208000.0,40641595000.0,38583895803.04677,18408830614.135223,35581412914.363205,31731190257.07547,132601812699.80878,46429313583.36478,94094095339.48112,95517580324.37106,19499801967.12101,5297622574.080189,11099013721.493711,12881164964.386793,102940262217.98596,28885927983.805035,60244371030.93553,65253002965.09434,16708611038.427084,10504069925.05503,19236649277.523586,14722039345.794024,22321670394.777348,13010674293.742136,24402473009.253147,21553272345.911953,2375480551.317184,2607138115.0,5245749915.345913,4127985946.894654,7339877840.863975,4532711305.81761,9447251299.292454,8711305013.36478
1993-01,3.245274096842432,2.6778501926782274,2.659286666666667,2.845170394036209,12216666666.666666,10750000000.0,9750000000.0,15500000000.0,12307986111.11111,11399105000.0,10089711000.0,17104495000.0,39238281111.111115,28935890500.0,22918506000.0,40641595000.0,38583895803.04677,18408830614.135223,35581412914.363205,31731190257.07547,132601812699.80878,46429313583.36478,94094095339.48112,95517580324.37106,19499801967.12101,5297622574.080189,11099013721.493711,12881164964.386793,102940262217.98596,28885927983.805035,60244371030.93553,65253002965.09434,16708611038.427084,10504069925.05503,19236649277.523586,14722039345.794024,22321670394.777348,13010674293.742136,24402473009.253147,21553272345.911953,2375480551.317184,2607138115.0,5245749915.345913,4127985946.894654,7339877840.863975,4532711305.81761,9447251299.292454,8711305013.36478
1993-02,3.245274096842432,2.6778501926782274,2.659286666666667,2.845170394036209,11894444444.444445,10000000000.0,13500000000.0,15250000000.0,12050715000.0,10883599000.0,15911757500.0,16551685000.0,41900967222.22222,25873490000.0,39639859500.0,33390780000.0,38583895803.04677,18408830614.135223,35581412914.363205,31731190257.07547,132601812699.80878,46429313583.36478,94094095339.48112,95517580324.37106,19499801967.12101,5297622574.080189,11099013721.493711,12881164964.386793,102940262217.98596,28885927983.805035,60244371030.93553,65253002965.09434,16708611038.427084,10504069925.05503,19236649277.523586,14722039345.794024,22321670394.777348,13010674293.742136,24402473009.253147,21553272345.911953,2375480551.317184,2607138115.0,5245749915.345913,4127985946.894654,7339877840.863975,4532711305.81761,9447251299.292454,8711305013.36478
1993-03,3.245274096842432,2.6778501926782274,2.659286666666667,2.845170394036209,11725000000.0,10000000000.0,11000000000.0,15250000000.0,11847113000.0,10883599000.0,12402635500.0,16940420000.0,43540543500.0,25873490000.0,26918181000.0,35925835000.0,38583895803.04677,18408830614.135223,35581412914.363205,31731190257.07547,132601812699.80878,46429313583.36478,94094095339.48112,95517580324.37106,19499801967.12101,5297622574.080189,11099013721.493711,12881164964.386793,102940262217.98596,28885927983.805035,60244371030.93553,65253002965.09434,16708611038.427084,10504069925.05503,19236649277.523586,14722039345.794024,22321670394.777348,13010674293.742136,24402473009.253147,21553272345.911953,2375480551.317184,2607138115.0,5245749915.345913,4127985946.894654,7339877840.863975,4532711305.81761,9447251299.292454,8711305013.36478
1993-04,3.245274096842432,2.6778501926782274,2.659286666666667,2.845170394036209,11865384615.384615,10000000000.0,10375000000.0,15250000000.0,11947526538.461538,10883599000.0,11370594500.0,16784831000.0,47762435230.76923,25873490000.0,27425750500.0,41253481000.0,38583895803.04677,18408830614.135223,35581412914.363205,31731190257.07547,132601812699.80878,46429313583.36478,94094095339.48112,95517580324.37106,19499801967.12101,5297622574.080189,11099013721.493711,12881164964.386793,102940262217.98596,28885927983.805035,60244371030.93553,65253002965.09434,16708611038.427084,10504069925.05503,19236649277.523586,14722039345.794024,22321670394.777348,13010674293.742136,24402473009.253147,21553272345.911953,2375480551.317184,2607138115.0,5245749915.345913,4127985946.894654,7339877840.863975,4532711305.81761,9447251299.292454,8711305013.36478
1993-05,3.245274096842432,2.6778501926782274,2.659286666666667,2.845170394036209,12165000000.0,9500000000.0,16000000000.0,15250000000.0,12387713500.0,10071471500.0,19234307000.0,16784831000.0,44830708100.0,23451661500.0,49445307000.0,41253481000.0,38583895803.04677,18408830614.135223,35581412914.363205,31731190257.07547,132601812699.80878,46429313583.36478,94094095339.48112,95517580324.37106,19499801967.12101,5297622574.080189,11099013721.493711,12881164964.386793,102940262217.98596,28885927983.805035,60244371030.93553,65253002965.09434,16708611038.427084,10504069925.05503,19236649277.523586,14722039345.794024,22321670394.777348,13010674293.742136,24402473009.253147,21553272345.911953,2375480551.317184,2607138115.0,5245749915.345913,4127985946.894654,7339877840.863975,4532711305.81761,9447251299.292454,8711305013.36478
1993-06,3.245274096842432,2.6778501926782274,2.659286666666667,2.845170394036209,11775000000.0,9500000000.0,11000000000.0,15875000000.0,11837876800.0,10071471500.0,12460121000.0,17821129500.0,42029621000.0,23451661500.0,33496692500.0,51182829500.0,38583895803.04677,18408830614.135223,35581412914.363205,31731190257.07547,132601812699.80878,46429313583.36478,94094095339.48112,95517580324.37106,19499801967.12101,5297622574.080189,11099013721.493711,12881164964.386793,102940262217.98596,28885927983.805035,60244371030.93553,65253002965.09434,16708611038.427084,10504069925.05503,19236649277.523586,14722039345.794024,22321670394.777348,13010674293.742136,24402473009.253147,21553272345.911953,2375480551.317184,2607138115.0,5245749915.345913,4127985946.894654,7339877840.863975,4532711305.81761,9447251299.292454,8711305013.36478
1993-07,3.245274096842432,2.6778501926782274,2.659286666666667,2.845170394036209,12708333333.333334,9500000000.0,11000000000.0,15875000000.0,13024632666.666666,10071471500.0,12460121000.0,17821129500.0,42261105583.333336,23451661500.0,33496692500.0,51182829500.0,38583895803.04677,18408830614.135223,35581412914.363205,31731190257.07547,132601812699.80878,46429313583.36478,94094095339.48112,95517580324.37106,19499801967.12101,5297622574.080189,11099013721.493711,12881164964.386793,102940262217.98596,28885927983.805035,60244371030.93553,65253002965.09434,16708611038.427084,10504069925.05503,19236649277.523586,14722039345.794024,22321670394.777348,13010674293.742136,24402473009.253147,21553272345.911953,2375480551.317184,2607138115.0,5245749915.345913,4127985946.894654,7339877840.863975,4532711305.81761,9447251299.292454,8711305013.36478
1993-08,3.245274096842432,2.6778501926782274,2.659286666666667,2.845170394036209,12538888888.88889,11000000000.0,12833333333.333334,16000000000.0,12672898444.444445,12225973000.0,15110264000.0,17364027500.0,52634594666.666664,30297192000.0,37132002333.333336,47390598000.0,38583895803.04677,18408830614.135223,35581412914.363205,31731190257.07547,132601812699.80878,46429313583.36478,94094095339.48112,95517580324.37106,19499801967.12101,5297622574.080189,11099013721.493711,12881164964.386793,102940262217.98596,28885927983.805035,60244371030.93553,65253002965.09434,16708611038.427084,10504069925.05503,19236649277.523586,14722039345.794024,22321670394.777348,13010674293.742136,24402473009.253147,21553272345.911953,2375480551.317184,2607138115.0,5245749915.345913,4127985946.894654,7339877840.863975,4532711305.81761,9447251299.292454,8711305013.36478
1993-09,3.245274096842432,2.6778501926782274,2.659286666666667,2.845170394036209,11677272727.272728,11000000000.0,11000000000.0,16000000000.0,11876579909.09091,12225973000.0,12565137000.0,17878573000.0,51321404727.27273,30297192000.0,32332004000.0,44760333000.0,38583895803.04677,18408830614.135223,35581412914.363205,31731190257.07547,132601812699.80878,46429313583.36478,94094095339.48112,95517580324.37106,19499801967.12101,5297622574.080189,11099013721.493711,12881164964.386793,102940262217.98596,28885927983.805035,60244371030.93553,65253002965.09434,16708611038.427084,10504069925.05503,19236649277.523586,14722039345.794024,22321670394.777348,13010674293.742136,24402473009.253147,21553272345.911953,2375480551.317184,2607138115.0,5245749915.345913,4127985946.894654,7339877840.863975,4532711305.81761,9447251299.292454,8711305013.36478
1993-10,3.245274096842432,2.6778501926782274,2.659286666666667,2.845170394036209,12950000000.0,11000000000.0,11000000000.0,16000000000.0,13082293777.777779,12225973000.0,12565137000.0,17878573000.0,47509195444.44444,30297192000.0,32332004000.0,44760333000.0,38583895803.04677,18408830614.135223,35581412914.363205,31731190257.07547,132601812699.80878,46429313583.36478,94094095339.48112,95517580324.37106,19499801967.12101,5297622574.080189,11099013721.493711,12881164964.386793,102940262217.98596,28885927983.805035,60244371030.93553,65253002965.09434,16708611038.427084,10504069925.05503,19236649277.523586,14722039345.794024,22321670394.777348,13010674293.742136,24402473009.253147,21553272345.911953,2375480551.317184,2607138115.0,5245749915.345913,4127985946.894654,7339877840.863975,4532711305.81761,9447251299.292454,8711305013.36478
1993-11,3.245274096842432,2.6778501926782274,2.659286666666667,2.845170394036209,13600000000.0,12000000000.0,13000000000.0,16750000000.0,13720835545.454546,15073851000.0,15720789333.333334,18413589000.0,55367867818.181816,30542281000.0,33912687666.666668,44922614500.0,38583895803.04677,18408830614.135223,35581412914.363205,31731190257.07547,132601812699.80878,46429313583.36478,94094095339.48112,95517580324.37106,19499801967.12101,5297622574.080189,11099013721.493711,12881164964.386793,102940262217.98596,28885927983.805035,60244371030.93553,65253002965.09434,16708611038.427084,10504069925.05503,19236649277.523586,14722039345.794024,22321670394.777348,13010674293.742136,24402473009.253147,21553272345.911953,2375480551.317184,2607138115.0,5245749915.345913,4127985946.894654,7339877840.863975,4532711305.81761,9447251299.292454,8711305013.36478
1993-12,3.245274096842432,2.6778501926782274,2.659286666666667,2.845170394036209,12633333333.333334,12000000000.0,11000000000.0,17000000000.0,12750662416.666666,15073851000.0,12432099000.0,19275826000.0,50486831333.333336,30542281000.0,36917717000.0,49532900000.0,38583895803.04677,18408830614.135223,35581412914.363205,31731190257.07547,132601812699.80878,46429313583.36478,94094095339.48112,95517580324.37106,19499801967.12101,5297622574.080189,11099013721.493711,12881164964.386793,102940262217.98596,28885927983.805035,60244371030.93553,65253002965.09434,16708611038.427084,10504069925.05503,19236649277.523586,14722039345.794024,22321670394.777348,13010674293.742136,24402473009.253147,21553272345.911953,2375480551.317184,2607138115.0,5245749915.345913,4127985946.894654,7339877840.863975,4532711305.81761,9447251299.292454,8711305013.36478
1994-01,3.245274096842432,2.6778501926782274,2.659286666666667,2.845170394036209,12977777777.777779,12000000000.0,12000000000.0,17000000000.0,13110066888.88889,15073851000.0,12879064000.0,18389220000.0,59884247555.55556,30542281000.0,29528165000.0,49966280000.0,38583895803.04677,18408830614.135223,35581412914.363205,31731190257.07547,132601812699.80878,46429313583.36478,94094095339.48112,95517580324.37106,19499801967.12101,5297622574.080189,11099013721.493711,12881164964.386793,102940262217.98596,28885927983.805035,60244371030.93553,65253002965.09434,16708611038.427084,10504069925.05503,19236649277.523586,14722039345.794024,22321670394.777348,13010674293.742136,24402473009.253147,21553272345.911953,2375480551.317184,2607138115.0,5245749915.345913,4127985946.894654,7339877840.863975,4532711305.81761,9447251299.292454,8711305013.36478
1994-02,3.245274096842432,2.6778501926782274,2.659286666666667,2.845170394036209,12855555555.555555,11500000000.0,14000000000.0,17000000000.0,13093058222.222221,12163591000.0,15854594000.0,18926936000.0,52293260000.0,31516196500.0,40292454000.0,44810236000.0,38583895803.04677,18408830614.135223,35581412914.363205,31731190257.07547,132601812699.80878,46429313583.36478,94094095339.48112,95517580324.37106,19499801967.12101,5297622574.080189,11099013721.493711,12881164964.386793,102940262217.98596,28885927983.805035,60244371030.93553,65253002965.09434,16708611038.427084,10504069925.05503,19236649277.523586,14722039345.794024,22321670394.777348,13010674293.742136,24402473009.253147,21553272345.911953,2375480551.317184,2607138115.0,5245749915.345913,4127985946.894654,7339877840.863975,4532711305.81761,9447251299.292454,8711305013.36478
1994-03,3.245274096842432,2.6778501926782274,2.659286666666667,2.845170394036209,13041666666.666666,11500000000.0,11000000000.0,17000000000.0,13273201500.0,12163591000.0,12753233000.0,19519488000.0,48677166166.666664,31516196500.0,29887703000.0,47341048000.0,38583895803.04677,18408830614.135223,35581412914.363205,31731190257.07547,132601812699.80878,46429313583.36478,94094095339.48112,95517580324.37106,19499801967.12101,5297622574.080189,11099013721.493711,12881164964.386793,102940262217.98596,28885927983.805035,60244371030.93553,65253002965.09434,16708611038.427084,10504069925.05503,19236649277.523586,14722039345.794024,22321670394.777348,13010674293.742136,24402473009.253147,21553272345.911953,2375480551.317184,2607138115.0,5245749915.345913,4127985946.894654,7339877840.863975,4532711305.81761,9447251299.292454,8711305013.36478
1994-04,3.245274096842432,2.6778501926782274,2.659286666666667,2.845170394036209,12500000000.0,11500000000.0,11000000000.0,17000000000.0,12684241888.88889,12163591000.0,12753233000.0,19519488000.0,48316457444.44444,31516196500.0,29887703000.0,47341048000.0,38583895803.04677,18408830614.135223,35581412914.363205,31731190257.07547,132601812699.80878,46429313583.36478,94094095339.48112,95517580324.37106,19499801967.12101,5297622574.080189,11099013721.493711,12881164964.386793,102940262217.98596,28885927983.805035,60244371030.93553,65253002965.09434,16708611038.427084,10504069925.05503,19236649277.523586,14722039345.794024,22321670394.777348,13010674293.742136,24402473009.253147,21553272345.911953,2375480551.317184,2607138115.0,5245749915.345913,4127985946.894654,7339877840.863975,4532711305.81761,9447251299.292454,8711305013.36478
1994-05,3.245274096842432,2.6778501926782274,2.659286666666667,2.845170394036209,12500000000.0,12000000000.0,13000000000.0,17000000000.0,12738182000.0,14422642000.0,15406244333.333334,18767615000.0,46200638444.44444,25000952000.0,36802584333.333336,44273242500.0,38583895803.04677,18408830614.135223,35581412914.363205,31731190257.07547,132601812699.80878,46429313583.36478,94094095339.48112,95517580324.37106,19499801967.12101,5297622574.080189,11099013721.493711,12881164964.386793,102940262217.98596,28885927983.805035,60244371030.93553,65253002965.09434,16708611038.427084,10504069925.05503,19236649277.523586,14722039345.794024,22321670394.777348,13010674293.742136,24402473009.253147,21553272345.911953,2375480551.317184,2607138115.0,5245749915.345913,4127985946.894654,7339877840.863975,4532711305.81761,9447251299.292454,8711305013.36478
1994-06,3.245274096842432,2.6778501926782274,2.659286666666667,2.845170394036209,12876923076.923077,12000000000.0,11000000000.0,17000000000.0,13266456384.615385,14422642000.0,13055287000.0,19744817000.0,52820859692.30769,25000952000.0,32324216000.0,47606970000.0,38583895803.04677,18408830614.135223,35581412914.363205,31731190257.07547,132601812699.80878,46429313583.36478,94094095339.48112,95517580324.37106,19499801967.12101,5297622574.080189,11099013721.493711,12881164964.386793,102940262217.98596,28885927983.805035,60244371030.93553,65253002965.09434,16708611038.427084,10504069925.05503,19236649277.523586,14722039345.794024,22321670394.777348,13010674293.742136,24402473009.253147,21553272345.911953,2375480551.317184,2607138115.0,5245749915.345913,4127985946.894654,7339877840.863975,4532711305.81761,9447251299.292454,8711305013.36478
1994-07,3.245274096842432,2.6778501926782274,2.659286666666667,2.845170394036209,12035000000.0,12000000000.0,11000000000.0,17000000000.0,12252088900.0,14422642000.0,13055287000.0,19744817000.0,48699083100.0,25000952000.0,32324216000.0,47606970000.0,38583895803.04677,18408830614.135223,35581412914.363205,31731190257.07547,132601812699.80878,46429313583.36478,94094095339.48112,95517580324.37106,19499801967.12101,5297622574.080189,11099013721.493711,12881164964.386793,102940262217.98596,28885927983.805035,60244371030.93553,65253002965.09434,16708611038.427084,10504069925.05503,19236649277.523586,14722039345.794024,22321670394.777348,13010674293.742136,24402473009.253147,21553272345.911953,2375480551.317184,2607138115.0,5245749915.345913,4127985946.894654,7339877840.863975,4532711305.81761,9447251299.292454,8711305013.36478
1994-08,3.245274096842432,2.6778501926782274,2.659286666666667,2.845170394036209,12255000000.0,11500000000.0,13000000000.0,17250000000.0,12539199800.0,12389365000.0,14929262666.666666,19190876500.0,44761349500.0,26215667500.0,37800970000.0,53277332500.0,38583895803.04677,18408830614.135223,35581412914.363205,31731190257.07547,132601812699.80878,46429313583.36478,94094095339.48112,95517580324.37106,19499801967.12101,5297622574.080189,11099013721.493711,12881164964.386793,102940262217.98596,28885927983.805035,60244371030.93553,65253002965.09434,16708611038.427084,10504069925.05503,19236649277.523586,14722039345.794024,22321670394.777348,13010674293.742136,24402473009.253147,21553272345.911953,2375480551.317184,2607138115.0,5245749915.345913,4127985946.894654,7339877840.863975,4532711305.81761,9447251299.292454,8711305013.36478
1994-09,3.245274096842432,2.6778501926782274,3.29,2.845170394036209,11150000000.0,11500000000.0,11000000000.0,17250000000.0,11321335307.692308,12389365000.0,12768392000.0,19522136000.0,46406893230.76923,26215667500.0,37979437000.0,46287876000.0,38583895803.04677,18408830614.135223,35581412914.363205,31731190257.07547,132601812699.80878,46429313583.36478,94094095339.48112,95517580324.37106,19499801967.12101,5297622574.080189,11099013721.493711,12881164964.386793,102940262217.98596,28885927983.805035,60244371030.93553,65253002965.09434,16708611038.427084,10504069925.05503,19236649277.523586,14722039345.794024,22321670394.777348,13010674293.742136,24402473009.253147,21553272345.911953,2375480551.317184,2607138115.0,5245749915.345913,4127985946.894654,7339877840.863975,4532711305.81761,9447251299.292454,8711305013.36478
1994-10,3.245274096842432,2.6778501926782274,3.29,2.845170394036209,13600000000.0,11500000000.0,11000000000.0,17250000000.0,13797791600.0,12389365000.0,12060571000.0,18801213000.0,47876055700.0,26215667500.0,34101123000.0,43116363000.0,38583895803.04677,18408830614.135223,35581412914.363205,31731190257.07547,132601812699.80878,46429313583.36478,94094095339.48112,95517580324.37106,19499801967.12101,5297622574.080189,11099013721.493711,12881164964.386793,102940262217.98596,28885927983.805035,60244371030.93553,65253002965.09434,16708611038.427084,10504069925.05503,19236649277.523586,14722039345.794024,22321670394.777348,13010674293.742136,24402473009.253147,21553272345.911953,2375480551.317184,2607138115.0,5245749915.345913,4127985946.894654,7339877840.863975,4532711305.81761,9447251299.292454,8711305013.36478
1994-11,3.245274096842432,2.6778501926782274,3.29,2.845170394036209,13780000000.0,12000000000.0,14000000000.0,17250000000.0,13962733400.0,14303857000.0,16269449500.0,18671000000.0,50378508700.0,29990332000.0,43463831500.0,48679103000.0,38583895803.04677,18408830614.135223,35581412914.363205,31731190257.07547,132601812699.80878,46429313583.36478,94094095339.48112,95517580324.37106,19499801967.12101,5297622574.080189,11099013721.493711,12881164964.386793,102940262217.98596,28885927983.805035,60244371030.93553,65253002965.09434,16708611038.427084,10504069925.05503,19236649277.523586,14722039345.794024,22321670394.777348,13010674293.742136,24402473009.253147,21553272345.911953,2375480551.317184,2607138115.0,5245749915.345913,4127985946.894654,7339877840.863975,4532711305.81761,9447251299.292454,8711305013.36478
1994-12,3.245274096842432,2.6778501926782274,3.29,2.845170394036209,13216666666.666666,12000000000.0,14000000000.0,17250000000.0,13474030083.333334,14303857000.0,16269449500.0,18671000000.0,44124995833.333336,29990332000.0,43463831500.0,48679103000.0,38583895803.04677,18408830614.135223,35581412914.363205,31731190257.07547,132601812699.80878,46429313583.36478,94094095339.48112,95517580324.37106,19499801967.12101,5297622574.080189,11099013721.493711,12881164964.386793,102940262217.98596,28885927983.805035,60244371030.93553,65253002965.09434,16708611038.427084,10504069925.05503,19236649277.523586,14722039345.794024,22321670394.777348,13010674293.742136,24402473009.253147,21553272345.911953,2375480551.317184,2607138115.0,5245749915.345913,4127985946.894654,7339877840.863975,4532711305.81761,9447251299.292454,8711305013.36478
1995-01,3.245274096842432,2.6778501926782274,3.29,2.845170394036209,13845000000.0,12000000000.0,11000000000.0,17250000000.0,14035410700.0,14303857000.0,12251882000.0,18964774500.0,51575853100.0,29990332000.0,29924137500.0,51514687500.0,38583895803.04677,18408830614.135223,35581412914.363205,31731190257.07547,132601812699.80878,46429313583.36478,94094095339.48112,95517580324.37106,19499801967.12101,5297622574.080189,11099013721.493711,12881164964.386793,102940262217.98596,28885927983.805035,60244371030.93553,65253002965.09434,16708611038.427084,10504069925.05503,19236649277.523586,14722039345.794024,22321670394.777348,13010674293.742136,24402473009.253147,21553272345.911953,2375480551.317184,2607138115.0,5245749915.345913,4127985946.894654,7339877840.863975,4532711305.81761,9447251299.292454,8711305013.36478
1995-02,3.245274096842432,2.6778501926782274,3.29,2.845170394036209,13505000000.0,11500000000.0,14000000000.0,17250000000.0,13681986200.0,12755788500.0,16611625000.0,18553846000.0,50617269200.0,30220416500.0,39601873500.0,43150070000.0,38583895803.04677,18408830614.135223,35581412914.363205,31731190257.07547,132601812699.80878,46429313583.36478,94094095339.48112,95517580324.37106,19499801967.12101,5297622574.080189,11099013721.493711,12881164964.386793,102940262217.98596,28885927983.805035,60244371030.93553,65253002965.09434,16708611038.427084,10504069925.05503,19236649277.523586,14722039345.794024,22321670394.777348,13010674293.742136,24402473009.253147,21553272345.911953,2375480551.317184,2607138115.0,5245749915.345913,4127985946.894654,7339877840.863975,4532711305.81761,9447251299.292454,8711305013.36478
1995-03,3.245274096842432,2.6778501926782274,3.29,2.845170394036209,12570833333.333334,11500000000.0,11000000000.0,17250000000.0,12687285750.0,12755788500.0,13148166000.0,19269483000.0,45748810250.0,30220416500.0,26022606000.0,44312284000.0,38583895803.04677,18408830614.135223,35581412914.363205,31731190257.07547,132601812699.80878,46429313583.36478,94094095339.48112,95517580324.37106,19499801967.12101,5297622574.080189,11099013721.493711,12881164964.386793,102940262217.98596,28885927983.805035,60244371030.93553,65253002965.09434,16708611038.427084,10504069925.05503,19236649277.523586,14722039345.794024,22321670394.777348,13010674293.742136,24402473009.253147,21553272345.911953,2375480551.317184,2607138115.0,5245749915.345913,4127985946.894654,7339877840.863975,4532711305.81761,9447251299.292454,8711305013.36478
1995-04,3.245274096842432,2.6778501926782274,3.29,2.845170394036209,13585000000.0,11500000000.0,11000000000.0,17250000000.0,13674432600.0,12755788500.0,13148166000.0,19269483000.0,52944689100.0,30220416500.0,26022606000.0,44312284000.0,38583895803.04677,18408830614.135223,35581412914.363205,31731190257.07547,132601812699.80878,46429313583.36478,94094095339.48112,95517580324.37106,19499801967.12101,5297622574.080189,11099013721.493711,12881164964.386793,102940262217.98596,28885927983.805035,60244371030.93553,65253002965.09434,16708611038.427084,10504069925.05503,19236649277.523586,14722039345.794024,22321670394.777348,13010674293.742136,24402473009.253147,21553272345.911953,2375480551.317184,2607138115.0,5245749915.345913,4127985946.894654,7339877840.863975,4532711305.81761,9447251299.292454,8711305013.36478
1995-05,3.245274096842432,2.6778501926782274,3.29,2.845170394036209,13835000000.0,12500000000.0,13500000000.0,17750000000.0,14266068000.0,14703227000.0,15432164000.0,18753493500.0,53012595000.0,23131252000.0,34718982666.666664,45338351500.0,38583895803.04677,18408830614.135223,35581412914.363205,31731190257.07547,132601812699.80878,46429313583.36478,94094095339.48112,95517580324.37106,19499801967.12101,5297622574.080189,11099013721.493711,12881164964.386793,102940262217.98596,28885927983.805035,60244371030.93553,65253002965.09434,16708611038.427084,10504069925.05503,19236649277.523586,14722039345.794024,22321670394.777348,13010674293.742136,24402473009.253147,21553272345.911953,2375480551.317184,2607138115.0,5245749915.345913,4127985946.894654,7339877840.863975,4532711305.81761,9447251299.292454,8711305013.36478
1995-06,3.245274096842432,2.6778501926782274,3.29,2.845170394036209,14946153846.153847,12500000000.0,11500000000.0,17750000000.0,15232586846.153847,14703227000.0,12454684000.0,19225477000.0,47916356769.23077,23131252000.0,33495213000.0,43786722000.0,38583895803.04677,18408830614.135223,35581412914.363205,31731190257.07547,132601812699.80878,46429313583.36478,94094095339.48112,95517580324.37106,19499801967.12101,5297622574.080189,11099013721.493711,12881164964.386793,102940262217.98596,28885927983.805035,60244371030.93553,65253002965.09434,16708611038.427084,10504069925.05503,19236649277.523586,14722039345.794024,22321670394.777348,13010674293.742136,24402473009.253147,21553272345.911953,2375480551.317184,2607138115.0,5245749915.345913,4127985946.894654,7339877840.863975,4532711305.81761,9447251299.292454,8711305013.36478
1995-07,3.245274096842432,2.6778501926782274,3.29,2.845170394036209,13938888888.88889,12500000000.0,11500000000.0,17750000000.0,14459473777.777779,14703227000.0,12325577000.0,18908551000.0,50501440000.0,23131252000.0,31020617000.0,42250131000.0,38583895803.04677,18408830614.135223,35581412914.363205,31731190257.07547,132601812699.80878,46429313583.36478,94094095339.48112,95517580324.37106,19499801967.12101,5297622574.080189,11099013721.493711,12881164964.386793,102940262217.98596,28885927983.805035,60244371030.93553,65253002965.09434,16708611038.427084,10504069925.05503,19236649277.523586,14722039345.794024,22321670394.777348,13010674293.742136,24402473009.253147,21553272345.911953,2375480551.317184,2607138115.0,5245749915.345913,4127985946.894654,7339877840.863975,4532711305.81761,9447251299.292454,8711305013.36478
1995-08,3.245274096842432,2.6778501926782274,3.29,2.845170394036209,12786363636.363636,12250000000.0,14750000000.0,17750000000.0,13058844090.90909,13803101500.0,17142488000.0,19335918000.0,52492592454.545456,31236559500.0,35027901500.0,50234538000.0,38583895803.04677,18408830614.135223,35581412914.363205,31731190257.07547,132601812699.80878,46429313583.36478,94094095339.48112,95517580324.37106,19499801967.12101,5297622574.080189,11099013721.493711,12881164964.386793,102940262217.98596,28885927983.805035,60244371030.93553,65253002965.09434,16708611038.427084,10504069925.05503,19236649277.523586,14722039345.794024,22321670394.777348,13010674293.742136,24402473009.253147,21553272345.911953,2375480551.317184,2607138115.0,5245749915.345913,4127985946.894654,7339877840.863975,4532711305.81761,9447251299.292454,8711305013.36478
1995-09,3.245274096842432,2.6778501926782274,3.29,2.845170394036209,12259090909.09091,12250000000.0,14750000000.0,17750000000.0,12637734000.0,13803101500.0,17142488000.0,19335918000.0,49396227000.0,31236559500.0,35027901500.0,50234538000.0,38583895803.04677,18408830614.135223,35581412914.363205,31731190257.07547,132601812699.80878,46429313583.36478,94094095339.48112,95517580324.37106,19499801967.12101,5297622574.080189,11099013721.493711,12881164964.386793,102940262217.98596,28885927983.805035,60244371030.93553,65253002965.09434,16708611038.427084,10504069925.05503,19236649277.523586,14722039345.794024,22321670394.777348,13010674293.742136,24402473009.253147,21553272345.911953,2375480551.317184,2607138115.0,5245749915.345913,4127985946.894654,7339877840.863975,4532711305.81761,9447251299.292454,8711305013.36478
1995-10,3.245274096842432,2.6778501926782274,3.29,2.845170394036209,12716666666.666666,12250000000.0,11500000000.0,17750000000.0,12829751222.222221,13803101500.0,12032916000.0,18943962000.0,45026168111.111115,31236559500.0,29962817000.0,43041959500.0,38583895803.04677,18408830614.135223,35581412914.363205,31731190257.07547,132601812699.80878,46429313583.36478,94094095339.48112,95517580324.37106,19499801967.12101,5297622574.080189,11099013721.493711,12881164964.386793,102940262217.98596,28885927983.805035,60244371030.93553,65253002965.09434,16708611038.427084,10504069925.05503,19236649277.523586,14722039345.794024,22321670394.777348,13010674293.742136,24402473009.253147,21553272345.911953,2375480551.317184,2607138115.0,5245749915.345913,4127985946.894654,7339877840.863975,4532711305.81761,9447251299.292454,8711305013.36478
1995-11,3.245274096842432,2.6778501926782274,3.29,2.845170394036209,15130000000.0,13500000000.0,15000000000.0,18250000000.0,15199748466.666666,15208114000.0,16458752000.0,18665868000.0,48147965333.333336,31728289000.0,43700164500.0,55462768000.0,38583895803.04677,18408830614.135223,35581412914.363205,31731190257.07547,132601812699.80878,46429313583.36478,94094095339.48112,95517580324.37106,19499801967.12101,5297622574.080189,11099013721.493711,12881164964.386793,102940262217.98596,28885927983.805035,60244371030.93553,65253002965.09434,16708611038.427084,10504069925.05503,19236649277.523586,14722039345.794024,22321670394.777348,13010674293.742136,24402473009.253147,21553272345.911953,2375480551.317184,2607138115.0,5245749915.345913,4127985946.894654,7339877840.863975,4532711305.81761,9447251299.292454,8711305013.36478
1995-12,3.245274096842432,2.6778501926782274,3.29,2.845170394036209,13522727272.727272,13500000000.0,15000000000.0,18250000000.0,13560537363.636364,15208114000.0,16458752000.0,18665868000.0,46535340090.90909,31728289000.0,43700164500.0,55462768000.0,38583895803.04677,18408830614.135223,35581412914.363205,31731190257.07547,132601812699.80878,46429313583.36478,94094095339.48112,95517580324.37106,19499801967.12101,5297622574.080189,11099013721.493711,12881164964.386793,102940262217.98596,28885927983.805035,60244371030.93553,65253002965.09434,16708611038.427084,10504069925.05503,19236649277.523586,14722039345.794024,22321670394.777348,13010674293.742136,24402473009.253147,21553272345.911953,2375480551.317184,2607138115.0,5245749915.345913,4127985946.894654,7339877840.863975,4532711305.81761,9447251299.292454,8711305013.36478
1996-01,3.245274096842432,2.6778501926782274,3.29,2.845170394036209,13638888888.88889,13500000000.0,12000000000.0,18250000000.0,13706006333.333334,15208114000.0,12809843500.0,19095878000.0,51735956888.888885,31728289000.0,29494791000.0,43125602500.0,38583895803.04677,18408830614.135223,35581412914.363205,31731190257.07547,132601812699.80878,46429313583.36478,94094095339.48112,95517580324.37106,19499801967.12101,5297622574.080189,11099013721.493711,12881164964.386793,102940262217.98596,28885927983.805035,60244371030.93553,65253002965.09434,16708611038.427084,10504069925.05503,19236649277.523586,14722039345.794024,22321670394.777348,13010674293.742136,24402473009.253147,21553272345.911953,2375480551.317184,2607138115.0,5245749915.345913,4127985946.894654,7339877840.863975,4532711305.81761,9447251299.292454,8711305013.36478
1996-02,3.245274096842432,2.6778501926782274,3.29,2.845170394036209,14950000000.0,13000000000.0,15250000000.0,18250000000.0,15058501153.846153,14205187500.0,17390377500.0,19161230000.0,54830215538.46154,27646152500.0,39862617500.0,43541730000.0,38583895803.04677,18408830614.135223,35581412914.363205,31731190257.07547,132601812699.80878,46429313583.36478,94094095339.48112,95517580324.37106,19499801967.12101,5297622574.080189,11099013721.493711,12881164964.386793,102940262217.98596,28885927983.805035,60244371030.93553,65253002965.09434,16708611038.427084,10504069925.05503,19236649277.523586,14722039345.794024,22321670394.777348,13010674293.742136,24402473009.253147,21553272345.911953,2375480551.317184,2607138115.0,5245749915.345913,4127985946.894654,7339877840.863975,4532711305.81761,9447251299.292454,8711305013.36478
1996-03,3.245274096842432,2.6778501926782274,3.29,2.845170394036209,13050000000.0,13000000000.0,15250000000.0,18250000000.0,13094609090.90909,14205187500.0,17390377500.0,19161230000.0,46028630727.27273,27646152500.0,39862617500.0,43541730000.0,38583895803.04677,18408830614.135223,35581412914.363205,31731190257.07547,132601812699.80878,46429313583.36478,94094095339.48112,95517580324.37106,19499801967.12101,5297622574.080189,11099013721.493711,12881164964.386793,102940262217.98596,28885927983.805035,60244371030.93553,65253002965.09434,16708611038.427084,10504069925.05503,19236649277.523586,14722039345.794024,22321670394.777348,13010674293.742136,24402473009.253147,21553272345.911953,2375480551.317184,2607138115.0,5245749915.345913,4127985946.894654,7339877840.863975,4532711305.81761,9447251299.292454,8711305013.36478
1996-04,3.245274096842432,2.6778501926782274,3.29,2.845170394036209,14312500000.0,13000000000.0,12250000000.0,18500000000.0,14647379333.333334,14205187500.0,13953323000.0,21509404500.0,49956984250.0,27646152500.0,32134843000.0,44448107000.0,38583895803.04677,18408830614.135223,35581412914.363205,31731190257.07547,132601812699.80878,46429313583.36478,94094095339.48112,95517580324.37106,19499801967.12101,5297622574.080189,11099013721.493711,12881164964.386793,102940262217.98596,28885927983.805035,60244371030.93553,65253002965.09434,16708611038.427084,10504069925.05503,19236649277.523586,14722039345.794024,22321670394.777348,13010674293.742136,24402473009.253147,21553272345.911953,2375480551.317184,2607138115.0,5245749915.345913,4127985946.894654,7339877840.863975,4532711305.81761,9447251299.292454,8711305013.36478
1996-05,3.245274096842432,2.6778501926782274,3.29,2.845170394036209,14423076923.076923,14000000000.0,15750000000.0,18750000000.0,14529532769.23077,16002334000.0,18504426000.0,21066923000.0,56064277461.53846,35529802000.0,38324836000.0,46583423000.0,38583895803.04677,18408830614.135223,35581412914.363205,31731190257.07547,132601812699.80878,46429313583.36478,94094095339.48112,95517580324.37106,19499801967.12101,5297622574.080189,11099013721.493711,12881164964.386793,102940262217.98596,28885927983.805035,60244371030.93553,65253002965.09434,16708611038.427084,10504069925.05503,19236649277.523586,14722039345.794024,22321670394.777348,13010674293.742136,24402473009.253147,21553272345.911953,2375480551.317184,2607138115.0,5245749915.345913,4127985946.894654,7339877840.863975,4532711305.81761,9447251299.292454,8711305013.36478
1996-06,3.245274096842432,2.6778501926782274,3.29,2.845170394036209,14750000000.0,14000000000.0,15750000000.0,18750000000.0,14868212545.454546,16002334000.0,18504426000.0,21066923000.0,54087728636.36364,35529802000.0,38324836000.0,46583423000.0,38583895803.04677,18408830614.135223,35581412914.363205,31731190257.07547,132601812699.80878,46429313583.36478,94094095339.48112,95517580324.37106,19499801967.12101,5297622574.080189,11099013721.493711,12881164964.386793,102940262217.98596,28885927983.805035,60244371030.93553,65253002965.09434,16708611038.427084,10504069925.05503,19236649277.523586,14722039345.794024,22321670394.777348,13010674293.742136,24402473009.253147,21553272345.911953,2375480551.317184,2607138115.0,5245749915.345913,4127985946.894654,7339877840.863975,4532711305.81761,9447251299.292454,8711305013.36478
1996-07,3.245274096842432,2.6778501926782274,3.29,2.845170394036209,14694444444.444445,10000000000.0,12500000000.0,18750000000.0,15072407333.333334,11525896000.0,14180420500.0,21743902500.0,50167896888.888885,28138501000.0,29900235500.0,47352496000.0,38583895803.04677,18408830614.135223,35581412914.363205,31731190257.07547,132601812699.80878,46429313583.36478,94094095339.48112,95517580324.37106,19499801967.12101,5297622574.080189,11099013721.493711,12881164964.386793,102940262217.98596,28885927983.805035,60244371030.93553,65253002965.09434,16708611038.427084,10504069925.05503,19236649277.523586,14722039345.794024,22321670394.777348,13010674293.742136,24402473009.253147,21553272345.911953,2375480551.317184,2607138115.0,5245749915.345913,4127985946.894654,7339877840.863975,4532711305.81761,9447251299.292454,8711305013.36478
1996-08,3.245274096842432,2.6778501926782274,3.29,2.845170394036209,13204545454.545454,10000000000.0,19000000000.0,18750000000.0,13460256727.272728,11050438000.0,22668403000.0,21743902500.0,49033033636.36364,23453630500.0,47336333000.0,47352496000.0,38583895803.04677,18408830614.135223,35581412914.363205,31731190257.07547,132601812699.80878,46429313583.36478,94094095339.48112,95517580324.37106,19499801967.12101,5297622574.080189,11099013721.493711,12881164964.386793,102940262217.98596,28885927983.805035,60244371030.93553,65253002965.09434,16708611038.427084,10504069925.05503,19236649277.523586,14722039345.794024,22321670394.777348,13010674293.742136,24402473009.253147,21553272345.911953,2375480551.317184,2607138115.0,5245749915.345913,4127985946.894654,7339877840.863975,4532711305.81761,9447251299.292454,8711305013.36478
1996-09,3.245274096842432,2.6778501926782274,3.29,2.845170394036209,14025000000.0,10000000000.0,12500000000.0,18500000000.0,14154053500.0,11050438000.0,14239590500.0,21661285500.0,51015231400.0,23453630500.0,31167241000.0,48111250500.0,38583895803.04677,18408830614.135223,35581412914.363205,31731190257.07547,132601812699.80878,46429313583.36478,94094095339.48112,95517580324.37106,19499801967.12101,5297622574.080189,11099013721.493711,12881164964.386793,102940262217.98596,28885927983.805035,60244371030.93553,65253002965.09434,16708611038.427084,10504069925.05503,19236649277.523586,14722039345.794024,22321670394.777348,13010674293.742136,24402473009.253147,21553272345.911953,2375480551.317184,2607138115.0,5245749915.345913,4127985946.894654,7339877840.863975,4532711305.81761,9447251299.292454,8711305013.36478
1996-10,3.245274096842432,2.6778501926782274,3.29,2.845170394036209,13750000000.0,10000000000.0,12500000000.0,18250000000.0,14004524090.90909,10979919000.0,14620705000.0,21178077000.0,48206450363.63636,24355319000.0,31300705000.0,50785477000.0,38583895803.04677,18408830614.135223,35581412914.363205,31731190257.07547,132601812699.80878,46429313583.36478,94094095339.48112,95517580324.37106,19499801967.12101,5297622574.080189,11099013721.493711,12881164964.386793,102940262217.98596,28885927983.805035,60244371030.93553,65253002965.09434,16708611038.427084,10504069925.05503,19236649277.523586,14722039345.794024,22321670394.777348,13010674293.742136,24402473009.253147,21553272345.911953,2375480551.317184,2607138115.0,5245749915.345913,4127985946.894654,7339877840.863975,4532711305.81761,9447251299.292454,8711305013.36478
1996-11,3.245274096842432,2.6778501926782274,3.29,2.845170394036209,14659090909.09091,10000000000.0,18500000000.0,18250000000.0,14844755000.0,11470982000.0,22852060000.0,21178077000.0,55087250818.181816,26921259000.0,46545660000.0,50785477000.0,38583895803.04677,18408830614.135223,35581412914.363205,31731190257.07547,132601812699.80878,46429313583.36478,94094095339.48112,95517580324.37106,19499801967.12101,5297622574.080189,11099013721.493711,12881164964.386793,102940262217.98596,28885927983.805035,60244371030.93553,65253002965.09434,16708611038.427084,10504069925.05503,19236649277.523586,14722039345.794024,22321670394.777348,13010674293.742136,24402473009.253147,21553272345.911953,2375480551.317184,2607138115.0,5245749915.345913,4127985946.894654,7339877840.863975,4532711305.81761,9447251299.292454,8711305013.36478
1996-12,3.245274096842432,2.6778501926782274,3.29,2.845170394036209,13425000000.0,10000000000.0,12500000000.0,18250000000.0,13601927500.0,11470982000.0,13985952500.0,20532326000.0,48345140600.0,26921259000.0,36839987500.0,41816963500.0,38583895803.04677,18408830614.135223,35581412914.363205,31731190257.07547,132601812699.80878,46429313583.36478,94094095339.48112,95517580324.37106,19499801967.12101,5297622574.080189,11099013721.493711,12881164964.386793,102940262217.98596,28885927983.805035,60244371030.93553,65253002965.09434,16708611038.427084,10504069925.05503,19236649277.523586,14722039345.794024,22321670394.777348,13010674293.742136,24402473009.253147,21553272345.911953,2375480551.317184,2607138115.0,5245749915.345913,4127985946.894654,7339877840.863975,4532711305.81761,9447251299.292454,8711305013.36478
1997-01,3.245274096842432,2.6778501926782274,3.29,2.845170394036209,12750000000.0,10000000000.0,12500000000.0,17500000000.0,12941490272.727272,11470982000.0,13432564000.0,19423168000.0,47953697454.545456,26921259000.0,31235070000.0,44611593000.0,38583895803.04677,18408830614.135223,35581412914.363205,31731190257.07547,132601812699.80878,46429313583.36478,94094095339.48112,95517580324.37106,19499801967.12101,5297622574.080189,11099013721.493711,12881164964.386793,102940262217.98596,28885927983.805035,60244371030.93553,65253002965.09434,16708611038.427084,10504069925.05503,19236649277.523586,14722039345.794024,22321670394.777348,13010674293.742136,24402473009.253147,21553272345.911953,2375480551.317184,2607138115.0,5245749915.345913,4127985946.894654,7339877840.863975,4532711305.81761,9447251299.292454,8711305013.36478
1997-02,3.245274096842432,5.31,3.29,2.845170394036209,13583333333.333334,9666666666.666666,15125000000.0,17500000000.0,13948678000.0,10300707333.333334,17089616000.0,19880847000.0,54047530444.44444,28695201666.666668,34853271000.0,41072647000.0,38583895803.04677,18408830614.135223,35581412914.363205,31731190257.07547,132601812699.80878,46429313583.36478,94094095339.48112,95517580324.37106,19499801967.12101,5297622574.080189,11099013721.493711,12881164964.386793,102940262217.98596,28885927983.805035,60244371030.93553,65253002965.09434,16708611038.427084,10504069925.05503,19236649277.523586,14722039345.794024,22321670394.777348,13010674293.742136,24402473009.253147,21553272345.911953,2375480551.317184,2607138115.0,5245749915.345913,4127985946.894654,7339877840.863975,4532711305.81761,9447251299.292454,8711305013.36478
1997-03,3.245274096842432,5.31,3.29,2.845170394036209,13825000000.0,9666666666.666666,12500000000.0,17250000000.0,14109395400.0,10300707333.333334,14260535000.0,19743292000.0,51498748200.0,28695201666.666668,33481865000.0,40478482000.0,38583895803.04677,18408830614.135223,35581412914.363205,31731190257.07547,132601812699.80878,46429313583.36478,94094095339.48112,95517580324.37106,19499801967.12101,5297622574.080189,11099013721.493711,12881164964.386793,102940262217.98596,28885927983.805035,60244371030.93553,65253002965.09434,16708611038.427084,10504069925.05503,19236649277.523586,14722039345.794024,22321670394.777348,13010674293.742136,24402473009.253147,21553272345.911953,2375480551.317184,2607138115.0,5245749915.345913,4127985946.894654,7339877840.863975,4532711305.81761,9447251299.292454,8711305013.36478
1997-04,3.245274096842432,5.31,3.29,2.845170394036209,8340909090.909091,8000000000.0,12500000000.0,17000000000.0,11575389636.363636,8402618000.0,14425504000.0,19289148000.0,44375411727.27273,18461641000.0,34216610000.0,43646413000.0,38583895803.04677,18408830614.135223,35581412914.363205,31731190257.07547,132601812699.80878,46429313583.36478,94094095339.48112,95517580324.37106,19499801967.12101,5297622574.080189,11099013721.493711,12881164964.386793,102940262217.98596,28885927983.805035,60244371030.93553,65253002965.09434,16708611038.427084,10504069925.05503,19236649277.523586,14722039345.794024,22321670394.777348,13010674293.742136,24402473009.253147,21553272345.911953,2375480551.317184,2607138115.0,5245749915.345913,4127985946.894654,7339877840.863975,4532711305.81761,9447251299.292454,8711305013.36478
1997-05,3.245274096842432,5.31,3.29,2.845170394036209,8375000000.0,12000000000.0,17000000000.0,17000000000.0,12600533916.666666,13950603000.0,20725851000.0,19289148000.0,48619332000.0,24258189000.0,39088531000.0,43646413000.0,38583895803.04677,18408830614.135223,35581412914.363205,31731190257.07547,132601812699.80878,46429313583.36478,94094095339.48112,95517580324.37106,19499801967.12101,5297622574.080189,11099013721.493711,12881164964.386793,102940262217.98596,28885927983.805035,60244371030.93553,65253002965.09434,16708611038.427084,10504069925.05503,19236649277.523586,14722039345.794024,22321670394.777348,13010674293.742136,24402473009.253147,21553272345.911953,2375480551.317184,2607138115.0,5245749915.345913,4127985946.894654,7339877840.863975,4532711305.81761,9447251299.292454,8711305013.36478
1997-06,3.245274096842432,5.31,3.29,2.845170394036209,10000000000.0,12000000000.0,11750000000.0,16000000000.0,13590922300.0,13950603000.0,13257084000.0,18162638500.0,46319747400.0,24258189000.0,36529151500.0,41265161000.0,38583895803.04677,18408830614.135223,35581412914.363205,31731190257.07547,132601812699.80878,46429313583.36478,94094095339.48112,95517580324.37106,19499801967.12101,5297622574.080189,11099013721.493711,12881164964.386793,102940262217.98596,28885927983.805035,60244371030.93553,65253002965.09434,16708611038.427084,10504069925.05503,19236649277.523586,14722039345.794024,22321670394.777348,13010674293.742136,24402473009.253147,21553272345.911953,2375480551.317184,2607138115.0,5245749915.345913,4127985946.894654,7339877840.863975,4532711305.81761,9447251299.292454,8711305013.36478
1997-07,3.245274096842432,5.31,3.29,2.845170394036209,8363636363.636364,12000000000.0,9750000000.0,15500000000.0,12408694090.90909,13950603000.0,10303597500.0,16784553000.0,43308978727.27273,24258189000.0,30337631000.0,40478288000.0,38583895803.04677,18408830614.135223,35581412914.363205,31731190257.07547,132601812699.80878,46429313583.36478,94094095339.48112,95517580324.37106,19499801967.12101,5297622574.080189,11099013721.493711,12881164964.386793,102940262217.98596,28885927983.805035,60244371030.93553,65253002965.09434,16708611038.427084,10504069925.05503,19236649277.523586,14722039345.794024,22321670394.777348,13010674293.742136,24402473009.253147,21553272345.911953,2375480551.317184,2607138115.0,5245749915.345913,4127985946.894654,7339877840.863975,4532711305.81761,9447251299.292454,8711305013.36478
1997-08,3.245274096842432,5.31,3.29,2.845170394036209,9700000000.0,11000000000.0,16000000000.0,15500000000.0,13431179300.0,11882301000.0,18023922000.0,16784553000.0,49174579700.0,27608301000.0,41284143000.0,40478288000.0,38583895803.04677,18408830614.135223,35581412914.363205,31731190257.07547,132601812699.80878,46429313583.36478,94094095339.48112,95517580324.37106,19499801967.12101,5297622574.080189,11099013721.493711,12881164964.386793,102940262217.98596,28885927983.805035,60244371030.93553,65253002965.09434,16708611038.427084,10504069925.05503,19236649277.523586,14722039345.794024,22321670394.777348,13010674293.742136,24402473009.253147,21553272345.911953,2375480551.317184,2607138115.0,5245749915.345913,4127985946.894654,7339877840.863975,4532711305.81761,9447251299.292454,8711305013.36478
1997-09,3.245274096842432,5.31,3.29,2.845170394036209,10050000000.0,11000000000.0,11500000000.0,15500000000.0,13567052300.0,11882301000.0,12744995500.0,17302337500.0,51375490200.0,27608301000.0,31671730500.0,40156624000.0,38583895803.04677,18408830614.135223,35581412914.363205,31731190257.07547,132601812699.80878,46429313583.36478,94094095339.48112,95517580324.37106,19499801967.12101,5297622574.080189,11099013721.493711,12881164964.386793,102940262217.98596,28885927983.805035,60244371030.93553,65253002965.09434,16708611038.427084,10504069925.05503,19236649277.523586,14722039345.794024,22321670394.777348,13010674293.742136,24402473009.253147,21553272345.911953,2375480551.317184,2607138115.0,5245749915.345913,4127985946.894654,7339877840.863975,4532711305.81761,9447251299.292454,8711305013.36478
1997-10,3.245274096842432,5.31,3.56,2.845170394036209,7954545454.545455,11000000000.0,9500000000.0,15000000000.0,11640244727.272728,11882301000.0,10064796000.0,16784898000.0,45351217363.63636,27608301000.0,27203786000.0,36090498000.0,38583895803.04677,18408830614.135223,35581412914.363205,31731190257.07547,132601812699.80878,46429313583.36478,94094095339.48112,95517580324.37106,19499801967.12101,5297622574.080189,11099013721.493711,12881164964.386793,102940262217.98596,28885927983.805035,60244371030.93553,65253002965.09434,16708611038.427084,10504069925.05503,19236649277.523586,14722039345.794024,22321670394.777348,13010674293.742136,24402473009.253147,21553272345.911953,2375480551.317184,2607138115.0,5245749915.345913,4127985946.894654,7339877840.863975,4532711305.81761,9447251299.292454,8711305013.36478
1997-11,3.245274096842432,5.31,3.56,2.845170394036209,9200000000.0,10500000000.0,14000000000.0,15000000000.0,12741884500.0,11890182500.0,16006889000.0,16784898000.0,48857073500.0,28875382500.0,36633889000.0,36090498000.0,38583895803.04677,18408830614.135223,35581412914.363205,31731190257.07547,132601812699.80878,46429313583.36478,94094095339.48112,95517580324.37106,19499801967.12101,5297622574.080189,11099013721.493711,12881164964.386793,102940262217.98596,28885927983.805035,60244371030.93553,65253002965.09434,16708611038.427084,10504069925.05503,19236649277.523586,14722039345.794024,22321670394.777348,13010674293.742136,24402473009.253147,21553272345.911953,2375480551.317184,2607138115.0,5245749915.345913,4127985946.894654,7339877840.863975,4532711305.81761,9447251299.292454,8711305013.36478
1997-12,3.245274096842432,5.31,3.56,2.845170394036209,10500000000.0,10500000000.0,11000000000.0,15000000000.0,14063384500.0,11890182500.0,12069617500.0,16837355000.0,44423066300.0,28875382500.0,31903917500.0,38866033000.0,38583895803.04677,18408830614.135223,35581412914.363205,31731190257.07547,132601812699.80878,46429313583.36478,94094095339.48112,95517580324.37106,19499801967.12101,5297622574.080189,11099013721.493711,12881164964.386793,102940262217.98596,28885927983.805035,60244371030.93553,65253002965.09434,16708611038.427084,10504069925.05503,19236649277.523586,14722039345.794024,22321670394.777348,13010674293.742136,24402473009.253147,21553272345.911953,2375480551.317184,2607138115.0,5245749915.345913,4127985946.894654,7339877840.863975,4532711305.81761,9447251299.292454,8711305013.36478
1998-01,3.245274096842432,5.31,3.56,2.845170394036209,7681818181.818182,8000000000.0,11000000000.0,15000000000.0,11743089909.09091,8408613000.0,12069617500.0,16837355000.0,37297133090.90909,23956451000.0,31903917500.0,38866033000.0,38583895803.04677,18408830614.135223,35581412914.363205,31731190257.07547,132601812699.80878,46429313583.36478,94094095339.48112,95517580324.37106,19499801967.12101,5297622574.080189,11099013721.493711,12881164964.386793,102940262217.98596,28885927983.805035,60244371030.93553,65253002965.09434,16708611038.427084,10504069925.05503,19236649277.523586,14722039345.794024,22321670394.777348,13010674293.742136,24402473009.253147,21553272345.911953,2375480551.317184,2607138115.0,5245749915.345913,4127985946.894654,7339877840.863975,4532711305.81761,9447251299.292454,8711305013.36478
1998-02,3.245274096842432,5.31,3.56,2.845170394036209,9200000000.0,11000000000.0,12000000000.0,15000000000.0,13033281900.0,12453196000.0,14210629500.0,17449768000.0,45876518100.0,26969876000.0,30098280000.0,36219083000.0,38583895803.04677,18408830614.135223,35581412914.363205,31731190257.07547,132601812699.80878,46429313583.36478,94094095339.48112,95517580324.37106,19499801967.12101,5297622574.080189,11099013721.493711,12881164964.386793,102940262217.98596,28885927983.805035,60244371030.93553,65253002965.09434,16708611038.427084,10504069925.05503,19236649277.523586,14722039345.794024,22321670394.777348,13010674293.742136,24402473009.253147,21553272345.911953,2375480551.317184,2607138115.0,5245749915.345913,4127985946.894654,7339877840.863975,4532711305.81761,9447251299.292454,8711305013.36478
1998-03,3.245274096842432,5.31,3.56,2.845170394036209,9000000000.0,11000000000.0,11000000000.0,14500000000.0,12530064200.0,12453196000.0,13908770500.0,17447765000.0,47895524900.0,26969876000.0,29187121000.0,37951882500.0,38583895803.04677,18408830614.135223,35581412914.363205,31731190257.07547,132601812699.80878,46429313583.36478,94094095339.48112,95517580324.37106,19499801967.12101,5297622574.080189,11099013721.493711,12881164964.386793,102940262217.98596,28885927983.805035,60244371030.93553,65253002965.09434,16708611038.427084,10504069925.05503,19236649277.523586,14722039345.794024,22321670394.777348,13010674293.742136,24402473009.253147,21553272345.911953,2375480551.317184,2607138115.0,5245749915.345913,4127985946.894654,7339877840.863975,4532711305.81761,9447251299.292454,8711305013.36478
1998-04,3.245274096842432,5.31,3.56,2.845170394036209,8115384615.384615,8000000000.0,11000000000.0,13000000000.0,11763775076.923077,8402158000.0,12560495000.0,15594331000.0,38794983615.38461,21014138000.0,27743580000.0,37159636000.0,38583895803.04677,18408830614.135223,35581412914.363205,31731190257.07547,132601812699.80878,46429313583.36478,94094095339.48112,95517580324.37106,19499801967.12101,5297622574.080189,11099013721.493711,12881164964.386793,102940262217.98596,28885927983.805035,60244371030.93553,65253002965.09434,16708611038.427084,10504069925.05503,19236649277.523586,14722039345.794024,22321670394.777348,13010674293.742136,24402473009.253147,21553272345.911953,2375480551.317184,2607138115.0,5245749915.345913,4127985946.894654,7339877840.863975,4532711305.81761,9447251299.292454,8711305013.36478
1998-05,3.245274096842432,5.31,3.56,2.845170394036209,6888888888.888889,12000000000.0,10000000000.0,13000000000.0,10996107333.333334,14772032000.0,12856544000.0,15594331000.0,40098868000.0,31443532000.0,34619094000.0,37159636000.0,38583895803.04677,18408830614.135223,35581412914.363205,31731190257.07547,132601812699.80878,46429313583.36478,94094095339.48112,95517580324.37106,19499801967.12101,5297622574.080189,11099013721.493711,12881164964.386793,102940262217.98596,28885927983.805035,60244371030.93553,65253002965.09434,16708611038.427084,10504069925.05503,19236649277.523586,14722039345.794024,22321670394.777348,13010674293.742136,24402473009.253147,21553272345.911953,2375480551.317184,2607138115.0,5245749915.345913,4127985946.894654,7339877840.863975,4532711305.81761,9447251299.292454,8711305013.36478
1998-06,3.245274096842432,5.31,3.56,2.845170394036209,7700000000.0,12000000000.0,11000000000.0,12500000000.0,11226808700.0,14772032000.0,13115686500.0,15714915000.0,37512123100.0,31443532000.0,29836664000.0,37833537500.0,38583895803.04677,18408830614.135223,35581412914.363205,31731190257.07547,132601812699.80878,46429313583.36478,94094095339.48112,95517580324.37106,19499801967.12101,5297622574.080189,11099013721.493711,12881164964.386793,102940262217.98596,28885927983.805035,60244371030.93553,65253002965.09434,16708611038.427084,10504069925.05503,19236649277.523586,14722039345.794024,22321670394.777348,13010674293.742136,24402473009.253147,21553272345.911953,2375480551.317184,2607138115.0,5245749915.345913,4127985946.894654,7339877840.863975,4532711305.81761,9447251299.292454,8711305013.36478
1998-07,3.245274096842432,5.31,3.56,2.845170394036209,6818181818.181818,8000000000.0,11000000000.0,15000000000.0,10789669363.636364,8404017000.0,13115686500.0,18642381000.0,36221248818.181816,19456157000.0,29836664000.0,40794637000.0,38583895803.04677,18408830614.135223,35581412914.363205,31731190257.07547,132601812699.80878,46429313583.36478,94094095339.48112,95517580324.37106,19499801967.12101,5297622574.080189,11099013721.493711,12881164964.386793,102940262217.98596,28885927983.805035,60244371030.93553,65253002965.09434,16708611038.427084,10504069925.05503,19236649277.523586,14722039345.794024,22321670394.777348,13010674293.742136,24402473009.253147,21553272345.911953,2375480551.317184,2607138115.0,5245749915.345913,4127985946.894654,7339877840.863975,4532711305.81761,9447251299.292454,8711305013.36478
1998-08,3.245274096842432,5.31,3.56,2.845170394036209,10200000000.0,10500000000.0,16000000000.0,15000000000.0,13873179500.0,12094759500.0,19834766000.0,20000505000.0,36198561400.0,25680223000.0,34417966000.0,37878655000.0,38583895803.04677,18408830614.135223,35581412914.363205,31731190257.07547,132601812699.80878,46429313583.36478,94094095339.48112,95517580324.37106,19499801967.12101,5297622574.080189,11099013721.493711,12881164964.386793,102940262217.98596,28885927983.805035,60244371030.93553,65253002965.09434,16708611038.427084,10504069925.05503,19236649277.523586,14722039345.794024,22321670394.777348,13010674293.742136,24402473009.253147,21553272345.911953,2375480551.317184,2607138115.0,5245749915.345913,4127985946.894654,7339877840.863975,4532711305.81761,9447251299.292454,8711305013.36478
1998-09,3.245274096842432,5.31,3.56,2.845170394036209,7222222222.222222,10500000000.0,16000000000.0,15000000000.0,11037666111.11111,12094759500.0,19834766000.0,19244412000.0,30173136000.0,25680223000.0,34417966000.0,40154537000.0,38583895803.04677,18408830614.135223,35581412914.363205,31731190257.07547,132601812699.80878,46429313583.36478,94094095339.48112,95517580324.37106,19499801967.12101,5297622574.080189,11099013721.493711,12881164964.386793,102940262217.98596,28885927983.805035,60244371030.93553,65253002965.09434,16708611038.427084,10504069925.05503,19236649277.523586,14722039345.794024,22321670394.777348,13010674293.742136,24402473009.253147,21553272345.911953,2375480551.317184,2607138115.0,5245749915.345913,4127985946.894654,7339877840.863975,4532711305.81761,9447251299.292454,8711305013.36478
1998-10,3.245274096842432,5.31,3.56,2.845170394036209,8272727272.727273,8000000000.0,16000000000.0,15000000000.0,12021737000.0,8400538000.0,19834766000.0,19244412000.0,27841215000.0,15744658000.0,34417966000.0,40154537000.0,38583895803.04677,18408830614.135223,35581412914.363205,31731190257.07547,132601812699.80878,46429313583.36478,94094095339.48112,95517580324.37106,19499801967.12101,5297622574.080189,11099013721.493711,12881164964.386793,102940262217.98596,28885927983.805035,60244371030.93553,65253002965.09434,16708611038.427084,10504069925.05503,19236649277.523586,14722039345.794024,22321670394.777348,13010674293.742136,24402473009.253147,21553272345.911953,2375480551.317184,2607138115.0,5245749915.345913,4127985946.894654,7339877840.863975,4532711305.81761,9447251299.292454,8711305013.36478
1998-11,3.245274096842432,5.31,3.56,2.845170394036209,10000000000.0,11000000000.0,16000000000.0,16000000000.0,13537904400.0,12215936000.0,18619933000.0,20330602500.0,32331554600.0,18483949500.0,31398418000.0,37450252500.0,38583895803.04677,18408830614.135223,35581412914.363205,31731190257.07547,132601812699.80878,46429313583.36478,94094095339.48112,95517580324.37106,19499801967.12101,5297622574.080189,11099013721.493711,12881164964.386793,102940262217.98596,28885927983.805035,60244371030.93553,65253002965.09434,16708611038.427084,10504069925.05503,19236649277.523586,14722039345.794024,22321670394.777348,13010674293.742136,24402473009.253147,21553272345.911953,2375480551.317184,2607138115.0,5245749915.345913,4127985946.894654,7339877840.863975,4532711305.81761,9447251299.292454,8711305013.36478
1998-12,3.245274096842432,5.31,3.56,2.845170394036209,9333333333.333334,11000000000.0,16000000000.0,15000000000.0,12897254833.333334,12215936000.0,18619933000.0,19466121000.0,31370725333.333332,18483949500.0,31398418000.0,42976651000.0,38583895803.04677,18408830614.135223,35581412914.363205,31731190257.07547,132601812699.80878,46429313583.36478,94094095339.48112,95517580324.37106,19499801967.12101,5297622574.080189,11099013721.493711,12881164964.386793,102940262217.98596,28885927983.805035,60244371030.93553,65253002965.09434,16708611038.427084,10504069925.05503,19236649277.523586,14722039345.794024,22321670394.777348,13010674293.742136,24402473009.253147,21553272345.911953,2375480551.317184,2607138115.0,5245749915.345913,4127985946.894654,7339877840.863975,4532711305.81761,9447251299.292454,8711305013.36478
1999-01,3.245274096842432,5.31,3.56,2.845170394036209,7777777777.777778,8000000000.0,16000000000.0,15000000000.0,11813070000.0,8530979000.0,18619933000.0,19466121000.0,29134988888.88889,25476152000.0,31398418000.0,42976651000.0,38583895803.04677,18408830614.135223,35581412914.363205,31731190257.07547,132601812699.80878,46429313583.36478,94094095339.48112,95517580324.37106,19499801967.12101,5297622574.080189,11099013721.493711,12881164964.386793,102940262217.98596,28885927983.805035,60244371030.93553,65253002965.09434,16708611038.427084,10504069925.05503,19236649277.523586,14722039345.794024,22321670394.777348,13010674293.742136,24402473009.253147,21553272345.911953,2375480551.317184,2607138115.0,5245749915.345913,4127985946.894654,7339877840.863975,4532711305.81761,9447251299.292454,8711305013.36478
1999-02,3.245274096842432,5.31,3.56,2.845170394036209,7800000000.0,10000000000.0,15000000000.0,15000000000.0,11710351700.0,11471189000.0,17815315000.0,19772324000.0,28854879600.0,21943779000.0,30243315000.0,36636724000.0,38583895803.04677,18408830614.135223,35581412914.363205,31731190257.07547,132601812699.80878,46429313583.36478,94094095339.48112,95517580324.37106,19499801967.12101,5297622574.080189,11099013721.493711,12881164964.386793,102940262217.98596,28885927983.805035,60244371030.93553,65253002965.09434,16708611038.427084,10504069925.05503,19236649277.523586,14722039345.794024,22321670394.777348,13010674293.742136,24402473009.253147,21553272345.911953,2375480551.317184,2607138115.0,5245749915.345913,4127985946.894654,7339877840.863975,4532711305.81761,9447251299.292454,8711305013.36478
1999-03,3.245274096842432,5.31,3.56,2.845170394036209,12500000000.0,10000000000.0,15000000000.0,15000000000.0,15536609750.0,11471189000.0,17815315000.0,20581990000.0,36950362083.333336,21943779000.0,30243315000.0,35812775000.0,38583895803.04677,18408830614.135223,35581412914.363205,31731190257.07547,132601812699.80878,46429313583.36478,94094095339.48112,95517580324.37106,19499801967.12101,5297622574.080189,11099013721.493711,12881164964.386793,102940262217.98596,28885927983.805035,60244371030.93553,65253002965.09434,16708611038.427084,10504069925.05503,19236649277.523586,14722039345.794024,22321670394.777348,13010674293.742136,24402473009.253147,21553272345.911953,2375480551.317184,2607138115.0,5245749915.345913,4127985946.894654,7339877840.863975,4532711305.81761,9447251299.292454,8711305013.36478
1999-04,3.245274096842432,5.31,3.56,2.845170394036209,9000000000.0,7000000000.0,15000000000.0,15000000000.0,12569007714.285715,7350408000.0,17815315000.0,21027026000.0,31242036714.285713,15044709000.0,30243315000.0,40875026000.0,38583895803.04677,18408830614.135223,35581412914.363205,31731190257.07547,132601812699.80878,46429313583.36478,94094095339.48112,95517580324.37106,19499801967.12101,5297622574.080189,11099013721.493711,12881164964.386793,102940262217.98596,28885927983.805035,60244371030.93553,65253002965.09434,16708611038.427084,10504069925.05503,19236649277.523586,14722039345.794024,22321670394.777348,13010674293.742136,24402473009.253147,21553272345.911953,2375480551.317184,2607138115.0,5245749915.345913,4127985946.894654,7339877840.863975,4532711305.81761,9447251299.292454,8711305013.36478
1999-05,3.245274096842432,5.31,3.56,2.845170394036209,7777777777.777778,12000000000.0,15000000000.0,15000000000.0,12018374000.0,14798359000.0,18912293000.0,21027026000.0,28945379111.11111,22280659000.0,29987293000.0,40875026000.0,38583895803.04677,18408830614.135223,35581412914.363205,31731190257.07547,132601812699.80878,46429313583.36478,94094095339.48112,95517580324.37106,19499801967.12101,5297622574.080189,11099013721.493711,12881164964.386793,102940262217.98596,28885927983.805035,60244371030.93553,65253002965.09434,16708611038.427084,10504069925.05503,19236649277.523586,14722039345.794024,22321670394.777348,13010674293.742136,24402473009.253147,21553272345.911953,2375480551.317184,2607138115.0,5245749915.345913,4127985946.894654,7339877840.863975,4532711305.81761,9447251299.292454,8711305013.36478
1999-06,3.245274096842432,5.31,3.56,2.845170394036209,9181818181.818182,12000000000.0,15000000000.0,15000000000.0,12485484636.363636,14798359000.0,18912293000.0,19427730500.0,32560667636.363636,22280659000.0,29987293000.0,32408680500.0,38583895803.04677,18408830614.135223,35581412914.363205,31731190257.07547,132601812699.80878,46429313583.36478,94094095339.48112,95517580324.37106,19499801967.12101,5297622574.080189,11099013721.493711,12881164964.386793,102940262217.98596,28885927983.805035,60244371030.93553,65253002965.09434,16708611038.427084,10504069925.05503,19236649277.523586,14722039345.794024,22321670394.777348,13010674293.742136,24402473009.253147,21553272345.911953,2375480551.317184,2607138115.0,5245749915.345913,4127985946.894654,7339877840.863975,4532711305.81761,9447251299.292454,8711305013.36478
1999-07,3.245274096842432,5.31,3.56,2.845170394036209,7727272727.272727,7000000000.0,15000000000.0,15000000000.0,11992904363.636364,7368472000.0,18912293000.0,19427730500.0,30369325272.727272,15096392000.0,29987293000.0,32408680500.0,38583895803.04677,18408830614.135223,35581412914.363205,31731190257.07547,132601812699.80878,46429313583.36478,94094095339.48112,95517580324.37106,19499801967.12101,5297622574.080189,11099013721.493711,12881164964.386793,102940262217.98596,28885927983.805035,60244371030.93553,65253002965.09434,16708611038.427084,10504069925.05503,19236649277.523586,14722039345.794024,22321670394.777348,13010674293.742136,24402473009.253147,21553272345.911953,2375480551.317184,2607138115.0,5245749915.345913,4127985946.894654,7339877840.863975,4532711305.81761,9447251299.292454,8711305013.36478
1999-08,3.245274096842432,5.31,3.56,2.845170394036209,10600000000.0,11000000000.0,15000000000.0,15000000000.0,14435170800.0,12961249000.0,18070773000.0,20308630000.0,34105220800.0,25452330500.0,30787673000.0,35398197500.0,38583895803.04677,18408830614.135223,35581412914.363205,31731190257.07547,132601812699.80878,46429313583.36478,94094095339.48112,95517580324.37106,19499801967.12101,5297622574.080189,11099013721.493711,12881164964.386793,102940262217.98596,28885927983.805035,60244371030.93553,65253002965.09434,16708611038.427084,10504069925.05503,19236649277.523586,14722039345.794024,22321670394.777348,13010674293.742136,24402473009.253147,21553272345.911953,2375480551.317184,2607138115.0,5245749915.345913,4127985946.894654,7339877840.863975,4532711305.81761,9447251299.292454,8711305013.36478
1999-09,3.245274096842432,5.31,3.56,2.845170394036209,7363636363.636364,11000000000.0,15000000000.0,15000000000.0,11417138454.545454,12961249000.0,18070773000.0,18782508000.0,28335813545.454544,25452330500.0,30787673000.0,35304183000.0,38583895803.04677,18408830614.135223,35581412914.363205,31731190257.07547,132601812699.80878,46429313583.36478,94094095339.48112,95517580324.37106,19499801967.12101,5297622574.080189,11099013721.493711,12881164964.386793,102940262217.98596,28885927983.805035,60244371030.93553,65253002965.09434,16708611038.427084,10504069925.05503,19236649277.523586,14722039345.794024,22321670394.777348,13010674293.742136,24402473009.253147,21553272345.911953,2375480551.317184,2607138115.0,5245749915.345913,4127985946.894654,7339877840.863975,4532711305.81761,9447251299.292454,8711305013.36478
1999-10,3.5025,5.31,3.56,2.845170394036209,8666666666.666666,7000000000.0,15000000000.0,15000000000.0,13036131333.333334,7368469000.0,18070773000.0,18782508000.0,28963757000.0,13835519000.0,30787673000.0,35304183000.0,38583895803.04677,18408830614.135223,35581412914.363205,31731190257.07547,132601812699.80878,46429313583.36478,94094095339.48112,95517580324.37106,19499801967.12101,5297622574.080189,11099013721.493711,12881164964.386793,102940262217.98596,28885927983.805035,60244371030.93553,65253002965.09434,16708611038.427084,10504069925.05503,19236649277.523586,14722039345.794024,22321670394.777348,13010674293.742136,24402473009.253147,21553272345.911953,2375480551.317184,2607138115.0,5245749915.345913,4127985946.894654,7339877840.863975,4532711305.81761,9447251299.292454,8711305013.36478
1999-11,3.3600000000000003,2.48,1.85,2.575,9600000000.0,10000000000.0,15000000000.0,15000000000.0,13535205200.0,12639913000.0,18390728000.0,19316580000.0,31317265000.0,27494213000.0,31160228000.0,42928881000.0,38583895803.04677,18408830614.135223,35581412914.363205,31731190257.07547,132601812699.80878,46429313583.36478,94094095339.48112,95517580324.37106,19499801967.12101,5297622574.080189,11099013721.493711,12881164964.386793,102940262217.98596,28885927983.805035,60244371030.93553,65253002965.09434,16708611038.427084,10504069925.05503,19236649277.523586,14722039345.794024,22321670394.777348,13010674293.742136,24402473009.253147,21553272345.911953,2375480551.317184,2607138115.0,5245749915.345913,4127985946.894654,7339877840.863975,4532711305.81761,9447251299.292454,8711305013.36478
1999-12,3.2046153846153844,2.48,1.85,2.1,10230769230.76923,10000000000.0,15000000000.0,15000000000.0,13545764615.384615,12639913000.0,18390728000.0,17176006000.0,32796427692.307693,27494213000.0,31160228000.0,33634006000.0,38583895803.04677,18408830614.135223,35581412914.363205,31731190257.07547,132601812699.80878,46429313583.36478,94094095339.48112,95517580324.37106,19499801967.12101,5297622574.080189,11099013721.493711,12881164964.386793,102940262217.98596,28885927983.805035,60244371030.93553,65253002965.09434,16708611038.427084,10504069925.05503,19236649277.523586,14722039345.794024,22321670394.777348,13010674293.742136,24402473009.253147,21553272345.911953,2375480551.317184,2607138115.0,5245749915.345913,4127985946.894654,7339877840.863975,4532711305.81761,9447251299.292454,8711305013.36478
2000-01,3.9911111111111115,3.07,1.85,2.03,7444444444.444445,6000000000.0,15000000000.0,14000000000.0,11565802777.777779,6316921000.0,18390728000.0,19346847000.0,27530557888.88889,18740421000.0,31160228000.0,33731087000.0,38583895803.04677,18408830614.135223,35581412914.363205,31731190257.07547,132601812699.80878,46429313583.36478,94094095339.48112,95517580324.37106,19499801967.12101,5297622574.080189,11099013721.493711,12881164964.386793,102940262217.98596,28885927983.805035,60244371030.93553,65253002965.09434,16708611038.427084,10504069925.05503,19236649277.523586,14722039345.794024,22321670394.777348,13010674293.742136,24402473009.253147,21553272345.911953,2375480551.317184,2607138115.0,5245749915.345913,4127985946.894654,7339877840.863975,4532711305.81761,9447251299.292454,8711305013.36478
2000-02,3.3329999999999997,1.3900000000000001,1.9,2.66,10500000000.0,10000000000.0,12000000000.0,12000000000.0,14535386100.0,11770681000.0,14230043000.0,16527931000.0,31010860500.0,15654548500.0,25052043000.0,36492496000.0,38583895803.04677,18408830614.135223,35581412914.363205,31731190257.07547,132601812699.80878,46429313583.36478,94094095339.48112,95517580324.37106,19499801967.12101,5297622574.080189,11099013721.493711,12881164964.386793,102940262217.98596,28885927983.805035,60244371030.93553,65253002965.09434,16708611038.427084,10504069925.05503,19236649277.523586,14722039345.794024,22321670394.777348,13010674293.742136,24402473009.253147,21553272345.911953,2375480551.317184,2607138115.0,5245749915.345913,4127985946.894654,7339877840.863975,4532711305.81761,9447251299.292454,8711305013.36478
2000-03,3.1771428571428575,1.3900000000000001,1.9,2.57,13000000000.0,10000000000.0,12000000000.0,12000000000.0,16863426642.857143,11770681000.0,14230043000.0,17219611000.0,35953557285.71429,15654548500.0,25052043000.0,36049243000.0,38583895803.04677,18408830614.135223,35581412914.363205,31731190257.07547,132601812699.80878,46429313583.36478,94094095339.48112,95517580324.37106,19499801967.12101,5297622574.080189,11099013721.493711,12881164964.386793,102940262217.98596,28885927983.805035,60244371030.93553,65253002965.09434,16708611038.427084,10504069925.05503,19236649277.523586,14722039345.794024,22321670394.777348,13010674293.742136,24402473009.253147,21553272345.911953,2375480551.317184,2607138115.0,5245749915.345913,4127985946.894654,7339877840.863975,4532711305.81761,9447251299.292454,8711305013.36478
2000-04,3.765,1.3900000000000001,1.9,2.57,8000000000.0,10000000000.0,12000000000.0,12000000000.0,13034554000.0,11770681000.0,14230043000.0,17219611000.0,29800529125.0,15654548500.0,25052043000.0,36049243000.0,38583895803.04677,18408830614.135223,35581412914.363205,31731190257.07547,132601812699.80878,46429313583.36478,94094095339.48112,95517580324.37106,19499801967.12101,5297622574.080189,11099013721.493711,12881164964.386793,102940262217.98596,28885927983.805035,60244371030.93553,65253002965.09434,16708611038.427084,10504069925.05503,19236649277.523586,14722039345.794024,22321670394.777348,13010674293.742136,24402473009.253147,21553272345.911953,2375480551.317184,2607138115.0,5245749915.345913,4127985946.894654,7339877840.863975,4532711305.81761,9447251299.292454,8711305013.36478
2000-05,3.1325,2.62,1.98,2.415,8000000000.0,8000000000.0,12000000000.0,11000000000.0,12713905625.0,11075987000.0,15458197000.0,16104809500.0,25670286250.0,24010987000.0,27183197000.0,31550369500.0,38583895803.04677,18408830614.135223,35581412914.363205,31731190257.07547,132601812699.80878,46429313583.36478,94094095339.48112,95517580324.37106,19499801967.12101,5297622574.080189,11099013721.493711,12881164964.386793,102940262217.98596,28885927983.805035,60244371030.93553,65253002965.09434,16708611038.427084,10504069925.05503,19236649277.523586,14722039345.794024,22321670394.777348,13010674293.742136,24402473009.253147,21553272345.911953,2375480551.317184,2607138115.0,5245749915.345913,4127985946.894654,7339877840.863975,4532711305.81761,9447251299.292454,8711305013.36478
2000-06,3.325833333333333,2.62,1.98,2.7,8083333333.333333,8000000000.0,12000000000.0,10000000000.0,11833775000.0,11075987000.0,15458197000.0,14310797000.0,26455730333.333332,24010987000.0,27183197000.0,31326386000.0,38583895803.04677,18408830614.135223,35581412914.363205,31731190257.07547,132601812699.80878,46429313583.36478,94094095339.48112,95517580324.37106,19499801967.12101,5297622574.080189,11099013721.493711,12881164964.386793,102940262217.98596,28885927983.805035,60244371030.93553,65253002965.09434,16708611038.427084,10504069925.05503,19236649277.523586,14722039345.794024,22321670394.777348,13010674293.742136,24402473009.253147,21553272345.911953,2375480551.317184,2607138115.0,5245749915.345913,4127985946.894654,7339877840.863975,4532711305.81761,9447251299.292454,8711305013.36478
2000-07,3.46125,2.35,1.98,2.63,8000000000.0,5000000000.0,12000000000.0,10000000000.0,12496394375.0,5001620000.0,15458197000.0,15037258000.0,26966003750.0,11741020000.0,27183197000.0,31358358000.0,38583895803.04677,18408830614.135223,35581412914.363205,31731190257.07547,132601812699.80878,46429313583.36478,94094095339.48112,95517580324.37106,19499801967.12101,5297622574.080189,11099013721.493711,12881164964.386793,102940262217.98596,28885927983.805035,60244371030.93553,65253002965.09434,16708611038.427084,10504069925.05503,19236649277.523586,14722039345.794024,22321670394.777348,13010674293.742136,24402473009.253147,21553272345.911953,2375480551.317184,2607138115.0,5245749915.345913,4127985946.894654,7339877840.863975,4532711305.81761,9447251299.292454,8711305013.36478
2000-08,2.8958333333333335,2.83,3.06,2.69,10083333333.333334,7500000000.0,10000000000.0,10000000000.0,13767609333.333334,9065524000.0,13189107000.0,15037514000.0,29327431833.333332,20575379000.0,33785687000.0,31978514000.0,38583895803.04677,18408830614.135223,35581412914.363205,31731190257.07547,132601812699.80878,46429313583.36478,94094095339.48112,95517580324.37106,19499801967.12101,5297622574.080189,11099013721.493711,12881164964.386793,102940262217.98596,28885927983.805035,60244371030.93553,65253002965.09434,16708611038.427084,10504069925.05503,19236649277.523586,14722039345.794024,22321670394.777348,13010674293.742136,24402473009.253147,21553272345.911953,2375480551.317184,2607138115.0,5245749915.345913,4127985946.894654,7339877840.863975,4532711305.81761,9447251299.292454,8711305013.36478
2000-09,3.2844444444444445,2.83,3.06,2.69,10777777777.777779,7500000000.0,10000000000.0,10000000000.0,14903497222.222221,9065524000.0,13189107000.0,15037514000.0,33156504000.0,20575379000.0,33785687000.0,31978514000.0,38583895803.04677,18408830614.135223,35581412914.363205,31731190257.07547,132601812699.80878,46429313583.36478,94094095339.48112,95517580324.37106,19499801967.12101,5297622574.080189,11099013721.493711,12881164964.386793,102940262217.98596,28885927983.805035,60244371030.93553,65253002965.09434,16708611038.427084,10504069925.05503,19236649277.523586,14722039345.794024,22321670394.777348,13010674293.742136,24402473009.253147,21553272345.911953,2375480551.317184,2607138115.0,5245749915.345913,4127985946.894654,7339877840.863975,4532711305.81761,9447251299.292454,8711305013.36478
2000-10,2.83125,1.98,3.06,2.805,10375000000.0,5000000000.0,10000000000.0,10000000000.0,15228764000.0,5000084000.0,13189107000.0,15011905000.0,29557782750.0,9922684000.0,33785687000.0,33084455000.0,38583895803.04677,18408830614.135223,35581412914.363205,31731190257.07547,132601812699.80878,46429313583.36478,94094095339.48112,95517580324.37106,19499801967.12101,5297622574.080189,11099013721.493711,12881164964.386793,102940262217.98596,28885927983.805035,60244371030.93553,65253002965.09434,16708611038.427084,10504069925.05503,19236649277.523586,14722039345.794024,22321670394.777348,13010674293.742136,24402473009.253147,21553272345.911953,2375480551.317184,2607138115.0,5245749915.345913,4127985946.894654,7339877840.863975,4532711305.81761,9447251299.292454,8711305013.36478
2000-11,2.7053846153846157,2.63,1.74,3.14,12307692307.692308,8000000000.0,12000000000.0,10000000000.0,15915283307.692308,10075194000.0,15804415000.0,15047553000.0,31376881076.923077,23104704000.0,24635175000.0,36473573000.0,38583895803.04677,18408830614.135223,35581412914.363205,31731190257.07547,132601812699.80878,46429313583.36478,94094095339.48112,95517580324.37106,19499801967.12101,5297622574.080189,11099013721.493711,12881164964.386793,102940262217.98596,28885927983.805035,60244371030.93553,65253002965.09434,16708611038.427084,10504069925.05503,19236649277.523586,14722039345.794024,22321670394.777348,13010674293.742136,24402473009.253147,21553272345.911953,2375480551.317184,2607138115.0,5245749915.345913,4127985946.894654,7339877840.863975,4532711305.81761,9447251299.292454,8711305013.36478
2000-12,2.301111111111111,2.63,1.74,3.14,13777777777.777779,8000000000.0,12000000000.0,10000000000.0,18169279888.88889,10075194000.0,15804415000.0,15047553000.0,31913355222.22222,23104704000.0,24635175000.0,36473573000.0,38583895803.04677,18408830614.135223,35581412914.363205,31731190257.07547,132601812699.80878,46429313583.36478,94094095339.48112,95517580324.37106,19499801967.12101,5297622574.080189,11099013721.493711,12881164964.386793,102940262217.98596,28885927983.805035,60244371030.93553,65253002965.09434,16708611038.427084,10504069925.05503,19236649277.523586,14722039345.794024,22321670394.777348,13010674293.742136,24402473009.253147,21553272345.911953,2375480551.317184,2607138115.0,5245749915.345913,4127985946.894654,7339877840.863975,4532711305.81761,9447251299.292454,8711305013.36478
2001-01,2.217777777777778,1.68,1.74,2.57,13777777777.777779,6000000000.0,12000000000.0,10000000000.0,18314498000.0,6000430000.0,15804415000.0,15135313000.0,31845227555.555557,10110181000.0,24635175000.0,30859593000.0,38583895803.04677,18408830614.135223,35581412914.363205,31731190257.07547,132601812699.80878,46429313583.36478,94094095339.48112,95517580324.37106,19499801967.12101,5297622574.080189,11099013721.493711,12881164964.386793,102940262217.98596,28885927983.805035,60244371030.93553,65253002965.09434,16708611038.427084,10504069925.05503,19236649277.523586,14722039345.794024,22321670394.777348,13010674293.742136,24402473009.253147,21553272345.911953,2375480551.317184,2607138115.0,5245749915.345913,4127985946.894654,7339877840.863975,4532711305.81761,9447251299.292454,8711305013.36478
2001-02,2.307777777777778,2.025,2.0,2.38,12777777777.777779,10500000000.0,11000000000.0,11000000000.0,17541504222.22222,11430640000.0,12278682000.0,14675223000.0,32245722444.444443,22202540000.0,23235682000.0,29901323000.0,38583895803.04677,18408830614.135223,35581412914.363205,31731190257.07547,132601812699.80878,46429313583.36478,94094095339.48112,95517580324.37106,19499801967.12101,5297622574.080189,11099013721.493711,12881164964.386793,102940262217.98596,28885927983.805035,60244371030.93553,65253002965.09434,16708611038.427084,10504069925.05503,19236649277.523586,14722039345.794024,22321670394.777348,13010674293.742136,24402473009.253147,21553272345.911953,2375480551.317184,2607138115.0,5245749915.345913,4127985946.894654,7339877840.863975,4532711305.81761,9447251299.292454,8711305013.36478
2001-03,2.35,2.025,2.0,2.38,13076923076.923077,10500000000.0,11000000000.0,11000000000.0,16677241461.538462,11430640000.0,12278682000.0,14675223000.0,32029138153.846153,22202540000.0,23235682000.0,29901323000.0,38583895803.04677,18408830614.135223,35581412914.363205,31731190257.07547,132601812699.80878,46429313583.36478,94094095339.48112,95517580324.37106,19499801967.12101,5297622574.080189,11099013721.493711,12881164964.386793,102940262217.98596,28885927983.805035,60244371030.93553,65253002965.09434,16708611038.427084,10504069925.05503,19236649277.523586,14722039345.794024,22321670394.777348,13010674293.742136,24402473009.253147,21553272345.911953,2375480551.317184,2607138115.0,5245749915.345913,4127985946.894654,7339877840.863975,4532711305.81761,9447251299.292454,8711305013.36478
2001-04,2.272,2.025,2.0,2.74,14200000000.0,10500000000.0,11000000000.0,10500000000.0,18038601400.0,11430640000.0,12278682000.0,14004548000.0,33883182100.0,22202540000.0,23235682000.0,32288555500.0,38583895803.04677,18408830614.135223,35581412914.363205,31731190257.07547,132601812699.80878,46429313583.36478,94094095339.48112,95517580324.37106,19499801967.12101,5297622574.080189,11099013721.493711,12881164964.386793,102940262217.98596,28885927983.805035,60244371030.93553,65253002965.09434,16708611038.427084,10504069925.05503,19236649277.523586,14722039345.794024,22321670394.777348,13010674293.742136,24402473009.253147,21553272345.911953,2375480551.317184,2607138115.0,5245749915.345913,4127985946.894654,7339877840.863975,4532711305.81761,9447251299.292454,8711305013.36478
2001-05,2.37,2.56,2.03,2.59,10818181818.181818,9000000000.0,13000000000.0,10000000000.0,15101240181.818182,11457320000.0,16174918000.0,13333342000.0,30292417090.909092,25481724000.0,29541090000.0,29215422000.0,38583895803.04677,18408830614.135223,35581412914.363205,31731190257.07547,132601812699.80878,46429313583.36478,94094095339.48112,95517580324.37106,19499801967.12101,5297622574.080189,11099013721.493711,12881164964.386793,102940262217.98596,28885927983.805035,60244371030.93553,65253002965.09434,16708611038.427084,10504069925.05503,19236649277.523586,14722039345.794024,22321670394.777348,13010674293.742136,24402473009.253147,21553272345.911953,2375480551.317184,2607138115.0,5245749915.345913,4127985946.894654,7339877840.863975,4532711305.81761,9447251299.292454,8711305013.36478
2001-06,2.112222222222222,2.56,2.03,2.59,15000000000.0,9000000000.0,13000000000.0,10000000000.0,19484958222.22222,11457320000.0,16174918000.0,13333342000.0,35763876222.22222,25481724000.0,29541090000.0,29215422000.0,38583895803.04677,18408830614.135223,35581412914.363205,31731190257.07547,132601812699.80878,46429313583.36478,94094095339.48112,95517580324.37106,19499801967.12101,5297622574.080189,11099013721.493711,12881164964.386793,102940262217.98596,28885927983.805035,60244371030.93553,65253002965.09434,16708611038.427084,10504069925.05503,19236649277.523586,14722039345.794024,22321670394.777348,13010674293.742136,24402473009.253147,21553272345.911953,2375480551.317184,2607138115.0,5245749915.345913,4127985946.894654,7339877840.863975,4532711305.81761,9447251299.292454,8711305013.36478
2001-07,2.171111111111111,1.9,2.03,2.36,13777777777.777779,5000000000.0,13000000000.0,11500000000.0,18444727333.333332,5000004000.0,16174918000.0,15333397000.0,34544164333.333336,9505498000.0,29541090000.0,31032880000.0,38583895803.04677,18408830614.135223,35581412914.363205,31731190257.07547,132601812699.80878,46429313583.36478,94094095339.48112,95517580324.37106,19499801967.12101,5297622574.080189,11099013721.493711,12881164964.386793,102940262217.98596,28885927983.805035,60244371030.93553,65253002965.09434,16708611038.427084,10504069925.05503,19236649277.523586,14722039345.794024,22321670394.777348,13010674293.742136,24402473009.253147,21553272345.911953,2375480551.317184,2607138115.0,5245749915.345913,4127985946.894654,7339877840.863975,4532711305.81761,9447251299.292454,8711305013.36478
2001-08,2.3006666666666664,2.505,2.15,2.17,13466666666.666666,8000000000.0,11000000000.0,14000000000.0,17148907000.0,8791671000.0,11623510000.0,18666698000.0,34122623600.0,21870076000.0,24249419000.0,34980539000.0,38583895803.04677,18408830614.135223,35581412914.363205,31731190257.07547,132601812699.80878,46429313583.36478,94094095339.48112,95517580324.37106,19499801967.12101,5297622574.080189,11099013721.493711,12881164964.386793,102940262217.98596,28885927983.805035,60244371030.93553,65253002965.09434,16708611038.427084,10504069925.05503,19236649277.523586,14722039345.794024,22321670394.777348,13010674293.742136,24402473009.253147,21553272345.911953,2375480551.317184,2607138115.0,5245749915.345913,4127985946.894654,7339877840.863975,4532711305.81761,9447251299.292454,8711305013.36478
2001-09,2.138181818181818,2.505,2.15,2.17,12416666666.666666,8000000000.0,11000000000.0,14000000000.0,16479024727.272728,8791671000.0,11623510000.0,18666698000.0,30731056090.909092,21870076000.0,24249419000.0,34980539000.0,38583895803.04677,18408830614.135223,35581412914.363205,31731190257.07547,132601812699.80878,46429313583.36478,94094095339.48112,95517580324.37106,19499801967.12101,5297622574.080189,11099013721.493711,12881164964.386793,102940262217.98596,28885927983.805035,60244371030.93553,65253002965.09434,16708611038.427084,10504069925.05503,19236649277.523586,14722039345.794024,22321670394.777348,13010674293.742136,24402473009.253147,21553272345.911953,2375480551.317184,2607138115.0,5245749915.345913,4127985946.894654,7339877840.863975,4532711305.81761,9447251299.292454,8711305013.36478
2001-10,2.4608333333333334,2.295,2.15,2.3449999999999998,10583333333.333334,5500000000.0,11000000000.0,18000000000.0,14261113583.333334,5500024500.0,11623510000.0,23904722500.0,28379851333.333332,12666002000.0,24249419000.0,48105417000.0,38583895803.04677,18408830614.135223,35581412914.363205,31731190257.07547,132601812699.80878,46429313583.36478,94094095339.48112,95517580324.37106,19499801967.12101,5297622574.080189,11099013721.493711,12881164964.386793,102940262217.98596,28885927983.805035,60244371030.93553,65253002965.09434,16708611038.427084,10504069925.05503,19236649277.523586,14722039345.794024,22321670394.777348,13010674293.742136,24402473009.253147,21553272345.911953,2375480551.317184,2607138115.0,5245749915.345913,4127985946.894654,7339877840.863975,4532711305.81761,9447251299.292454,8711305013.36478
2001-11,2.009333333333333,2.01,2.18,1.51,16400000000.0,7000000000.0,16000000000.0,21000000000.0,20352926400.0,8591710000.0,18799456000.0,26167440000.0,36871686800.0,15635662000.0,37671036000.0,36928640000.0,38583895803.04677,18408830614.135223,35581412914.363205,31731190257.07547,132601812699.80878,46429313583.36478,94094095339.48112,95517580324.37106,19499801967.12101,5297622574.080189,11099013721.493711,12881164964.386793,102940262217.98596,28885927983.805035,60244371030.93553,65253002965.09434,16708611038.427084,10504069925.05503,19236649277.523586,14722039345.794024,22321670394.777348,13010674293.742136,24402473009.253147,21553272345.911953,2375480551.317184,2607138115.0,5245749915.345913,4127985946.894654,7339877840.863975,4532711305.81761,9447251299.292454,8711305013.36478
2001-12,1.9974999999999998,2.01,2.18,2.4,14666666666.666666,7000000000.0,16000000000.0,23000000000.0,18314338166.666668,8591710000.0,18799456000.0,29666268000.0,32733452166.666668,15635662000.0,37671036000.0,61962836000.0,38583895803.04677,18408830614.135223,35581412914.363205,31731190257.07547,132601812699.80878,46429313583.36478,94094095339.48112,95517580324.37106,19499801967.12101,5297622574.080189,11099013721.493711,12881164964.386793,102940262217.98596,28885927983.805035,60244371030.93553,65253002965.09434,16708611038.427084,10504069925.05503,19236649277.523586,14722039345.794024,22321670394.777348,13010674293.742136,24402473009.253147,21553272345.911953,2375480551.317184,2607138115.0,5245749915.345913,4127985946.894654,7339877840.863975,4532711305.81761,9447251299.292454,8711305013.36478
2002-01,2.699333333333333,2.39,2.18,1.54,11400000000.0,6000000000.0,16000000000.0,25000000000.0,15101522933.333334,6000004000.0,18799456000.0,30766423000.0,31508347866.666668,14317397000.0,37671036000.0,44245498000.0,38583895803.04677,18408830614.135223,35581412914.363205,31731190257.07547,132601812699.80878,46429313583.36478,94094095339.48112,95517580324.37106,19499801967.12101,5297622574.080189,11099013721.493711,12881164964.386793,102940262217.98596,28885927983.805035,60244371030.93553,65253002965.09434,16708611038.427084,10504069925.05503,19236649277.523586,14722039345.794024,22321670394.777348,13010674293.742136,24402473009.253147,21553272345.911953,2375480551.317184,2607138115.0,5245749915.345913,4127985946.894654,7339877840.863975,4532711305.81761,9447251299.292454,8711305013.36478
2002-02,2.345,1.8,1.47,1.81,16416666666.666666,13000000000.0,16000000000.0,25000000000.0,20968496833.333332,13752839000.0,16944334000.0,31734810000.0,43004761083.333336,24105680000.0,24400851000.0,51952645000.0,38583895803.04677,18408830614.135223,35581412914.363205,31731190257.07547,132601812699.80878,46429313583.36478,94094095339.48112,95517580324.37106,19499801967.12101,5297622574.080189,11099013721.493711,12881164964.386793,102940262217.98596,28885927983.805035,60244371030.93553,65253002965.09434,16708611038.427084,10504069925.05503,19236649277.523586,14722039345.794024,22321670394.777348,13010674293.742136,24402473009.253147,21553272345.911953,2375480551.317184,2607138115.0,5245749915.345913,4127985946.894654,7339877840.863975,4532711305.81761,9447251299.292454,8711305013.36478
2002-03,2.37,1.8,1.47,1.81,15416666666.666666,13000000000.0,16000000000.0,25000000000.0,19457170833.333332,13752839000.0,16944334000.0,31734810000.0,39807060166.666664,24105680000.0,24400851000.0,51952645000.0,38583895803.04677,18408830614.135223,35581412914.363205,31731190257.07547,132601812699.80878,46429313583.36478,94094095339.48112,95517580324.37106,19499801967.12101,5297622574.080189,11099013721.493711,12881164964.386793,102940262217.98596,28885927983.805035,60244371030.93553,65253002965.09434,16708611038.427084,10504069925.05503,19236649277.523586,14722039345.794024,22321670394.777348,13010674293.742136,24402473009.253147,21553272345.911953,2375480551.317184,2607138115.0,5245749915.345913,4127985946.894654,7339877840.863975,4532711305.81761,9447251299.292454,8711305013.36478
2002-04,2.664,1.8,1.47,1.98,13466666666.666666,13000000000.0,16000000000.0,25000000000.0,16491931333.333334,13752839000.0,16944334000.0,32760826500.0,39053607933.333336,24105680000.0,24400851000.0,57255799000.0,38583895803.04677,18408830614.135223,35581412914.363205,31731190257.07547,132601812699.80878,46429313583.36478,94094095339.48112,95517580324.37106,19499801967.12101,5297622574.080189,11099013721.493711,12881164964.386793,102940262217.98596,28885927983.805035,60244371030.93553,65253002965.09434,16708611038.427084,10504069925.05503,19236649277.523586,14722039345.794024,22321670394.777348,13010674293.742136,24402473009.253147,21553272345.911953,2375480551.317184,2607138115.0,5245749915.345913,4127985946.894654,7339877840.863975,4532711305.81761,9447251299.292454,8711305013.36478
2002-05,2.371875,2.15,1.72,2.69,16187500000.0,11000000000.0,22000000000.0,27000000000.0,20623832062.5,11391634000.0,24340976000.0,33298408000.0,42959041000.0,24073072000.0,40155236000.0,78799558000.0,38583895803.04677,18408830614.135223,35581412914.363205,31731190257.07547,132601812699.80878,46429313583.36478,94094095339.48112,95517580324.37106,19499801967.12101,5297622574.080189,11099013721.493711,12881164964.386793,102940262217.98596,28885927983.805035,60244371030.93553,65253002965.09434,16708611038.427084,10504069925.05503,19236649277.523586,14722039345.794024,22321670394.777348,13010674293.742136,24402473009.253147,21553272345.911953,2375480551.317184,2607138115.0,5245749915.345913,4127985946.894654,7339877840.863975,4532711305.81761,9447251299.292454,8711305013.36478
2002-06,2.215,2.15,1.72,2.69,17071428571.428572,11000000000.0,22000000000.0,27000000000.0,20858462071.42857,11391634000.0,24340976000.0,33298408000.0,41863432142.85714,24073072000.0,40155236000.0,78799558000.0,38583895803.04677,18408830614.135223,35581412914.363205,31731190257.07547,132601812699.80878,46429313583.36478,94094095339.48112,95517580324.37106,19499801967.12101,5297622574.080189,11099013721.493711,12881164964.386793,102940262217.98596,28885927983.805035,60244371030.93553,65253002965.09434,16708611038.427084,10504069925.05503,19236649277.523586,14722039345.794024,22321670394.777348,13010674293.742136,24402473009.253147,21553272345.911953,2375480551.317184,2607138115.0,5245749915.345913,4127985946.894654,7339877840.863975,4532711305.81761,9447251299.292454,8711305013.36478
2002-07,2.19,2.43,1.72,1.435,17250000000.0,9000000000.0,22000000000.0,27000000000.0,21069274083.333332,10010395000.0,24340976000.0,33641752500.0,41824592166.666664,22870705000.0,40155236000.0,45449462500.0,38583895803.04677,18408830614.135223,35581412914.363205,31731190257.07547,132601812699.80878,46429313583.36478,94094095339.48112,95517580324.37106,19499801967.12101,5297622574.080189,11099013721.493711,12881164964.386793,102940262217.98596,28885927983.805035,60244371030.93553,65253002965.09434,16708611038.427084,10504069925.05503,19236649277.523586,14722039345.794024,22321670394.777348,13010674293.742136,24402473009.253147,21553272345.911953,2375480551.317184,2607138115.0,5245749915.345913,4127985946.894654,7339877840.863975,4532711305.81761,9447251299.292454,8711305013.36478
2002-08,2.1006666666666667,1.29,1.76,1.435,18133333333.333332,18000000000.0,22000000000.0,27000000000.0,22339055666.666668,19644624000.0,25395876000.0,33641752500.0,43165637200.0,24852355000.0,42148271000.0,45449462500.0,38583895803.04677,18408830614.135223,35581412914.363205,31731190257.07547,132601812699.80878,46429313583.36478,94094095339.48112,95517580324.37106,19499801967.12101,5297622574.080189,11099013721.493711,12881164964.386793,102940262217.98596,28885927983.805035,60244371030.93553,65253002965.09434,16708611038.427084,10504069925.05503,19236649277.523586,14722039345.794024,22321670394.777348,13010674293.742136,24402473009.253147,21553272345.911953,2375480551.317184,2607138115.0,5245749915.345913,4127985946.894654,7339877840.863975,4532711305.81761,9447251299.292454,8711305013.36478
2002-09,2.463846153846154,1.29,1.76,2.13,15461538461.538462,18000000000.0,22000000000.0,27000000000.0,19562814923.076923,19644624000.0,25395876000.0,34594540000.0,41767963538.46154,24852355000.0,42148271000.0,65064381000.0,38583895803.04677,18408830614.135223,35581412914.363205,31731190257.07547,132601812699.80878,46429313583.36478,94094095339.48112,95517580324.37106,19499801967.12101,5297622574.080189,11099013721.493711,12881164964.386793,102940262217.98596,28885927983.805035,60244371030.93553,65253002965.09434,16708611038.427084,10504069925.05503,19236649277.523586,14722039345.794024,22321670394.777348,13010674293.742136,24402473009.253147,21553272345.911953,2375480551.317184,2607138115.0,5245749915.345913,4127985946.894654,7339877840.863975,4532711305.81761,9447251299.292454,8711305013.36478
2002-10,2.3633333333333337,1.36,1.76,1.69,16066666666.666666,7000000000.0,22000000000.0,27000000000.0,20263336666.666668,7000047000.0,25395876000.0,32434883000.0,41972263400.0,9493687000.0,42148271000.0,51167042000.0,38583895803.04677,18408830614.135223,35581412914.363205,31731190257.07547,132601812699.80878,46429313583.36478,94094095339.48112,95517580324.37106,19499801967.12101,5297622574.080189,11099013721.493711,12881164964.386793,102940262217.98596,28885927983.805035,60244371030.93553,65253002965.09434,16708611038.427084,10504069925.05503,19236649277.523586,14722039345.794024,22321670394.777348,13010674293.742136,24402473009.253147,21553272345.911953,2375480551.317184,2607138115.0,5245749915.345913,4127985946.894654,7339877840.863975,4532711305.81761,9447251299.292454,8711305013.36478
2002-11,2.3316666666666666,1.9,1.96,1.69,17000000000.0,18000000000.0,22000000000.0,27000000000.0,21282971416.666668,18110960000.0,23308184000.0,32434883000.0,43849835000.0,34292640000.0,44424214000.0,51167042000.0,38583895803.04677,18408830614.135223,35581412914.363205,31731190257.07547,132601812699.80878,46429313583.36478,94094095339.48112,95517580324.37106,19499801967.12101,5297622574.080189,11099013721.493711,12881164964.386793,102940262217.98596,28885927983.805035,60244371030.93553,65253002965.09434,16708611038.427084,10504069925.05503,19236649277.523586,14722039345.794024,22321670394.777348,13010674293.742136,24402473009.253147,21553272345.911953,2375480551.317184,2607138115.0,5245749915.345913,4127985946.894654,7339877840.863975,4532711305.81761,9447251299.292454,8711305013.36478
2002-12,2.5107692307692306,1.9,1.96,1.83,15384615384.615385,18000000000.0,22000000000.0,27000000000.0,19490718461.53846,18110960000.0,23308184000.0,33029534500.0,42788871692.30769,34292640000.0,44424214000.0,55429096000.0,38583895803.04677,18408830614.135223,35581412914.363205,31731190257.07547,132601812699.80878,46429313583.36478,94094095339.48112,95517580324.37106,19499801967.12101,5297622574.080189,11099013721.493711,12881164964.386793,102940262217.98596,28885927983.805035,60244371030.93553,65253002965.09434,16708611038.427084,10504069925.05503,19236649277.523586,14722039345.794024,22321670394.777348,13010674293.742136,24402473009.253147,21553272345.911953,2375480551.317184,2607138115.0,5245749915.345913,4127985946.894654,7339877840.863975,4532711305.81761,9447251299.292454,8711305013.36478
2003-01,2.4606666666666666,2.22,1.96,1.48,15133333333.333334,6000000000.0,22000000000.0,27000000000.0,19871858800.0,6000109000.0,23308184000.0,33834307000.0,41446997600.0,13300452000.0,44424214000.0,46750432000.0,38583895803.04677,18408830614.135223,35581412914.363205,31731190257.07547,132601812699.80878,46429313583.36478,94094095339.48112,95517580324.37106,19499801967.12101,5297622574.080189,11099013721.493711,12881164964.386793,102940262217.98596,28885927983.805035,60244371030.93553,65253002965.09434,16708611038.427084,10504069925.05503,19236649277.523586,14722039345.794024,22321670394.777348,13010674293.742136,24402473009.253147,21553272345.911953,2375480551.317184,2607138115.0,5245749915.345913,4127985946.894654,7339877840.863975,4532711305.81761,9447251299.292454,8711305013.36478
2003-02,2.1183333333333336,1.85,1.42,2.0,18750000000.0,18000000000.0,24000000000.0,27000000000.0,23238789250.0,19496544000.0,27483982000.0,35332941000.0,43987016166.666664,34758222000.0,37646433000.0,62214019000.0,38583895803.04677,18408830614.135223,35581412914.363205,31731190257.07547,132601812699.80878,46429313583.36478,94094095339.48112,95517580324.37106,19499801967.12101,5297622574.080189,11099013721.493711,12881164964.386793,102940262217.98596,28885927983.805035,60244371030.93553,65253002965.09434,16708611038.427084,10504069925.05503,19236649277.523586,14722039345.794024,22321670394.777348,13010674293.742136,24402473009.253147,21553272345.911953,2375480551.317184,2607138115.0,5245749915.345913,4127985946.894654,7339877840.863975,4532711305.81761,9447251299.292454,8711305013.36478
2003-03,2.0415384615384613,1.85,1.42,1.84,19846153846.153847,18000000000.0,24000000000.0,27000000000.0,23494456769.23077,19496544000.0,27483982000.0,35210859000.0,43910956307.69231,34758222000.0,37646433000.0,57906809000.0,38583895803.04677,18408830614.135223,35581412914.363205,31731190257.07547,132601812699.80878,46429313583.36478,94094095339.48112,95517580324.37106,19499801967.12101,5297622574.080189,11099013721.493711,12881164964.386793,102940262217.98596,28885927983.805035,60244371030.93553,65253002965.09434,16708611038.427084,10504069925.05503,19236649277.523586,14722039345.794024,22321670394.777348,13010674293.742136,24402473009.253147,21553272345.911953,2375480551.317184,2607138115.0,5245749915.345913,4127985946.894654,7339877840.863975,4532711305.81761,9447251299.292454,8711305013.36478
2003-04,2.3871428571428575,1.85,1.42,2.16,15714285714.285715,18000000000.0,24000000000.0,27000000000.0,19417096571.42857,19496544000.0,27483982000.0,34293046000.0,40421221642.85714,34758222000.0,37646433000.0,65583286000.0,38583895803.04677,18408830614.135223,35581412914.363205,31731190257.07547,132601812699.80878,46429313583.36478,94094095339.48112,95517580324.37106,19499801967.12101,5297622574.080189,11099013721.493711,12881164964.386793,102940262217.98596,28885927983.805035,60244371030.93553,65253002965.09434,16708611038.427084,10504069925.05503,19236649277.523586,14722039345.794024,22321670394.777348,13010674293.742136,24402473009.253147,21553272345.911953,2375480551.317184,2607138115.0,5245749915.345913,4127985946.894654,7339877840.863975,4532711305.81761,9447251299.292454,8711305013.36478
2003-05,2.7857894736842104,1.22,2.025,2.16,13473684210.526316,18000000000.0,20000000000.0,27000000000.0,17492475421.05263,18251867000.0,20363437500.0,34293046000.0,36885490473.68421,22178530000.0,40787349500.0,65583286000.0,38583895803.04677,18408830614.135223,35581412914.363205,31731190257.07547,132601812699.80878,46429313583.36478,94094095339.48112,95517580324.37106,19499801967.12101,5297622574.080189,11099013721.493711,12881164964.386793,102940262217.98596,28885927983.805035,60244371030.93553,65253002965.09434,16708611038.427084,10504069925.05503,19236649277.523586,14722039345.794024,22321670394.777348,13010674293.742136,24402473009.253147,21553272345.911953,2375480551.317184,2607138115.0,5245749915.345913,4127985946.894654,7339877840.863975,4532711305.81761,9447251299.292454,8711305013.36478
2003-06,2.150714285714286,1.22,1.81,1.8050000000000002,17857142857.142857,18000000000.0,15000000000.0,25000000000.0,22193634500.0,18251867000.0,15000128000.0,31360301000.0,42586315642.85714,22178530000.0,27134852000.0,51576244500.0,38583895803.04677,18408830614.135223,35581412914.363205,31731190257.07547,132601812699.80878,46429313583.36478,94094095339.48112,95517580324.37106,19499801967.12101,5297622574.080189,11099013721.493711,12881164964.386793,102940262217.98596,28885927983.805035,60244371030.93553,65253002965.09434,16708611038.427084,10504069925.05503,19236649277.523586,14722039345.794024,22321670394.777348,13010674293.742136,24402473009.253147,21553272345.911953,2375480551.317184,2607138115.0,5245749915.345913,4127985946.894654,7339877840.863975,4532711305.81761,9447251299.292454,8711305013.36478
2003-07,2.0886666666666667,2.18,1.81,1.8,16066666666.666666,11000000000.0,15000000000.0,25000000000.0,20636446400.0,11000001000.0,15000128000.0,29996323000.0,37485998266.666664,24012823000.0,27134852000.0,49935703000.0,38583895803.04677,18408830614.135223,35581412914.363205,31731190257.07547,132601812699.80878,46429313583.36478,94094095339.48112,95517580324.37106,19499801967.12101,5297622574.080189,11099013721.493711,12881164964.386793,102940262217.98596,28885927983.805035,60244371030.93553,65253002965.09434,16708611038.427084,10504069925.05503,19236649277.523586,14722039345.794024,22321670394.777348,13010674293.742136,24402473009.253147,21553272345.911953,2375480551.317184,2607138115.0,5245749915.345913,4127985946.894654,7339877840.863975,4532711305.81761,9447251299.292454,8711305013.36478
2003-08,2.1158333333333332,2.0,1.9,1.8,17083333333.333334,18000000000.0,21000000000.0,25000000000.0,21758372333.333332,20515216000.0,24630405500.0,29996323000.0,40687154833.333336,38490772000.0,41773241000.0,49935703000.0,38583895803.04677,18408830614.135223,35581412914.363205,31731190257.07547,132601812699.80878,46429313583.36478,94094095339.48112,95517580324.37106,19499801967.12101,5297622574.080189,11099013721.493711,12881164964.386793,102940262217.98596,28885927983.805035,60244371030.93553,65253002965.09434,16708611038.427084,10504069925.05503,19236649277.523586,14722039345.794024,22321670394.777348,13010674293.742136,24402473009.253147,21553272345.911953,2375480551.317184,2607138115.0,5245749915.345913,4127985946.894654,7339877840.863975,4532711305.81761,9447251299.292454,8711305013.36478
2003-09,2.6292857142857144,2.23,2.47,1.965,14428571428.571428,13000000000.0,16000000000.0,25000000000.0,18774184000.0,13000127000.0,16000271000.0,31062551500.0,41005242785.71429,29002262000.0,39477494000.0,55109859000.0,38583895803.04677,18408830614.135223,35581412914.363205,31731190257.07547,132601812699.80878,46429313583.36478,94094095339.48112,95517580324.37106,19499801967.12101,5297622574.080189,11099013721.493711,12881164964.386793,102940262217.98596,28885927983.805035,60244371030.93553,65253002965.09434,16708611038.427084,10504069925.05503,19236649277.523586,14722039345.794024,22321670394.777348,13010674293.742136,24402473009.253147,21553272345.911953,2375480551.317184,2607138115.0,5245749915.345913,4127985946.894654,7339877840.863975,4532711305.81761,9447251299.292454,8711305013.36478
2003-10,2.21125,2.25,2.25,2.12,16687500000.0,9000000000.0,16000000000.0,26000000000.0,21410780437.5,9000001000.0,16000058000.0,32367662000.0,41587538750.0,20224001000.0,35952558000.0,61426222000.0,38583895803.04677,18408830614.135223,35581412914.363205,31731190257.07547,132601812699.80878,46429313583.36478,94094095339.48112,95517580324.37106,19499801967.12101,5297622574.080189,11099013721.493711,12881164964.386793,102940262217.98596,28885927983.805035,60244371030.93553,65253002965.09434,16708611038.427084,10504069925.05503,19236649277.523586,14722039345.794024,22321670394.777348,13010674293.742136,24402473009.253147,21553272345.911953,2375480551.317184,2607138115.0,5245749915.345913,4127985946.894654,7339877840.863975,4532711305.81761,9447251299.292454,8711305013.36478
2003-11,2.4383333333333335,1.9,2.19,2.12,16916666666.666666,17000000000.0,20000000000.0,26000000000.0,21656207000.0,18633901000.0,22358265000.0,32367662000.0,45924379750.0,33961991000.0,45915869000.0,61426222000.0,38583895803.04677,18408830614.135223,35581412914.363205,31731190257.07547,132601812699.80878,46429313583.36478,94094095339.48112,95517580324.37106,19499801967.12101,5297622574.080189,11099013721.493711,12881164964.386793,102940262217.98596,28885927983.805035,60244371030.93553,65253002965.09434,16708611038.427084,10504069925.05503,19236649277.523586,14722039345.794024,22321670394.777348,13010674293.742136,24402473009.253147,21553272345.911953,2375480551.317184,2607138115.0,5245749915.345913,4127985946.894654,7339877840.863975,4532711305.81761,9447251299.292454,8711305013.36478
2003-12,2.426153846153846,1.78,1.92,1.95,16153846153.846153,12000000000.0,16000000000.0,26000000000.0,20747831846.153847,12000001000.0,16000064000.0,33094141000.0,44264476461.53846,21338921000.0,30678654000.0,57678797500.0,38583895803.04677,18408830614.135223,35581412914.363205,31731190257.07547,132601812699.80878,46429313583.36478,94094095339.48112,95517580324.37106,19499801967.12101,5297622574.080189,11099013721.493711,12881164964.386793,102940262217.98596,28885927983.805035,60244371030.93553,65253002965.09434,16708611038.427084,10504069925.05503,19236649277.523586,14722039345.794024,22321670394.777348,13010674293.742136,24402473009.253147,21553272345.911953,2375480551.317184,2607138115.0,5245749915.345913,4127985946.894654,7339877840.863975,4532711305.81761,9447251299.292454,8711305013.36478
2004-01,2.3525,1.95,2.51,1.95,14500000000.0,12000000000.0,16000000000.0,26000000000.0,19517425375.0,12000001000.0,16000024000.0,33094141000.0,37478675937.5,23358941000.0,40133196000.0,57678797500.0,38583895803.04677,18408830614.135223,35581412914.363205,31731190257.07547,132601812699.80878,46429313583.36478,94094095339.48112,95517580324.37106,19499801967.12101,5297622574.080189,11099013721.493711,12881164964.386793,102940262217.98596,28885927983.805035,60244371030.93553,65253002965.09434,16708611038.427084,10504069925.05503,19236649277.523586,14722039345.794024,22321670394.777348,13010674293.742136,24402473009.253147,21553272345.911953,2375480551.317184,2607138115.0,5245749915.345913,4127985946.894654,7339877840.863975,4532711305.81761,9447251299.292454,8711305013.36478
2004-02,2.36,2.0,2.5549999999999997,1.87,18333333333.333332,16000000000.0,20000000000.0,26000000000.0,23449636750.0,17072480000.0,21547903500.0,32531377000.0,48397284083.333336,33053276000.0,51513269500.0,55063906000.0,38583895803.04677,18408830614.135223,35581412914.363205,31731190257.07547,132601812699.80878,46429313583.36478,94094095339.48112,95517580324.37106,19499801967.12101,5297622574.080189,11099013721.493711,12881164964.386793,102940262217.98596,28885927983.805035,60244371030.93553,65253002965.09434,16708611038.427084,10504069925.05503,19236649277.523586,14722039345.794024,22321670394.777348,13010674293.742136,24402473009.253147,21553272345.911953,2375480551.317184,2607138115.0,5245749915.345913,4127985946.894654,7339877840.863975,4532711305.81761,9447251299.292454,8711305013.36478
2004-03,2.316923076923077,1.81,2.47,2.305,19307692307.692307,11000000000.0,16000000000.0,26000000000.0,23636322153.846153,11000045000.0,16000053000.0,34166743000.0,49850460692.30769,19895530000.0,39573279000.0,68025236000.0,38583895803.04677,18408830614.135223,35581412914.363205,31731190257.07547,132601812699.80878,46429313583.36478,94094095339.48112,95517580324.37106,19499801967.12101,5297622574.080189,11099013721.493711,12881164964.386793,102940262217.98596,28885927983.805035,60244371030.93553,65253002965.09434,16708611038.427084,10504069925.05503,19236649277.523586,14722039345.794024,22321670394.777348,13010674293.742136,24402473009.253147,21553272345.911953,2375480551.317184,2607138115.0,5245749915.345913,4127985946.894654,7339877840.863975,4532711305.81761,9447251299.292454,8711305013.36478
2004-04,2.671666666666667,1.78,2.28,2.11,14722222222.222221,9000000000.0,16000000000.0,26000000000.0,18887139111.11111,9000018000.0,16000012000.0,34333752000.0,41732028555.55556,16002538000.0,36548088000.0,63073517000.0,38583895803.04677,18408830614.135223,35581412914.363205,31731190257.07547,132601812699.80878,46429313583.36478,94094095339.48112,95517580324.37106,19499801967.12101,5297622574.080189,11099013721.493711,12881164964.386793,102940262217.98596,28885927983.805035,60244371030.93553,65253002965.09434,16708611038.427084,10504069925.05503,19236649277.523586,14722039345.794024,22321670394.777348,13010674293.742136,24402473009.253147,21553272345.911953,2375480551.317184,2607138115.0,5245749915.345913,4127985946.894654,7339877840.863975,4532711305.81761,9447251299.292454,8711305013.36478
2004-05,2.1783333333333332,2.78,2.3600000000000003,2.11,17666666666.666668,15000000000.0,19500000000.0,26000000000.0,23177242000.0,17293646000.0,22810006500.0,34333752000.0,44135132166.666664,44006026000.0,48074836500.0,63073517000.0,38583895803.04677,18408830614.135223,35581412914.363205,31731190257.07547,132601812699.80878,46429313583.36478,94094095339.48112,95517580324.37106,19499801967.12101,5297622574.080189,11099013721.493711,12881164964.386793,102940262217.98596,28885927983.805035,60244371030.93553,65253002965.09434,16708611038.427084,10504069925.05503,19236649277.523586,14722039345.794024,22321670394.777348,13010674293.742136,24402473009.253147,21553272345.911953,2375480551.317184,2607138115.0,5245749915.345913,4127985946.894654,7339877840.863975,4532711305.81761,9447251299.292454,8711305013.36478
2004-06,2.396,2.93,2.91,2.245,16066666666.666666,10000000000.0,15000000000.0,25000000000.0,20287029400.0,10000044000.0,15000016000.0,31939635000.0,38729251133.333336,29303994000.0,43695718000.0,63059262500.0,38583895803.04677,18408830614.135223,35581412914.363205,31731190257.07547,132601812699.80878,46429313583.36478,94094095339.48112,95517580324.37106,19499801967.12101,5297622574.080189,11099013721.493711,12881164964.386793,102940262217.98596,28885927983.805035,60244371030.93553,65253002965.09434,16708611038.427084,10504069925.05503,19236649277.523586,14722039345.794024,22321670394.777348,13010674293.742136,24402473009.253147,21553272345.911953,2375480551.317184,2607138115.0,5245749915.345913,4127985946.894654,7339877840.863975,4532711305.81761,9447251299.292454,8711305013.36478
2004-07,2.183529411764706,1.69,2.33,2.245,16764705882.352942,10500000000.0,15000000000.0,25000000000.0,21405772764.705883,10500055000.0,15000004000.0,31939635000.0,39994437588.23529,17652296500.0,34878759000.0,63059262500.0,38583895803.04677,18408830614.135223,35581412914.363205,31731190257.07547,132601812699.80878,46429313583.36478,94094095339.48112,95517580324.37106,19499801967.12101,5297622574.080189,11099013721.493711,12881164964.386793,102940262217.98596,28885927983.805035,60244371030.93553,65253002965.09434,16708611038.427084,10504069925.05503,19236649277.523586,14722039345.794024,22321670394.777348,13010674293.742136,24402473009.253147,21553272345.911953,2375480551.317184,2607138115.0,5245749915.345913,4127985946.894654,7339877840.863975,4532711305.81761,9447251299.292454,8711305013.36478
2004-08,2.078333333333333,2.9,2.33,2.275,19416666666.666668,14000000000.0,18500000000.0,24000000000.0,24946653166.666668,15717915000.0,20979446500.0,31406323000.0,46290919416.666664,42311851000.0,44542185500.0,62030117500.0,38583895803.04677,18408830614.135223,35581412914.363205,31731190257.07547,132601812699.80878,46429313583.36478,94094095339.48112,95517580324.37106,19499801967.12101,5297622574.080189,11099013721.493711,12881164964.386793,102940262217.98596,28885927983.805035,60244371030.93553,65253002965.09434,16708611038.427084,10504069925.05503,19236649277.523586,14722039345.794024,22321670394.777348,13010674293.742136,24402473009.253147,21553272345.911953,2375480551.317184,2607138115.0,5245749915.345913,4127985946.894654,7339877840.863975,4532711305.81761,9447251299.292454,8711305013.36478
2004-09,2.2827777777777776,2.12,2.72,2.2,16888888888.88889,9000000000.0,15000000000.0,24000000000.0,21365469944.444443,9000003000.0,15000009000.0,31652320000.0,42019782555.55556,19059420000.0,40805522000.0,60354733000.0,38583895803.04677,18408830614.135223,35581412914.363205,31731190257.07547,132601812699.80878,46429313583.36478,94094095339.48112,95517580324.37106,19499801967.12101,5297622574.080189,11099013721.493711,12881164964.386793,102940262217.98596,28885927983.805035,60244371030.93553,65253002965.09434,16708611038.427084,10504069925.05503,19236649277.523586,14722039345.794024,22321670394.777348,13010674293.742136,24402473009.253147,21553272345.911953,2375480551.317184,2607138115.0,5245749915.345913,4127985946.894654,7339877840.863975,4532711305.81761,9447251299.292454,8711305013.36478
2004-10,2.210714285714286,2.44,2.06,2.2,16571428571.428572,9000000000.0,13500000000.0,24000000000.0,20845719642.857143,9000006000.0,13500057500.0,31652320000.0,39418989000.0,21969807000.0,28231580000.0,60354733000.0,38583895803.04677,18408830614.135223,35581412914.363205,31731190257.07547,132601812699.80878,46429313583.36478,94094095339.48112,95517580324.37106,19499801967.12101,5297622574.080189,11099013721.493711,12881164964.386793,102940262217.98596,28885927983.805035,60244371030.93553,65253002965.09434,16708611038.427084,10504069925.05503,19236649277.523586,14722039345.794024,22321670394.777348,13010674293.742136,24402473009.253147,21553272345.911953,2375480551.317184,2607138115.0,5245749915.345913,4127985946.894654,7339877840.863975,4532711305.81761,9447251299.292454,8711305013.36478
2004-11,2.2123076923076925,2.05,2.5700000000000003,2.27,19153846153.846153,14000000000.0,18500000000.0,24000000000.0,23821815384.615383,16470687000.0,23025736000.0,29801835000.0,45473418846.15385,31231522000.0,50847965500.0,60289298000.0,38583895803.04677,18408830614.135223,35581412914.363205,31731190257.07547,132601812699.80878,46429313583.36478,94094095339.48112,95517580324.37106,19499801967.12101,5297622574.080189,11099013721.493711,12881164964.386793,102940262217.98596,28885927983.805035,60244371030.93553,65253002965.09434,16708611038.427084,10504069925.05503,19236649277.523586,14722039345.794024,22321670394.777348,13010674293.742136,24402473009.253147,21553272345.911953,2375480551.317184,2607138115.0,5245749915.345913,4127985946.894654,7339877840.863975,4532711305.81761,9447251299.292454,8711305013.36478
2004-12,2.4000000000000004,2.68,2.6,2.0,16111111111.11111,9000000000.0,15000000000.0,24000000000.0,20168474888.88889,9000037000.0,15000048000.0,31947744000.0,40542778888.888885,24159197000.0,39029261000.0,55921211000.0,38583895803.04677,18408830614.135223,35581412914.363205,31731190257.07547,132601812699.80878,46429313583.36478,94094095339.48112,95517580324.37106,19499801967.12101,5297622574.080189,11099013721.493711,12881164964.386793,102940262217.98596,28885927983.805035,60244371030.93553,65253002965.09434,16708611038.427084,10504069925.05503,19236649277.523586,14722039345.794024,22321670394.777348,13010674293.742136,24402473009.253147,21553272345.911953,2375480551.317184,2607138115.0,5245749915.345913,4127985946.894654,7339877840.863975,4532711305.81761,9447251299.292454,8711305013.36478
2005-01,2.7635714285714283,1.6949999999999998,2.37,2.01,13857142857.142857,9000000000.0,15000000000.0,24000000000.0,18317953928.57143,10499966500.0,15000046000.0,28999871000.0,38945114714.28571,16944199000.0,35559191000.0,53236409000.0,38583895803.04677,18408830614.135223,35581412914.363205,31731190257.07547,132601812699.80878,46429313583.36478,94094095339.48112,95517580324.37106,19499801967.12101,5297622574.080189,11099013721.493711,12881164964.386793,102940262217.98596,28885927983.805035,60244371030.93553,65253002965.09434,16708611038.427084,10504069925.05503,19236649277.523586,14722039345.794024,22321670394.777348,13010674293.742136,24402473009.253147,21553272345.911953,2375480551.317184,2607138115.0,5245749915.345913,4127985946.894654,7339877840.863975,4532711305.81761,9447251299.292454,8711305013.36478
2005-02,2.3853846153846154,2.05,2.2699999999999996,1.93,17615384615.384617,14000000000.0,18500000000.0,24000000000.0,22749467846.153847,15211916000.0,20249245000.0,32000006000.0,44332048384.61539,29948916000.0,42846038000.0,54425336000.0,38583895803.04677,18408830614.135223,35581412914.363205,31731190257.07547,132601812699.80878,46429313583.36478,94094095339.48112,95517580324.37106,19499801967.12101,5297622574.080189,11099013721.493711,12881164964.386793,102940262217.98596,28885927983.805035,60244371030.93553,65253002965.09434,16708611038.427084,10504069925.05503,19236649277.523586,14722039345.794024,22321670394.777348,13010674293.742136,24402473009.253147,21553272345.911953,2375480551.317184,2607138115.0,5245749915.345913,4127985946.894654,7339877840.863975,4532711305.81761,9447251299.292454,8711305013.36478
2005-03,2.192941176470588,2.35,2.58,2.03,19176470588.235294,9000000000.0,15000000000.0,24000000000.0,23813227294.117645,9000012000.0,15000157000.0,32000051000.0,45836220000.0,21172027000.0,38766781000.0,56769496000.0,38583895803.04677,18408830614.135223,35581412914.363205,31731190257.07547,132601812699.80878,46429313583.36478,94094095339.48112,95517580324.37106,19499801967.12101,5297622574.080189,11099013721.493711,12881164964.386793,102940262217.98596,28885927983.805035,60244371030.93553,65253002965.09434,16708611038.427084,10504069925.05503,19236649277.523586,14722039345.794024,22321670394.777348,13010674293.742136,24402473009.253147,21553272345.911953,2375480551.317184,2607138115.0,5245749915.345913,4127985946.894654,7339877840.863975,4532711305.81761,9447251299.292454,8711305013.36478
2005-04,2.676,1.97,1.87,2.03,14266666666.666666,9000000000.0,12000000000.0,24000000000.0,18509305933.333332,9000026000.0,12000011500.0,32000051000.0,41215183133.333336,17698995000.0,22381132500.0,56769496000.0,38583895803.04677,18408830614.135223,35581412914.363205,31731190257.07547,132601812699.80878,46429313583.36478,94094095339.48112,95517580324.37106,19499801967.12101,5297622574.080189,11099013721.493711,12881164964.386793,102940262217.98596,28885927983.805035,60244371030.93553,65253002965.09434,16708611038.427084,10504069925.05503,19236649277.523586,14722039345.794024,22321670394.777348,13010674293.742136,24402473009.253147,21553272345.911953,2375480551.317184,2607138115.0,5245749915.345913,4127985946.894654,7339877840.863975,4532711305.81761,9447251299.292454,8711305013.36478
2005-05,2.3316666666666666,2.33,2.425,2.065,13666666666.666666,14000000000.0,18500000000.0,23000000000.0,19574631666.666668,16470697000.0,22727230000.0,30555455500.0,36295311250.0,35109115000.0,48972325000.0,54664335500.0,38583895803.04677,18408830614.135223,35581412914.363205,31731190257.07547,132601812699.80878,46429313583.36478,94094095339.48112,95517580324.37106,19499801967.12101,5297622574.080189,11099013721.493711,12881164964.386793,102940262217.98596,28885927983.805035,60244371030.93553,65253002965.09434,16708611038.427084,10504069925.05503,19236649277.523586,14722039345.794024,22321670394.777348,13010674293.742136,24402473009.253147,21553272345.911953,2375480551.317184,2607138115.0,5245749915.345913,4127985946.894654,7339877840.863975,4532711305.81761,9447251299.292454,8711305013.36478
2005-06,2.5005555555555556,2.5,2.6,2.23,13666666666.666666,8000000000.0,14000000000.0,20000000000.0,18745006777.77778,8000035000.0,14000019000.0,26666866000.0,38053425555.55556,20013294000.0,36381532000.0,51251126000.0,38583895803.04677,18408830614.135223,35581412914.363205,31731190257.07547,132601812699.80878,46429313583.36478,94094095339.48112,95517580324.37106,19499801967.12101,5297622574.080189,11099013721.493711,12881164964.386793,102940262217.98596,28885927983.805035,60244371030.93553,65253002965.09434,16708611038.427084,10504069925.05503,19236649277.523586,14722039345.794024,22321670394.777348,13010674293.742136,24402473009.253147,21553272345.911953,2375480551.317184,2607138115.0,5245749915.345913,4127985946.894654,7339877840.863975,4532711305.81761,9447251299.292454,8711305013.36478
2005-07,2.3538461538461535,1.6949999999999998,2.37,2.23,15692307692.307692,7500000000.0,13000000000.0,20000000000.0,20956904846.153847,7500007000.0,13000111000.0,26666866000.0,41749739769.23077,12691292500.0,30815139000.0,51251126000.0,38583895803.04677,18408830614.135223,35581412914.363205,31731190257.07547,132601812699.80878,46429313583.36478,94094095339.48112,95517580324.37106,19499801967.12101,5297622574.080189,11099013721.493711,12881164964.386793,102940262217.98596,28885927983.805035,60244371030.93553,65253002965.09434,16708611038.427084,10504069925.05503,19236649277.523586,14722039345.794024,22321670394.777348,13010674293.742136,24402473009.253147,21553272345.911953,2375480551.317184,2607138115.0,5245749915.345913,4127985946.894654,7339877840.863975,4532711305.81761,9447251299.292454,8711305013.36478
2005-08,2.4216666666666664,2.59,2.615,2.33,16416666666.666666,13000000000.0,15500000000.0,20000000000.0,21991809250.0,14472187000.0,17624936500.0,26265547500.0,45045868666.666664,35166216000.0,41852631500.0,52826747500.0,38583895803.04677,18408830614.135223,35581412914.363205,31731190257.07547,132601812699.80878,46429313583.36478,94094095339.48112,95517580324.37106,19499801967.12101,5297622574.080189,11099013721.493711,12881164964.386793,102940262217.98596,28885927983.805035,60244371030.93553,65253002965.09434,16708611038.427084,10504069925.05503,19236649277.523586,14722039345.794024,22321670394.777348,13010674293.742136,24402473009.253147,21553272345.911953,2375480551.317184,2607138115.0,5245749915.345913,4127985946.894654,7339877840.863975,4532711305.81761,9447251299.292454,8711305013.36478
2005-09,2.4994444444444444,2.68,2.61,2.58,14166666666.666666,8000000000.0,13000000000.0,20000000000.0,19029109333.333332,8000006000.0,13000035000.0,26585153000.0,38512811722.22222,21444913000.0,33967655000.0,58147340000.0,38583895803.04677,18408830614.135223,35581412914.363205,31731190257.07547,132601812699.80878,46429313583.36478,94094095339.48112,95517580324.37106,19499801967.12101,5297622574.080189,11099013721.493711,12881164964.386793,102940262217.98596,28885927983.805035,60244371030.93553,65253002965.09434,16708611038.427084,10504069925.05503,19236649277.523586,14722039345.794024,22321670394.777348,13010674293.742136,24402473009.253147,21553272345.911953,2375480551.317184,2607138115.0,5245749915.345913,4127985946.894654,7339877840.863975,4532711305.81761,9447251299.292454,8711305013.36478
2005-10,2.3053846153846154,2.11,2.2,2.21,15230769230.76923,8000000000.0,10000000000.0,20000000000.0,20492113384.615383,8000006000.0,10000228000.0,26550663000.0,39108834692.30769,16875481000.0,23662099500.0,50825198000.0,38583895803.04677,18408830614.135223,35581412914.363205,31731190257.07547,132601812699.80878,46429313583.36478,94094095339.48112,95517580324.37106,19499801967.12101,5297622574.080189,11099013721.493711,12881164964.386793,102940262217.98596,28885927983.805035,60244371030.93553,65253002965.09434,16708611038.427084,10504069925.05503,19236649277.523586,14722039345.794024,22321670394.777348,13010674293.742136,24402473009.253147,21553272345.911953,2375480551.317184,2607138115.0,5245749915.345913,4127985946.894654,7339877840.863975,4532711305.81761,9447251299.292454,8711305013.36478
2005-11,2.5007692307692304,2.24,2.5149999999999997,2.16,17615384615.384617,13000000000.0,15500000000.0,20000000000.0,22659323538.46154,15220587000.0,18705069000.0,26666675000.0,45891051769.23077,31296887000.0,41954700000.0,49831585000.0,38583895803.04677,18408830614.135223,35581412914.363205,31731190257.07547,132601812699.80878,46429313583.36478,94094095339.48112,95517580324.37106,19499801967.12101,5297622574.080189,11099013721.493711,12881164964.386793,102940262217.98596,28885927983.805035,60244371030.93553,65253002965.09434,16708611038.427084,10504069925.05503,19236649277.523586,14722039345.794024,22321670394.777348,13010674293.742136,24402473009.253147,21553272345.911953,2375480551.317184,2607138115.0,5245749915.345913,4127985946.894654,7339877840.863975,4532711305.81761,9447251299.292454,8711305013.36478
2005-12,2.4066666666666667,2.19,2.38,2.16,16000000000.0,8000000000.0,13000000000.0,20000000000.0,20493761833.333332,8000068000.0,13000051000.0,26666675000.0,42467230166.666664,17519432000.0,30891399000.0,49831585000.0,38583895803.04677,18408830614.135223,35581412914.363205,31731190257.07547,132601812699.80878,46429313583.36478,94094095339.48112,95517580324.37106,19499801967.12101,5297622574.080189,11099013721.493711,12881164964.386793,102940262217.98596,28885927983.805035,60244371030.93553,65253002965.09434,16708611038.427084,10504069925.05503,19236649277.523586,14722039345.794024,22321670394.777348,13010674293.742136,24402473009.253147,21553272345.911953,2375480551.317184,2607138115.0,5245749915.345913,4127985946.894654,7339877840.863975,4532711305.81761,9447251299.292454,8711305013.36478
2006-01,2.5476923076923077,1.665,2.1,2.2649999999999997,14461538461.538462,9500000000.0,13000000000.0,21000000000.0,19638678461.53846,10382389000.0,13000118000.0,26914890000.0,39995622615.38461,16588783000.0,27260346000.0,53255656000.0,38583895803.04677,18408830614.135223,35581412914.363205,31731190257.07547,132601812699.80878,46429313583.36478,94094095339.48112,95517580324.37106,19499801967.12101,5297622574.080189,11099013721.493711,12881164964.386793,102940262217.98596,28885927983.805035,60244371030.93553,65253002965.09434,16708611038.427084,10504069925.05503,19236649277.523586,14722039345.794024,22321670394.777348,13010674293.742136,24402473009.253147,21553272345.911953,2375480551.317184,2607138115.0,5245749915.345913,4127985946.894654,7339877840.863975,4532711305.81761,9447251299.292454,8711305013.36478
2006-02,2.28,2.1849999999999996,2.105,2.24,18000000000.0,13500000000.0,17500000000.0,22000000000.0,23673185583.333332,14341317000.0,19903400500.0,26499744000.0,46459395083.333336,30273247000.0,38972106500.0,53765128000.0,38583895803.04677,18408830614.135223,35581412914.363205,31731190257.07547,132601812699.80878,46429313583.36478,94094095339.48112,95517580324.37106,19499801967.12101,5297622574.080189,11099013721.493711,12881164964.386793,102940262217.98596,28885927983.805035,60244371030.93553,65253002965.09434,16708611038.427084,10504069925.05503,19236649277.523586,14722039345.794024,22321670394.777348,13010674293.742136,24402473009.253147,21553272345.911953,2375480551.317184,2607138115.0,5245749915.345913,4127985946.894654,7339877840.863975,4532711305.81761,9447251299.292454,8711305013.36478
2006-03,2.4755555555555557,2.87,2.25,2.12,18166666666.666668,8000000000.0,14000000000.0,22000000000.0,22583988166.666668,8000026000.0,17500211000.0,26833778000.0,46353825888.888885,22946805000.0,35055123000.0,51536340000.0,38583895803.04677,18408830614.135223,35581412914.363205,31731190257.07547,132601812699.80878,46429313583.36478,94094095339.48112,95517580324.37106,19499801967.12101,5297622574.080189,11099013721.493711,12881164964.386793,102940262217.98596,28885927983.805035,60244371030.93553,65253002965.09434,16708611038.427084,10504069925.05503,19236649277.523586,14722039345.794024,22321670394.777348,13010674293.742136,24402473009.253147,21553272345.911953,2375480551.317184,2607138115.0,5245749915.345913,4127985946.894654,7339877840.863975,4532711305.81761,9447251299.292454,8711305013.36478
2006-04,2.8962499999999998,1.95,1.46,2.12,12625000000.0,8000000000.0,11000000000.0,22000000000.0,16680512812.5,8000023000.0,11000027000.0,26833778000.0,39452841562.5,15623395000.0,16042054000.0,51536340000.0,38583895803.04677,18408830614.135223,35581412914.363205,31731190257.07547,132601812699.80878,46429313583.36478,94094095339.48112,95517580324.37106,19499801967.12101,5297622574.080189,11099013721.493711,12881164964.386793,102940262217.98596,28885927983.805035,60244371030.93553,65253002965.09434,16708611038.427084,10504069925.05503,19236649277.523586,14722039345.794024,22321670394.777348,13010674293.742136,24402473009.253147,21553272345.911953,2375480551.317184,2607138115.0,5245749915.345913,4127985946.894654,7339877840.863975,4532711305.81761,9447251299.292454,8711305013.36478
2006-05,2.419166666666667,2.53,2.066666666666667,2.315,14083333333.333334,13000000000.0,16333333333.333334,22000000000.0,20349770833.333332,15294131000.0,20674234666.666668,26381279000.0,39594582666.666664,35124118000.0,38668740333.333336,55307679500.0,38583895803.04677,18408830614.135223,35581412914.363205,31731190257.07547,132601812699.80878,46429313583.36478,94094095339.48112,95517580324.37106,19499801967.12101,5297622574.080189,11099013721.493711,12881164964.386793,102940262217.98596,28885927983.805035,60244371030.93553,65253002965.09434,16708611038.427084,10504069925.05503,19236649277.523586,14722039345.794024,22321670394.777348,13010674293.742136,24402473009.253147,21553272345.911953,2375480551.317184,2607138115.0,5245749915.345913,4127985946.894654,7339877840.863975,4532711305.81761,9447251299.292454,8711305013.36478
2006-06,2.471764705882353,2.73,2.05,2.28,14176470588.235294,8000000000.0,14000000000.0,22000000000.0,19807571000.0,8000053000.0,17500009000.0,26496892000.0,39881826058.82353,21814768000.0,32190225000.0,54595234000.0,38583895803.04677,18408830614.135223,35581412914.363205,31731190257.07547,132601812699.80878,46429313583.36478,94094095339.48112,95517580324.37106,19499801967.12101,5297622574.080189,11099013721.493711,12881164964.386793,102940262217.98596,28885927983.805035,60244371030.93553,65253002965.09434,16708611038.427084,10504069925.05503,19236649277.523586,14722039345.794024,22321670394.777348,13010674293.742136,24402473009.253147,21553272345.911953,2375480551.317184,2607138115.0,5245749915.345913,4127985946.894654,7339877840.863975,4532711305.81761,9447251299.292454,8711305013.36478
2006-07,2.330833333333333,2.0,2.28,2.03,15583333333.333334,8000000000.0,14000000000.0,22000000000.0,21497749750.0,9411778000.0,16829863000.0,26424341000.0,41906097500.0,17185302500.0,34807463000.0,49140392000.0,38583895803.04677,18408830614.135223,35581412914.363205,31731190257.07547,132601812699.80878,46429313583.36478,94094095339.48112,95517580324.37106,19499801967.12101,5297622574.080189,11099013721.493711,12881164964.386793,102940262217.98596,28885927983.805035,60244371030.93553,65253002965.09434,16708611038.427084,10504069925.05503,19236649277.523586,14722039345.794024,22321670394.777348,13010674293.742136,24402473009.253147,21553272345.911953,2375480551.317184,2607138115.0,5245749915.345913,4127985946.894654,7339877840.863975,4532711305.81761,9447251299.292454,8711305013.36478
2006-08,2.342,2.0,2.625,2.32,19133333333.333332,11500000000.0,17500000000.0,22000000000.0,25192484200.0,13056592500.0,20458953500.0,26503562000.0,50855300866.666664,24881533000.0,47170743500.0,55510857000.0,38583895803.04677,18408830614.135223,35581412914.363205,31731190257.07547,132601812699.80878,46429313583.36478,94094095339.48112,95517580324.37106,19499801967.12101,5297622574.080189,11099013721.493711,12881164964.386793,102940262217.98596,28885927983.805035,60244371030.93553,65253002965.09434,16708611038.427084,10504069925.05503,19236649277.523586,14722039345.794024,22321670394.777348,13010674293.742136,24402473009.253147,21553272345.911953,2375480551.317184,2607138115.0,5245749915.345913,4127985946.894654,7339877840.863975,4532711305.81761,9447251299.292454,8711305013.36478
2006-09,2.779333333333333,2.91,2.625,2.32,14866666666.666666,8000000000.0,17500000000.0,22000000000.0,19709163333.333332,8000081000.0,20458953500.0,26503562000.0,43443360266.666664,23244607000.0,47170743500.0,55510857000.0,38583895803.04677,18408830614.135223,35581412914.363205,31731190257.07547,132601812699.80878,46429313583.36478,94094095339.48112,95517580324.37106,19499801967.12101,5297622574.080189,11099013721.493711,12881164964.386793,102940262217.98596,28885927983.805035,60244371030.93553,65253002965.09434,16708611038.427084,10504069925.05503,19236649277.523586,14722039345.794024,22321670394.777348,13010674293.742136,24402473009.253147,21553272345.911953,2375480551.317184,2607138115.0,5245749915.345913,4127985946.894654,7339877840.863975,4532711305.81761,9447251299.292454,8711305013.36478
2006-10,2.5,2.09,2.5866666666666664,2.84,14250000000.0,8000000000.0,11666666666.666666,20000000000.0,19700122250.0,9411776000.0,14287083000.0,23612499000.0,40272728583.333336,18122236000.0,32068408666.666668,60382864000.0,38583895803.04677,18408830614.135223,35581412914.363205,31731190257.07547,132601812699.80878,46429313583.36478,94094095339.48112,95517580324.37106,19499801967.12101,5297622574.080189,11099013721.493711,12881164964.386793,102940262217.98596,28885927983.805035,60244371030.93553,65253002965.09434,16708611038.427084,10504069925.05503,19236649277.523586,14722039345.794024,22321670394.777348,13010674293.742136,24402473009.253147,21553272345.911953,2375480551.317184,2607138115.0,5245749915.345913,4127985946.894654,7339877840.863975,4532711305.81761,9447251299.292454,8711305013.36478
2006-11,2.618823529411765,2.21,2.275,3.02,17470588235.294117,13000000000.0,16500000000.0,20000000000.0,22490894470.588234,15294121000.0,20904296500.0,24338233000.0,48428815588.23529,31082996000.0,41916712500.0,64800229000.0,38583895803.04677,18408830614.135223,35581412914.363205,31731190257.07547,132601812699.80878,46429313583.36478,94094095339.48112,95517580324.37106,19499801967.12101,5297622574.080189,11099013721.493711,12881164964.386793,102940262217.98596,28885927983.805035,60244371030.93553,65253002965.09434,16708611038.427084,10504069925.05503,19236649277.523586,14722039345.794024,22321670394.777348,13010674293.742136,24402473009.253147,21553272345.911953,2375480551.317184,2607138115.0,5245749915.345913,4127985946.894654,7339877840.863975,4532711305.81761,9447251299.292454,8711305013.36478
2006-12,2.632142857142857,2.48,2.275,3.02,15714285714.285715,8000000000.0,16500000000.0,20000000000.0,20662618071.42857,8000078000.0,20904296500.0,24338233000.0,45068128285.71429,19865797000.0,41916712500.0,64800229000.0,38583895803.04677,18408830614.135223,35581412914.363205,31731190257.07547,132601812699.80878,46429313583.36478,94094095339.48112,95517580324.37106,19499801967.12101,5297622574.080189,11099013721.493711,12881164964.386793,102940262217.98596,28885927983.805035,60244371030.93553,65253002965.09434,16708611038.427084,10504069925.05503,19236649277.523586,14722039345.794024,22321670394.777348,13010674293.742136,24402473009.253147,21553272345.911953,2375480551.317184,2607138115.0,5245749915.345913,4127985946.894654,7339877840.863975,4532711305.81761,9447251299.292454,8711305013.36478
2007-01,2.7175,1.8599999999999999,2.355,2.745,13083333333.333334,8500000000.0,13000000000.0,20000000000.0,18597474666.666668,10219008000.0,15531116000.0,23894072500.0,39921757500.0,17450605000.0,33114077500.0,58801955000.0,38583895803.04677,18408830614.135223,35581412914.363205,31731190257.07547,132601812699.80878,46429313583.36478,94094095339.48112,95517580324.37106,19499801967.12101,5297622574.080189,11099013721.493711,12881164964.386793,102940262217.98596,28885927983.805035,60244371030.93553,65253002965.09434,16708611038.427084,10504069925.05503,19236649277.523586,14722039345.794024,22321670394.777348,13010674293.742136,24402473009.253147,21553272345.911953,2375480551.317184,2607138115.0,5245749915.345913,4127985946.894654,7339877840.863975,4532711305.81761,9447251299.292454,8711305013.36478
2007-02,2.723076923076923,2.435,2.7,3.04,17000000000.0,11000000000.0,14500000000.0,18000000000.0,22439067230.76923,12009093500.0,17052231500.0,23035497000.0,49208331846.15385,27745368000.0,42099329500.0,59786677000.0,38583895803.04677,18408830614.135223,35581412914.363205,31731190257.07547,132601812699.80878,46429313583.36478,94094095339.48112,95517580324.37106,19499801967.12101,5297622574.080189,11099013721.493711,12881164964.386793,102940262217.98596,28885927983.805035,60244371030.93553,65253002965.09434,16708611038.427084,10504069925.05503,19236649277.523586,14722039345.794024,22321670394.777348,13010674293.742136,24402473009.253147,21553272345.911953,2375480551.317184,2607138115.0,5245749915.345913,4127985946.894654,7339877840.863975,4532711305.81761,9447251299.292454,8711305013.36478
2007-03,2.56,2.64,2.7,3.04,20529411764.705883,8000000000.0,14500000000.0,18000000000.0,25733546352.941177,8000005000.0,17052231500.0,23035497000.0,57615288000.0,21130105000.0,42099329500.0,59786677000.0,38583895803.04677,18408830614.135223,35581412914.363205,31731190257.07547,132601812699.80878,46429313583.36478,94094095339.48112,95517580324.37106,19499801967.12101,5297622574.080189,11099013721.493711,12881164964.386793,102940262217.98596,28885927983.805035,60244371030.93553,65253002965.09434,16708611038.427084,10504069925.05503,19236649277.523586,14722039345.794024,22321670394.777348,13010674293.742136,24402473009.253147,21553272345.911953,2375480551.317184,2607138115.0,5245749915.345913,4127985946.894654,7339877840.863975,4532711305.81761,9447251299.292454,8711305013.36478
2007-04,3.0300000000000002,1.88,2.2933333333333334,2.87,13062500000.0,6000000000.0,11333333333.333334,18000000000.0,17200734562.5,6000019000.0,14309416666.666666,22711257000.0,41510479562.5,11294046000.0,28686773666.666668,56350980500.0,38583895803.04677,18408830614.135223,35581412914.363205,31731190257.07547,132601812699.80878,46429313583.36478,94094095339.48112,95517580324.37106,19499801967.12101,5297622574.080189,11099013721.493711,12881164964.386793,102940262217.98596,28885927983.805035,60244371030.93553,65253002965.09434,16708611038.427084,10504069925.05503,19236649277.523586,14722039345.794024,22321670394.777348,13010674293.742136,24402473009.253147,21553272345.911953,2375480551.317184,2607138115.0,5245749915.345913,4127985946.894654,7339877840.863975,4532711305.81761,9447251299.292454,8711305013.36478
2007-05,2.77,2.135,2.495,2.53,13266666666.666666,9000000000.0,13500000000.0,18000000000.0,19590667600.0,12175187000.0,17587502000.0,22480448000.0,42217444066.666664,23075303000.0,37752782000.0,50087848000.0,38583895803.04677,18408830614.135223,35581412914.363205,31731190257.07547,132601812699.80878,46429313583.36478,94094095339.48112,95517580324.37106,19499801967.12101,5297622574.080189,11099013721.493711,12881164964.386793,102940262217.98596,28885927983.805035,60244371030.93553,65253002965.09434,16708611038.427084,10504069925.05503,19236649277.523586,14722039345.794024,22321670394.777348,13010674293.742136,24402473009.253147,21553272345.911953,2375480551.317184,2607138115.0,5245749915.345913,4127985946.894654,7339877840.863975,4532711305.81761,9447251299.292454,8711305013.36478
2007-06,3.1607142857142856,2.55,2.495,2.53,13500000000.0,8000000000.0,13500000000.0,18000000000.0,19377403857.142857,8000068000.0,17587502000.0,22480448000.0,47354659571.42857,20436166000.0,37752782000.0,50087848000.0,38583895803.04677,18408830614.135223,35581412914.363205,31731190257.07547,132601812699.80878,46429313583.36478,94094095339.48112,95517580324.37106,19499801967.12101,5297622574.080189,11099013721.493711,12881164964.386793,102940262217.98596,28885927983.805035,60244371030.93553,65253002965.09434,16708611038.427084,10504069925.05503,19236649277.523586,14722039345.794024,22321670394.777348,13010674293.742136,24402473009.253147,21553272345.911953,2375480551.317184,2607138115.0,5245749915.345913,4127985946.894654,7339877840.863975,4532711305.81761,9447251299.292454,8711305013.36478
2007-07,2.5816666666666666,2.1,2.44,2.695,14583333333.333334,7000000000.0,13000000000.0,18000000000.0,20640948666.666668,7646968000.0,15853525000.0,21951029000.0,43593143166.666664,15200832000.0,34587530500.0,52417955500.0,38583895803.04677,18408830614.135223,35581412914.363205,31731190257.07547,132601812699.80878,46429313583.36478,94094095339.48112,95517580324.37106,19499801967.12101,5297622574.080189,11099013721.493711,12881164964.386793,102940262217.98596,28885927983.805035,60244371030.93553,65253002965.09434,16708611038.427084,10504069925.05503,19236649277.523586,14722039345.794024,22321670394.777348,13010674293.742136,24402473009.253147,21553272345.911953,2375480551.317184,2607138115.0,5245749915.345913,4127985946.894654,7339877840.863975,4532711305.81761,9447251299.292454,8711305013.36478
2007-08,2.328888888888889,1.935,2.74,3.97,21888888888.88889,11000000000.0,13000000000.0,18000000000.0,26083575222.22222,16923101500.0,16091354000.0,22280456000.0,54847942000.0,27928311000.0,38732204000.0,75696814000.0,38583895803.04677,18408830614.135223,35581412914.363205,31731190257.07547,132601812699.80878,46429313583.36478,94094095339.48112,95517580324.37106,19499801967.12101,5297622574.080189,11099013721.493711,12881164964.386793,102940262217.98596,28885927983.805035,60244371030.93553,65253002965.09434,16708611038.427084,10504069925.05503,19236649277.523586,14722039345.794024,22321670394.777348,13010674293.742136,24402473009.253147,21553272345.911953,2375480551.317184,2607138115.0,5245749915.345913,4127985946.894654,7339877840.863975,4532711305.81761,9447251299.292454,8711305013.36478
2007-09,3.116923076923077,2.95,2.74,3.97,16153846153.846153,8000000000.0,13000000000.0,18000000000.0,20929587923.076923,8000003000.0,16091354000.0,22280456000.0,54558245384.61539,23613347000.0,38732204000.0,75696814000.0,38583895803.04677,18408830614.135223,35581412914.363205,31731190257.07547,132601812699.80878,46429313583.36478,94094095339.48112,95517580324.37106,19499801967.12101,5297622574.080189,11099013721.493711,12881164964.386793,102940262217.98596,28885927983.805035,60244371030.93553,65253002965.09434,16708611038.427084,10504069925.05503,19236649277.523586,14722039345.794024,22321670394.777348,13010674293.742136,24402473009.253147,21553272345.911953,2375480551.317184,2607138115.0,5245749915.345913,4127985946.894654,7339877840.863975,4532711305.81761,9447251299.292454,8711305013.36478
2007-10,3.2866666666666666,2.05,2.6633333333333336,3.075,13583333333.333334,6000000000.0,10666666666.666666,19000000000.0,18761940583.333332,6000020000.0,12848034000.0,22921952500.0,48606514416.666664,12289163000.0,31095080666.666668,62089508000.0,38583895803.04677,18408830614.135223,35581412914.363205,31731190257.07547,132601812699.80878,46429313583.36478,94094095339.48112,95517580324.37106,19499801967.12101,5297622574.080189,11099013721.493711,12881164964.386793,102940262217.98596,28885927983.805035,60244371030.93553,65253002965.09434,16708611038.427084,10504069925.05503,19236649277.523586,14722039345.794024,22321670394.777348,13010674293.742136,24402473009.253147,21553272345.911953,2375480551.317184,2607138115.0,5245749915.345913,4127985946.894654,7339877840.863975,4532711305.81761,9447251299.292454,8711305013.36478
2007-11,2.880625,2.66,2.26,2.21,21250000000.0,9000000000.0,13000000000.0,20000000000.0,26474492687.5,13620410500.0,15953251000.0,24543479000.0,65930725750.0,27293081500.0,32366631000.0,48686719000.0,38583895803.04677,18408830614.135223,35581412914.363205,31731190257.07547,132601812699.80878,46429313583.36478,94094095339.48112,95517580324.37106,19499801967.12101,5297622574.080189,11099013721.493711,12881164964.386793,102940262217.98596,28885927983.805035,60244371030.93553,65253002965.09434,16708611038.427084,10504069925.05503,19236649277.523586,14722039345.794024,22321670394.777348,13010674293.742136,24402473009.253147,21553272345.911953,2375480551.317184,2607138115.0,5245749915.345913,4127985946.894654,7339877840.863975,4532711305.81761,9447251299.292454,8711305013.36478
2007-12,2.722857142857143,2.23,2.31,2.23,20500000000.0,8000000000.0,13000000000.0,22000000000.0,22255872714.285713,8000005000.0,15657465000.0,26497239000.0,56886951642.85714,17812437000.0,32720192000.0,53560279000.0,38583895803.04677,18408830614.135223,35581412914.363205,31731190257.07547,132601812699.80878,46429313583.36478,94094095339.48112,95517580324.37106,19499801967.12101,5297622574.080189,11099013721.493711,12881164964.386793,102940262217.98596,28885927983.805035,60244371030.93553,65253002965.09434,16708611038.427084,10504069925.05503,19236649277.523586,14722039345.794024,22321670394.777348,13010674293.742136,24402473009.253147,21553272345.911953,2375480551.317184,2607138115.0,5245749915.345913,4127985946.894654,7339877840.863975,4532711305.81761,9447251299.292454,8711305013.36478
2008-01,2.9699999999999998,1.845,2.16,2.33,18266666666.666668,8000000000.0,14000000000.0,24000000000.0,20600803400.0,9693120500.0,15704984000.0,26922862000.0,55446304000.0,16451221500.0,31875397000.0,58839852000.0,38583895803.04677,18408830614.135223,35581412914.363205,31731190257.07547,132601812699.80878,46429313583.36478,94094095339.48112,95517580324.37106,19499801967.12101,5297622574.080189,11099013721.493711,12881164964.386793,102940262217.98596,28885927983.805035,60244371030.93553,65253002965.09434,16708611038.427084,10504069925.05503,19236649277.523586,14722039345.794024,22321670394.777348,13010674293.742136,24402473009.253147,21553272345.911953,2375480551.317184,2607138115.0,5245749915.345913,4127985946.894654,7339877840.863975,4532711305.81761,9447251299.292454,8711305013.36478
2008-02,2.9366666666666665,2.08,2.29,2.14,23533333333.333332,11000000000.0,16000000000.0,26000000000.0,27459875666.666668,16249745000.0,17784681000.0,28900075000.0,71634410866.66667,28650780500.0,38477511000.0,58415435000.0,38583895803.04677,18408830614.135223,35581412914.363205,31731190257.07547,132601812699.80878,46429313583.36478,94094095339.48112,95517580324.37106,19499801967.12101,5297622574.080189,11099013721.493711,12881164964.386793,102940262217.98596,28885927983.805035,60244371030.93553,65253002965.09434,16708611038.427084,10504069925.05503,19236649277.523586,14722039345.794024,22321670394.777348,13010674293.742136,24402473009.253147,21553272345.911953,2375480551.317184,2607138115.0,5245749915.345913,4127985946.894654,7339877840.863975,4532711305.81761,9447251299.292454,8711305013.36478
2008-03,2.682857142857143,1.79,1.98,2.44,25142857142.857143,10000000000.0,18000000000.0,28000000000.0,26821687714.285713,10000003000.0,20566030000.0,31991694000.0,69346653357.14285,17949285000.0,38261840000.0,72406254000.0,38583895803.04677,18408830614.135223,35581412914.363205,31731190257.07547,132601812699.80878,46429313583.36478,94094095339.48112,95517580324.37106,19499801967.12101,5297622574.080189,11099013721.493711,12881164964.386793,102940262217.98596,28885927983.805035,60244371030.93553,65253002965.09434,16708611038.427084,10504069925.05503,19236649277.523586,14722039345.794024,22321670394.777348,13010674293.742136,24402473009.253147,21553272345.911953,2375480551.317184,2607138115.0,5245749915.345913,4127985946.894654,7339877840.863975,4532711305.81761,9447251299.292454,8711305013.36478
2008-04,2.8913333333333333,2.11,1.925,2.21,19133333333.333332,6000000000.0,13500000000.0,30000000000.0,20122210180.0,6000031300.0,14738331100.0,32751893800.0,53386140700.0,12640384300.0,25728837500.0,68984023800.0,17067841563.636364,5842547000.0,13407228600.0,29428870000.0,48447199090.90909,12482900000.0,24397735000.0,65661000000.0,11997712045.454546,3891417000.0,9369353600.0,19370870000.0,41923136363.63636,9560000000.0,19189950000.0,52638000000.0,4844375681.818182,1723130000.0,4018375000.0,9897000000.0,6233335454.545455,2669900000.0,5180785000.0,12737000000.0,225753836.36363637,228000000.0,19500000.0,161000000.0,290727272.72727275,253000000.0,27000000.0,286000000.0
2008-05,2.921666666666667,2.45,1.925,2.21,23611111111.11111,10500000000.0,13500000000.0,30000000000.0,23611220405.555557,16153847750.0,14738331100.0,32751893800.0,68869013300.0,30279178250.0,25728837500.0,68984023800.0,22419695327.77778,10349524500.0,13407228600.0,29428870000.0,67677488222.22222,24474855000.0,24397735000.0,65661000000.0,14865436305.555555,7788169500.0,9369353600.0,19370870000.0,55617388888.888885,21389000000.0,19189950000.0,52638000000.0,7108748633.333333,2465800000.0,4018375000.0,9897000000.0,11233043777.777779,2985300000.0,5180785000.0,12737000000.0,445510388.8888889,95555000.0,19500000.0,161000000.0,827055555.5555556,100555000.0,27000000.0,286000000.0
2008-06,2.6714285714285713,2.33,2.16,2.46,22285714285.714287,11000000000.0,19500000000.0,30000000000.0,22285837642.857143,11000016900.0,21333969250.0,32811025650.0,59105908178.57143,25612473400.0,44086447900.0,76615393150.0,21092952035.714287,10970043500.0,19370526350.0,29242307500.0,57913022571.42857,25582500000.0,42123005000.0,73046675000.0,15166239642.857143,9397222500.0,15606642850.0,21603932500.0,49524464285.71429,23715000000.0,36734000000.0,62347000000.0,5615998107.142858,1522821000.0,3660705000.0,7440875000.0,7981415428.571428,1677500000.0,5187500000.0,10119675000.0,310714285.71428573,50000000.0,103178500.0,197500000.0,407142857.14285713,190000000.0,201505000.0,580000000.0
2008-07,2.7326315789473683,1.705,2.46,2.42,22578947368.42105,7000000000.0,21000000000.0,31000000000.0,22964293252.63158,7330506500.0,23313462900.0,34415025600.0,59398348589.47369,12380845250.0,53931937900.0,78527900600.0,21277678347.36842,6914571250.0,20875472000.0,30151708000.0,57711733684.210526,11964910000.0,51493947000.0,74264583000.0,13556514552.631578,4126111250.0,13787525000.0,18728964000.0,47482473684.210526,8974000000.0,44121000000.0,61496484000.0,6620637321.052631,2737210000.0,6900422000.0,11113030000.0,9025838947.368422,2939660000.0,7135422000.0,12324600000.0,1100526473.6842105,51250000.0,187525000.0,309714000.0,1203421052.631579,51250000.0,237525000.0,443499000.0
2008-08,2.631875,2.505,2.46,2.42,25687500000.0,13500000000.0,21000000000.0,31000000000.0,26491302581.25,18532850950.0,23313462900.0,34415025600.0,67684706050.0,39214938950.0,53931937900.0,78527900600.0,24510574218.75,13408787000.0,20875472000.0,30151708000.0,65703977687.5,34090875000.0,51493947000.0,74264583000.0,15731538000.0,8354384500.0,13787525000.0,18728964000.0,53869250000.0,26588425000.0,44121000000.0,61496484000.0,8223949437.5,5005400000.0,6900422000.0,11113030000.0,10858477687.5,7395950000.0,7135422000.0,12324600000.0,555086781.25,49002500.0,187525000.0,309714000.0,976250000.0,106500000.0,237525000.0,443499000.0
2008-09,2.6404545454545456,2.51,2.025,2.1950000000000003,30136363636.363636,12000000000.0,23000000000.0,33000000000.0,30770673100.0,13467009300.0,25029322700.0,35909650450.0,80751586345.45454,31602689300.0,48467602700.0,75420217950.0,29215144800.0,11961320000.0,22860295000.0,32276220000.0,79196058045.45454,30097000000.0,46298575000.0,71786787500.0,18094103500.0,8740320000.0,16274720000.0,21365271250.0,60841977272.72727,25741000000.0,39619000000.0,58930700000.0,10272316390.90909,3156500000.0,6456525000.0,9263587500.0,16896133227.272728,4236500000.0,6518025000.0,11050587500.0,848724909.0909091,64500000.0,129050000.0,1647361250.0,1457947545.4545455,119500000.0,161550000.0,1805500000.0
2008-10,2.6980645161290324,2.265,1.9579999999999997,2.49,31322580645.16129,8000000000.0,12000000000.0,34000000000.0,32038957564.51613,8487093950.0,12265846360.0,35506961300.0,83912317987.09677,18689100950.0,24778674360.0,86115235800.0,30546591738.70968,7960428000.0,11933541400.0,33446785500.0,82419952161.29033,18162435000.0,24446369400.0,84055060000.0,19206012822.580647,4602277000.0,7970089400.0,19355480000.0,61529354838.70968,12784000000.0,18665894000.0,59925000000.0,10496914096.774193,3319151000.0,3174052000.0,14041305500.0,19499430161.29032,5322935000.0,4717975400.0,23540060000.0,843664819.3548387,39000000.0,789400000.0,50000000.0,1391167161.2903225,55500000.0,1062500000.0,590000000.0
2008-11,2.8016666666666667,2.135,3.07,2.49,30666666666.666668,15000000000.0,25000000000.0,34000000000.0,31690254616.666668,17665879750.0,29443138000.0,35506961300.0,85859773638.88889,35026681750.0,81273296500.0,86115235800.0,29779757977.77778,14867383800.0,24954841500.0,33446785500.0,83949277000.0,32228185800.0,76785000000.0,84055060000.0,17191877777.77778,9715600000.0,15639695000.0,19355480000.0,63946000000.0,24264000000.0,48788000000.0,59925000000.0,12126742838.88889,4461113800.0,8997987500.0,14041305500.0,19248084222.22222,6996685800.0,23262000000.0,23540060000.0,461137361.1111111,690670000.0,317159000.0,50000000.0,755192777.7777778,967500000.0,4735000000.0,590000000.0
2008-12,3.150714285714286,2.44,2.216666666666667,2.105,26642857142.857143,16000000000.0,27333333333.333332,37000000000.0,27959386578.57143,16480856900.0,28901477766.666668,39646149300.0,85140100092.85715,39534907300.0,62077783133.333336,80525841800.0,25661110200.0,15926599600.0,27268564966.666668,36612570000.0,82841823714.28572,38980650000.0,60444870333.333336,77492262500.0,15920625000.0,13868908000.0,17599928333.333332,24171307500.0,64302428571.42857,34341000000.0,46978607000.0,62284000000.0,9476994807.142857,2028691600.0,8785803300.0,11928262500.0,18029537142.857143,4514650000.0,12412763333.333334,14642762500.0,263490392.85714287,29000000.0,882833333.3333334,513000000.0,509858000.0,125000000.0,1053500000.0,565500000.0
2009-01,2.9904761904761905,2.33,2.21,2.105,28285714285.714287,10666666666.666666,30000000000.0,37000000000.0,29462409261.904762,11328958166.666666,32483572400.0,39646149300.0,85229659700.0,26182841000.0,68763334400.0,80525841800.0,27314101047.61905,10523798833.333334,29965038000.0,36612570000.0,83081351485.71428,25377681666.666668,66244800000.0,77492262500.0,15979602642.857143,6597989300.0,21259128000.0,24171307500.0,64680799190.47619,18598430000.0,55359000000.0,62284000000.0,11106650019.047619,3575431733.3333335,8393910000.0,11928262500.0,17920032866.666668,6345585000.0,10378800000.0,14642762500.0,227372195.23809522,350377800.0,312000000.0,513000000.0,480043238.0952381,433666666.6666667,507000000.0,565500000.0
2009-02,2.9075,2.115,2.325,2.69,31812500000.0,17500000000.0,31000000000.0,40000000000.0,32964077318.75,18391116250.0,32451424600.0,41697871400.0,93377878362.5,38286238250.0,73859707850.0,109336066400.0,30735593168.75,17456921500.0,30933709750.0,39578255000.0,91149394212.5,37352043500.0,72341993000.0,107216450000.0,16607601893.75,9791776750.0,18203684500.0,24753395000.0,68906500000.0,27461000000.0,52792000000.0,85279000000.0,12703642775.0,6326244750.0,12365782250.0,13706860000.0,20001524837.5,8276643500.0,19010750000.0,20382450000.0,1424348500.0,1338900000.0,364243000.0,1118000000.0,2241369375.0,1614400000.0,539243000.0,1555000000.0
2009-03,3.156470588235294,2.27,2.2239999999999998,2.67,31294117647.058823,14500000000.0,29200000000.0,40000000000.0,32378131535.294117,14757908850.0,30449340800.0,42019410050.0,99755399317.64706,32693454050.0,65910231400.0,108804034550.0,30300758088.235294,14436329800.0,29117314400.0,39569650500.0,97678025870.58824,32371875000.0,64578205000.0,106354275000.0,16149302794.117647,8947377800.0,17341385600.0,22400895500.0,74208058823.52942,24845000000.0,49854600000.0,79448500000.0,12754009423.529411,4671364600.0,10923230000.0,16074505000.0,21561644694.117645,6525875000.0,13501805000.0,24771525000.0,1397445870.5882354,817587400.0,852698800.0,1094250000.0,1908322352.9411764,1001000000.0,1221800000.0,2134250000.0
2009-04,3.3652631578947365,2.37,2.395,2.72,28052631578.94737,12000000000.0,26000000000.0,40000000000.0,29149772584.210526,12191025750.0,26737066300.0,41386220600.0,94553544263.1579,29388714850.0,61408862800.0,110263422700.0,26964187321.05263,11797193400.0,25846143750.0,39588797900.0,92367959000.0,28994882500.0,60517940250.0,108466000000.0,15731394184.210526,8490177000.0,16463766625.0,26041143000.0,69587947368.42105,22744530000.0,46941225000.0,85362000000.0,9642122636.842106,2865516400.0,8692206500.0,11364354900.0,18390248000.0,5110352500.0,11843513750.0,17234000000.0,1590670500.0,441500000.0,690170625.0,2183300000.0,4389763631.578947,1140000000.0,1733201500.0,5870000000.0
2009-05,3.3583333333333334,2.305,2.66,2.72,31500000000.0,18000000000.0,35000000000.0,40000000000.0,32523700733.333332,21184172500.0,41191369200.0,41386220600.0,106996713233.33333,45357946500.0,99236119200.0,110263422700.0,30661783111.11111,17903676000.0,34795260000.0,39588797900.0,105134795611.11111,42077450000.0,92840010000.0,108466000000.0,18848491777.77778,11356712500.0,19708750000.0,26041143000.0,81601555555.55556,32882500000.0,72414000000.0,85362000000.0,9127072922.222221,5788213500.0,12968510000.0,11364354900.0,17209345777.77778,7688700000.0,16033010000.0,17234000000.0,2686218411.111111,758750000.0,2118000000.0,2183300000.0,6323894277.777778,1506250000.0,4393000000.0,5870000000.0
2009-06,3.276875,2.6500000000000004,2.5599999999999996,3.065,30125000000.0,15000000000.0,32000000000.0,40000000000.0,31276662775.0,15158562800.0,32866179200.0,41270060950.0,99491755325.0,39814646050.0,82880051420.0,123799611650.0,29247103612.5,14903304250.0,31931474580.0,39510581800.0,97462196162.5,39559387500.0,81945346800.0,122040132500.0,14849522812.5,7797169000.0,14004922800.0,14038481500.0,73131250000.0,26764250000.0,54570400000.0,79860000000.0,11489029887.5,5915860250.0,16114572680.0,24329935000.0,14978150600.0,8163637500.0,21233990000.0,36036002000.0,2908550912.5,1190275000.0,1811979100.0,1142165300.0,9352795562.5,4631500000.0,6140956800.0,6144130500.0
2009-07,3.4028571428571426,2.605,2.39,2.75,31476190476.190475,11000000000.0,34000000000.0,42000000000.0,32636592309.52381,11198259575.0,34756706500.0,43052305100.0,108239712628.57143,30702592075.0,80814502000.0,116663814600.0,30577214061.904762,10885558750.0,33902526166.666668,41534490500.0,106180334380.95238,30389891250.0,79960321666.66667,115146000000.0,14746095476.190475,4970462750.0,15805532833.333334,26131402500.0,78057142857.14285,19746200000.0,55446666666.666664,91537000000.0,13125826847.619047,5123600400.0,16865536666.666666,13694954000.0,19304557857.142857,8660632000.0,21661766666.666668,20542000000.0,2705291738.095238,791495600.0,1231456666.6666667,1708134000.0,8818633666.666666,1983059250.0,2851888333.3333335,3067000000.0
2009-08,3.6470588235294117,2.515,2.7133333333333334,2.68,31705882352.941177,19000000000.0,34666666666.666664,42000000000.0,32789968470.588234,21934544100.0,37243681900.0,43263984300.0,116529356764.70589,50582136600.0,96380340566.66667,113918490300.0,30773496494.117645,18870012500.0,34518924666.666664,41419804000.0,114512884788.23529,47517605000.0,93655583333.33333,112074310000.0,17317032941.17647,9165385000.0,13032971666.666666,19527960000.0,93031058823.52942,32866000000.0,63919000000.0,81556000000.0,11659266376.470589,8804127500.0,20663529666.666668,20451844000.0,16905870847.058823,13409105000.0,28255250000.0,28026310000.0,1797197176.4705882,900500000.0,822423333.3333334,1440000000.0,4575955117.6470585,1242500000.0,1481333333.3333333,2492000000.0
2009-09,4.122857142857143,2.8449999999999998,2.736666666666667,3.23,26285714285.714287,16000000000.0,35666666666.666664,43000000000.0,27601989628.57143,16033868600.0,36100857800.0,43761663200.0,107058450592.85715,45237723600.0,97680289866.66667,139601283200.0,25195385678.57143,15917345000.0,35537467933.333336,42466030000.0,104651846642.85715,45121200000.0,97116900000.0,138305650000.0,13158264285.714285,7246600000.0,14331342266.666666,18261380000.0,83301142857.14285,30569500000.0,67596666666.666664,95562000000.0,10818703071.428572,8278365000.0,18741851666.666668,19179650000.0,16386019285.714285,13528200000.0,25659300000.0,33863650000.0,1218418321.4285715,392380000.0,2464274000.0,5025000000.0,4964684500.0,1023500000.0,3860933333.3333335,8880000000.0
2009-10,4.136315789473684,2.8333333333333335,2.9299999999999997,3.23,26157894736.842106,13000000000.0,23000000000.0,43000000000.0,27326794905.263157,13101680933.333334,23152505550.0,43761663200.0,106155236178.94737,36949982266.666664,64802479550.0,139601283200.0,25176865947.36842,12895120333.333334,22796103500.0,42466030000.0,104005307221.05263,36743421666.666664,64446077500.0,138305650000.0,13401243736.842106,6686590166.666667,9518610000.0,18261380000.0,81986105263.1579,26465100000.0,45809000000.0,95562000000.0,10416766710.526316,5522184000.0,11139335500.0,19179650000.0,13606316589.473684,8738855000.0,15246517500.0,33863650000.0,1358855500.0,686346166.6666666,2138158000.0,5025000000.0,8412885368.421053,1539466666.6666667,3390560000.0,8880000000.0
2009-11,3.897692307692308,2.535,2.836,3.395,30076923076.923077,20500000000.0,37200000000.0,44000000000.0,31494466607.692307,23048849000.0,38994207820.0,45203271700.0,118683765969.23077,55691208550.0,107722242420.0,150632953150.0,28980100207.692307,20383165450.0,37075405400.0,43473378550.0,116169399569.23077,53025525000.0,105803440000.0,148903060000.0,15876783153.846153,9476215500.0,12465273000.0,17432898000.0,93837384615.38461,37207675000.0,71113540000.0,101589500000.0,11519095169.23077,9380797650.0,22689932400.0,19341822500.0,14819879569.23077,13214850000.0,29924500000.0,37218060000.0,1584221884.6153846,1526152300.0,1920200000.0,6698658050.0,7512135384.615385,2603000000.0,4765400000.0,10095500000.0
2009-12,4.161052631578947,2.535,2.763333333333333,2.91,26263157894.736843,17000000000.0,38000000000.0,44000000000.0,27564164700.0,17091460350.0,38802794866.666664,45304092700.0,104923167052.63158,43538032850.0,105778097533.33333,129332932700.0,25422288410.526318,16968357500.0,37888048000.0,43627860000.0,102781290763.1579,43414930000.0,104863350666.66667,127656700000.0,13446294131.578947,9316223000.0,15988849166.666666,19954360000.0,81167789473.6842,30982000000.0,73971666666.66667,92180000000.0,10384672552.631578,6263603500.0,18984480666.666668,15179500000.0,15645698921.052631,10058930000.0,25884017333.333332,23437700000.0,1591321726.3157895,1388531000.0,2914718166.6666665,8494000000.0,5967802368.421053,2374000000.0,5007666666.666667,12039000000.0
2010-01,4.677692307692308,2.776666666666667,2.98,2.91,20615384615.384617,14666666666.666666,40000000000.0,44000000000.0,22032852484.615383,15236152500.0,41553284000.0,45304092700.0,92854744407.6923,41993573500.0,120569364000.0,129332932700.0,19503151461.53846,14514519000.0,39918320000.0,43627860000.0,90325043384.61539,41271940000.0,118934400000.0,127656700000.0,9286274230.76923,7900886333.333333,15406200000.0,19954360000.0,70048692307.6923,29162433333.333332,82866000000.0,92180000000.0,8527583830.769231,5096186800.0,15170120000.0,15179500000.0,13307504923.076923,8662806666.666666,20839400000.0,23437700000.0,1689293400.0,1517445866.6666667,9342000000.0,8494000000.0,6968846153.846154,3446700000.0,15229000000.0,12039000000.0
2010-02,4.212,2.4933333333333336,2.8266666666666667,3.13,24466666666.666668,16333333333.333334,38000000000.0,44000000000.0,25695266100.0,17868077966.666668,39899268300.0,44717037600.0,101120391240.0,42940009400.0,109336798300.0,138261582600.0,23521591660.0,16216381900.0,37888495000.0,43494455000.0,98946716800.0,41288313333.333336,107326025000.0,137039000000.0,12886900066.666666,8314625166.666667,14625568333.333334,20057085000.0,77910333333.33333,28871333333.333332,72992000000.0,94501000000.0,7681955500.0,5377679600.0,19628229833.333332,18751975000.0,10553990133.333334,7601980000.0,24579091666.666668,32042000000.0,2952736093.3333335,2524077133.3333335,3634696833.3333335,4685395000.0,10482393333.333334,4815000000.0,9754933333.333334,10496000000.0
2010-03,4.20764705882353,3.17,2.804,3.165,27705882352.941177,17000000000.0,37600000000.0,44000000000.0,28789990211.764706,17201136800.0,38559047020.0,45284959000.0,117356169111.76471,55242818400.0,106253562920.0,140634026750.0,26921192235.294117,16904213400.0,37485162100.0,43538132250.0,115487371135.29411,54945895000.0,105179678000.0,138887200000.0,15775704176.470589,7942005000.0,16989312800.0,19514416250.0,91156058823.52942,36847100000.0,73126400000.0,94330000000.0,8098656188.235294,5211653000.0,16077274300.0,19234184000.0,11985723782.352942,10610295000.0,20435186000.0,29348200000.0,3046831870.5882354,3750555400.0,4418575000.0,4789532000.0,12345588529.411764,7488500000.0,11618092000.0,15209000000.0
2010-04,4.208695652173913,3.2933333333333334,2.955,3.03,25173913043.47826,14000000000.0,31250000000.0,44000000000.0,26080577421.739132,15024945400.0,32435367000.0,44938632800.0,105391652460.86957,48028075233.333336,92274941475.0,134068847800.0,24333272056.52174,13922243566.666666,31108882300.0,43531285000.0,103644347095.65218,46925373400.0,90948456775.0,132661500000.0,13415376086.956522,5902566333.333333,11502143750.0,20704660000.0,80360869565.21739,29407133400.0,59680750025.0,93473000000.0,7083372926.086957,5582536300.0,15710075250.0,13511625000.0,10563352573.913044,10944906666.666666,21136206750.0,19941500000.0,3834523043.478261,2437140933.3333335,3896663300.0,9315000000.0,12720124956.52174,6573333333.333333,10131500000.0,19247000000.0
2010-05,4.289411764705882,2.7800000000000002,3.27,3.03,26352941176.47059,20000000000.0,38000000000.0,44000000000.0,27437129988.235294,21743099950.0,41311863500.0,44938632800.0,113682965841.17647,58062020100.0,127428683500.0,134068847800.0,25490429223.52941,19916604850.0,37773880000.0,43531285000.0,111736265076.47058,56235525000.0,123890700000.0,132661500000.0,14479959147.058823,7605450250.0,12361080000.0,20704660000.0,87788058823.52942,35643500000.0,82437000000.0,93473000000.0,6671776747.058824,7589952850.0,19166800000.0,13511625000.0,10052088605.882353,12069775000.0,26227700000.0,19941500000.0,4338693329.411765,4721201750.0,6246000000.0,9315000000.0,13896117647.058823,8522250000.0,15226000000.0,19247000000.0
2010-06,4.327222222222222,3.055,2.882,3.1900000000000004,27333333333.333332,17000000000.0,35000000000.0,41000000000.0,28357202022.22222,17098138800.0,35743852900.0,42035446400.0,119140101027.77777,52800805050.0,101220244180.0,131618103900.0,26663374300.0,16963883750.0,34919653520.0,40541642500.0,117446273305.55556,52666550000.0,100396044800.0,130124300000.0,14624486111.11111,7689880000.0,15019767900.0,17463475000.0,92657000000.0,34631400000.0,67516300000.0,88219250000.0,8101551827.777778,6544143750.0,15430131520.0,15714342500.0,11462412194.444445,10961500000.0,21170994800.0,23638050000.0,3937336361.111111,2729860000.0,4469754100.0,7363825000.0,13326861111.11111,7073650000.0,11708750000.0,18267000000.0
2010-07,4.221818181818182,2.953333333333333,3.2,3.1900000000000004,29000000000.0,15333333333.333334,35000000000.0,41000000000.0,30107711263.636364,15337707233.333334,35009987100.0,42035446400.0,122944446190.90909,45737632300.0,111840210100.0,131618103900.0,28079625659.090908,15262731600.0,34940227000.0,40541642500.0,120916360586.36363,45662656666.666664,111770450000.0,130124300000.0,14927958636.363636,7135970800.0,15760547500.0,17463475000.0,94320363636.36363,30599633333.333332,79865000000.0,88219250000.0,9359140000.0,6579340300.0,14195529500.0,15714342500.0,13726610586.363636,10330590000.0,20938450000.0,23638050000.0,3792527022.7272725,1547420500.0,4984150000.0,7363825000.0,12869386363.636364,4732433333.333333,10967000000.0,18267000000.0
2010-08,4.365555555555556,2.8633333333333333,2.992,3.225,29444444444.444443,15666666666.666666,33000000000.0,37500000000.0,30468647116.666668,16522252700.0,34158977720.0,38576941500.0,128859164238.88889,46437090200.0,100059737360.0,122083925250.0,28612799833.333332,15577562500.0,32885467360.0,37011066250.0,127003316955.55556,45492400000.0,98786227000.0,120518050000.0,17177921944.444445,6104877833.333333,13750479100.0,20783071250.0,102507222222.22223,28660000000.0,65770600000.0,87595500000.0,7857145638.888889,6989380333.333333,15590212500.0,11494571250.0,11103241094.444445,11098766666.666666,21393516000.0,17817300000.0,3577732250.0,2483304333.3333335,3544775760.0,4733423750.0,13392853638.88889,5733633333.333333,11622111000.0,15105250000.0
2010-09,4.4523809523809526,2.9133333333333336,3.0700000000000003,3.78,28238095238.095238,14666666666.666666,32333333333.333332,36000000000.0,29296066757.142857,14825356233.333334,33124493366.666668,37134262500.0,126322866780.95238,43778570566.666664,100030619766.66667,137381137500.0,27348549028.57143,14627801500.0,32269940266.666668,35570425000.0,124375349052.38095,43581015833.333336,99176066666.66667,135817300000.0,15770413809.52381,6770319000.0,13351263333.333334,17851500000.0,100058333333.33333,29787016666.666668,66496000000.0,96728000000.0,8288237671.428572,6930867500.0,15331811000.0,13884925000.0,12013658576.190475,10080665833.333334,21088566666.666668,24603000000.0,3289897547.6190476,926615000.0,3586865933.3333335,3834000000.0,12303357142.857143,3713333333.3333335,11591500000.0,14486300000.0
2010-10,4.66,2.74,2.895,3.78,26352941176.47059,17000000000.0,21000000000.0,36000000000.0,27436897864.705883,17149412150.0,21140632850.0,37134262500.0,123585397688.23529,47713392150.0,61495215800.0,137381137500.0,25508195564.705883,16986095500.0,20944967050.0,35570425000.0,121656695388.23529,47550075500.0,61299550000.0,135817300000.0,14796637058.82353,8821573000.0,12298734750.0,17851500000.0,96237352941.17647,32149000000.0,44470000000.0,96728000000.0,7766170617.6470585,6456590250.0,6585253800.0,13884925000.0,11560935858.82353,9574875000.0,10011550000.0,24603000000.0,2945387888.2352943,1707932250.0,2060978500.0,3834000000.0,13858406588.235294,5826200500.0,6818000000.0,14486300000.0
2010-11,4.574705882352941,2.6733333333333333,2.884,3.5650000000000004,26529411764.705883,16666666666.666666,32000000000.0,35000000000.0,27613494329.411766,17113578200.0,32938422080.0,36048422900.0,122375227670.58824,44839413200.0,93121486560.0,125907081900.0,25681656794.117645,16606348333.333334,31934520520.0,34686166000.0,120443390135.29411,44332183333.333336,92117585000.0,124544825000.0,14872377058.82353,6743763666.666667,15786462100.0,15862427500.0,95632176470.58824,27857333333.333332,61102800000.0,84481000000.0,7667015717.6470585,8468933333.333333,12543555400.0,13570321000.0,10399151900.0,10867933333.333334,18295780000.0,22742825000.0,3142264017.647059,1393651333.3333333,3604503020.0,5253417500.0,14412061764.705883,5606916666.666667,12719005000.0,17321000000.0
2010-12,4.492272727272727,2.83,2.793333333333333,3.71,26136363636.363636,17000000000.0,32000000000.0,35000000000.0,27259907900.0,17247293950.0,33224516833.333332,36754518900.0,118211956527.27272,48743471450.0,90317126166.66667,131624463900.0,25366781927.272728,16971912500.0,31954015666.666668,34727660000.0,116318830554.54546,48468090000.0,89046625000.0,129597605000.0,14237610409.09091,7385141750.0,14622564000.0,19995575000.0,91127136363.63637,30830500000.0,57975666666.666664,85452000000.0,7861706790.909091,7861666500.0,14246451666.666666,7839730000.0,10929631918.181818,10810090000.0,18572958333.333332,25037605000.0,3267464727.2727275,1725104250.0,3085000000.0,6892355000.0,14262062272.727272,6827500000.0,12498000000.0,19108000000.0
2011-01,4.70235294117647,2.78,2.9600000000000004,3.47,26470588235.294117,15666666666.666666,32000000000.0,35000000000.0,27554865723.52941,16001396800.0,32658909533.333332,35697586000.0,125270816200.0,45298665966.666664,95456737033.33333,122058722000.0,25655096900.0,15597437500.0,31960414166.666668,34693864000.0,123371047376.47058,44894706666.666664,94758241666.66667,121055000000.0,15662651176.470589,7365277500.0,14104983333.333334,20168464000.0,97386294117.64706,28363833333.333332,62103000000.0,81863000000.0,6290990429.411765,7002756666.666667,14464951666.666666,9358500000.0,10086929729.411764,9733873333.333334,19602908333.333332,22098000000.0,3701455294.117647,1229403333.3333333,3390479166.6666665,5166900000.0,15897823529.411764,6797000000.0,13052333333.333334,17094000000.0
2011-02,4.462857142857143,2.76,2.853333333333333,3.03,31428571428.57143,16333333333.333334,32000000000.0,35000000000.0,32745441592.857143,16804090333.333334,33416643200.0,36922671800.0,141149287278.57144,47365273800.0,92576135866.66667,108126951800.0,30458284242.857143,16251656533.333334,31937254000.0,34646720000.0,138862129928.57144,46812840000.0,91096746666.66667,105851000000.0,18482247857.142857,6074696866.666667,17827381666.666668,21427480000.0,112874642857.14285,29765000000.0,65217000000.0,75169000000.0,8680121850.0,9605826333.333334,11708476000.0,10858240000.0,12600811000.0,13403400000.0,16726746666.666666,19351000000.0,3295914535.714286,571133333.3333334,2401396333.3333335,2361000000.0,13386676071.428572,3644440000.0,9153000000.0,11331000000.0
2011-03,4.572777777777778,3.1033333333333335,2.9333333333333336,3.16,31277777777.77778,15000000000.0,32000000000.0,35000000000.0,32436086711.11111,15164460433.333334,32956704633.333332,36569643000.0,139535974672.22223,47379091266.666664,94804265633.33333,112308643000.0,30363643911.11111,14948135833.333334,31911105666.666668,34612770000.0,137463531872.22223,47162766666.666664,93758666666.66667,110351770000.0,18327489722.22222,7586387000.0,15099880000.0,18593500000.0,112370895833.33333,31506066666.666668,65567000000.0,75605000000.0,8344001227.777778,6377028800.0,13354009000.0,11411020000.0,9839636038.88889,11108200000.0,16522000000.0,16617770000.0,3692152961.111111,984720033.3333334,3457216666.6666665,4608250000.0,15253000000.0,4548500000.0,11669666666.666666,18129000000.0
2011-04,4.445384615384615,2.98,2.91,3.16,31230769230.76923,17000000000.0,23000000000.0,35000000000.0,32648315907.692307,17836873200.0,23787675500.0,36569643000.0,140081677553.84616,52137337700.0,70794675500.0,112308643000.0,30151870623.076923,16964010500.0,22896375000.0,34612770000.0,137585232269.23077,51264475000.0,69903375000.0,110351770000.0,17467789615.384617,8142865000.0,13168957500.0,18593500000.0,110623461538.46153,33809500000.0,48280500000.0,75605000000.0,9404692123.076923,7506720500.0,8114305000.0,11411020000.0,10935963038.461538,10653550000.0,12887375000.0,16617770000.0,3279388884.6153846,1314425000.0,1613112500.0,4608250000.0,16025807692.307692,6801425000.0,8735500000.0,18129000000.0
2011-05,4.8878571428571425,2.6966666666666668,3.0260000000000002,3.26,25357142857.142857,17000000000.0,32000000000.0,35000000000.0,26673447485.714287,17308635100.0,33884965500.0,37577115700.0,122016403150.0,47011999933.333336,98786698640.0,116665757550.0,24439028221.42857,16926463500.0,31957641860.0,34770338150.0,119781983885.71428,46629828333.333336,96859375000.0,113858980000.0,14154527035.714285,8685163500.0,15156678600.0,17097991000.0,97081000000.0,31902000000.0,65894400000.0,78146850000.0,7619156114.285714,6995693333.333333,13204053400.0,12018049650.0,9082044742.857143,9345928333.333334,18797575000.0,18871630000.0,2665345071.428571,1245606666.6666667,3596909860.0,5654297500.0,13618939142.857143,5381900000.0,12167400000.0,16840500000.0
2011-06,4.729444444444444,2.9599999999999995,2.83,3.08,25444444444.444443,13666666666.666666,32000000000.0,35000000000.0,26798189077.77778,13741809466.666666,32686853633.333332,36126970000.0,121124325733.33333,41115639900.0,91177328500.0,108957267500.0,24650216422.22222,13645756233.333334,31975182133.333332,34851312500.0,118976353077.77777,41019586666.666664,90465657000.0,107681610000.0,14264577166.666666,6307346833.333333,17379462000.0,22468375000.0,96171444444.44444,26852666666.666668,64655000000.0,80138000000.0,7678522755.555555,5745204733.333333,11290523466.666666,7668470000.0,8988075411.11111,8269836666.666667,14439990333.333334,11017610000.0,2707116500.0,1593204666.6666667,3305196666.6666665,4714467500.0,13816833222.222221,5897083333.333333,11370666666.666666,16526000000.0
2011-07,4.902666666666667,2.8633333333333333,3.22,3.08,22866666666.666668,15666666666.666666,32000000000.0,35000000000.0,24095367853.333332,15666675100.0,32000022700.0,36126970000.0,109581993526.66667,45677653166.666664,103007950200.0,108957267500.0,21902768666.666668,15621330266.666666,31935822500.0,34851312500.0,107389394340.0,45632308333.333336,102943750000.0,107681610000.0,12536313133.333334,6746548666.666667,15644152500.0,22468375000.0,86528000000.0,29442333333.333332,70762000000.0,80138000000.0,7075052733.333333,6362938733.333333,11024872500.0,7668470000.0,8537634340.0,9350475000.0,19268750000.0,11017610000.0,2291402800.0,2511842866.6666665,5266797500.0,4714467500.0,12323760000.0,6839500000.0,12913000000.0,16526000000.0
2011-08,4.510666666666666,2.6500000000000004,2.75,3.29,27466666666.666668,20000000000.0,28666666666.666668,35000000000.0,28695411633.333332,20612445150.0,29535057866.666668,36056402050.0,124055706380.0,55963481850.0,80568960583.33333,116246982050.0,26828806513.333332,19947413300.0,28611257283.333332,34861370000.0,122189101260.0,55298450000.0,79645160000.0,115051950000.0,16934065600.0,9403679000.0,12714590000.0,18262257500.0,99996866666.66667,35071500000.0,52966000000.0,82259250000.0,7321420746.666667,5198769500.0,12480093950.0,10338700000.0,9472363393.333334,9585450000.0,15175743333.333334,16553700000.0,2573320166.6666665,5344964800.0,3416573333.3333335,6260412500.0,12719871200.0,10641500000.0,11503416666.666666,16239000000.0
2011-09,4.934444444444444,2.83,3.0700000000000003,3.76,27611111111.11111,15000000000.0,32000000000.0,35000000000.0,28846037972.22222,15114175966.666666,32664221433.333332,36089771300.0,137388312872.22223,43268874300.0,98892423166.66667,132829471300.0,26745121605.555557,14977032333.333334,31973281600.0,34795600000.0,135287396505.55556,43131730666.666664,98201483333.33333,131535300000.0,16130381555.555555,5940308333.333333,14746865666.666666,17776950000.0,109052777777.77777,27858333333.333332,66943666666.666664,95724000000.0,8042490327.777778,6207392533.333333,13178795933.333334,12787062500.0,13030823950.0,8666397333.333334,18313983333.333332,19158300000.0,2572249722.2222223,2829331466.6666665,4047620000.0,4231587500.0,13203794777.777779,6607000000.0,12943833333.333334,16653000000.0
2011-10,4.852142857142858,2.953333333333333,2.9299999999999997,3.64,27071428571.42857,13666666666.666666,32000000000.0,35000000000.0,28388146128.57143,13755401200.0,32811146000.0,36330750700.0,131091331307.14285,40022253533.333336,94860696066.66667,128751190700.0,26206916542.857143,13653824333.333334,31976516600.0,34801560000.0,128910101721.42857,39920676666.666664,94026066666.66667,127222000000.0,17402538928.57143,6609881333.333333,15726783333.333334,18295080000.0,109619500000.0,28024833333.333332,67962666666.666664,92065000000.0,6797275650.0,4697552166.666667,13047399933.333334,13651000000.0,8889774721.428572,7598841666.666667,16682400000.0,21359000000.0,2007101964.2857144,2346390833.3333335,3202333333.3333335,2855480000.0,10400827000.0,4297001666.666667,9381000000.0,13798000000.0
2011-11,4.642307692307693,2.56,3.2533333333333334,4.07,29923076923.076923,17000000000.0,32000000000.0,35000000000.0,31341088838.46154,18186366866.666668,33782871533.333332,36586067300.0,140031941084.6154,44744718700.0,105837529266.66667,144076507300.0,29222455830.76923,16978989833.333334,31967750600.0,34827060000.0,137913308076.92307,43537341666.666664,104022408333.33333,142317500000.0,17937756923.076923,8521369833.333333,13659865666.666666,16203440000.0,115261923076.92308,30593833333.333332,71019333333.33333,94417000000.0,9232388715.384615,6530461666.666667,13255845833.333334,14709820000.0,12468375692.307692,8409741666.666667,19757241666.666668,25214500000.0,2052310192.3076923,1927158333.3333333,5052039100.0,3913800000.0,10183009307.692308,4533766666.666667,13245833333.333334,22686000000.0
2011-12,5.3725,3.29,3.315,4.07,29375000000.0,17000000000.0,22000000000.0,35000000000.0,30922529537.5,17622199050.0,22585603950.0,36586067300.0,161537442593.75,57543080850.0,76622025200.0,144076507300.0,28417149350.0,16973203200.0,21946578750.0,34827060000.0,159032062406.25,56894085000.0,75983000000.0,142317500000.0,18941423375.0,6119501000.0,11098422500.0,16203440000.0,126049562500.0,36421750000.0,54070500000.0,94417000000.0,7444483550.0,8596944800.0,9166156250.0,14709820000.0,20960468656.25,14104960000.0,14752500000.0,25214500000.0,2031242425.0,2256757400.0,1682000000.0,3913800000.0,12022031250.0,6367375000.0,7160000000.0,22686000000.0
2012-01,4.906153846153846,2.9333333333333336,3.034,3.6,28384615384.615383,16333333333.333334,32000000000.0,35000000000.0,29802986176.923077,17231837733.333332,33109684180.0,35896125500.0,140695681976.92307,49694272366.666664,98591880300.0,126875487900.0,27423924700.0,16266418700.0,31971716880.0,34819122600.0,138316620500.0,48728853333.333336,97453913000.0,125798485000.0,18501841153.846153,8220894166.666667,15206240080.0,21327270000.0,114916923076.92308,33223000000.0,68355800000.0,93129000000.0,6920760238.461538,5854960166.666667,13310436500.0,9494411000.0,10658928192.307692,9346320000.0,18581713000.0,15096485000.0,2001323307.6923077,2190564366.6666665,3455040300.0,3997441600.0,12740769230.76923,6159533333.333333,10516400000.0,17573000000.0
2012-02,4.477142857142857,2.66,3.1,3.54,32000000000.0,16333333333.333334,32000000000.0,35000000000.0,33316670321.42857,18001665100.0,33603497066.666668,35496956000.0,143945124592.85715,46638747466.666664,100595550466.66667,124421816000.0,31332782935.714287,16264165966.666666,31969413266.666668,34832549000.0,141961237207.14285,44901248333.333336,98961466666.66667,123757409000.0,21022957500.0,7793316333.333333,15833792500.0,19036102500.0,120054642857.14285,30868000000.0,69158333333.33333,90840000000.0,7630030828.571428,5856948133.333333,11866206433.333334,12485589000.0,9160112207.142857,8881948333.333334,18089800000.0,18782409000.0,2679794607.142857,2613901500.0,4269414333.3333335,3310857500.0,12746482142.857143,5151300000.0,11713333333.333334,14135000000.0
2012-03,4.481764705882353,2.9166666666666665,3.44,3.54,32764705882.35294,15666666666.666666,32000000000.0,35000000000.0,33991249588.235294,16453661333.333334,34221947500.0,35496956000.0,146886181247.05884,47337765666.666664,112171185000.0,124421816000.0,32011680470.588234,15642426333.333334,31966062500.0,34832549000.0,144906612129.41177,46526530666.666664,109915300000.0,123757409000.0,20643928235.294117,7038166666.666667,18064662500.0,19036102500.0,121480588235.29411,31897833333.333332,81481000000.0,90840000000.0,8319552117.6470585,5701080666.666667,11058400000.0,12485589000.0,10123140070.588236,8482197333.333333,15491300000.0,18782409000.0,3048200117.647059,2903179000.0,2843000000.0,3310857500.0,13302883823.529411,6146500000.0,12943000000.0,14135000000.0
2012-04,4.5346153846153845,2.92,2.905,3.7249999999999996,29384615384.615383,17000000000.0,29333333333.333332,35000000000.0,30802258346.153847,20093299150.0,30915272083.333332,35885790700.0,134761368138.46153,53389571900.0,87884135683.33333,131332645050.0,28551861615.384617,16993102250.0,29290575566.666668,34824682150.0,132510971407.6923,50289375000.0,86259439166.66667,130271536500.0,17445182538.46154,8936374250.0,13715929066.666666,18169919850.0,110160230769.23077,35012000000.0,61228666666.666664,94330000000.0,8499003192.307693,6033027000.0,12210255000.0,11564662300.0,10356532946.153847,9473750000.0,15206439166.666666,17514536500.0,2607675884.6153846,2023701000.0,3364391500.0,5090100000.0,11994207692.307692,5803625000.0,9824333333.333334,18427000000.0
2012-05,4.76235294117647,2.8800000000000003,3.1466666666666665,3.95,28705882352.941177,17666666666.666668,32000000000.0,35000000000.0,30139289182.35294,18501003533.333332,32667663933.333332,35000803300.0,138020111941.17648,51608124133.333336,101576704266.66667,138280626300.0,27948584641.17647,17644906066.666668,31951991333.333332,34814977000.0,135829407400.0,50752026666.666664,100861031666.66667,138094800000.0,19609081617.64706,7834755833.333333,15592725000.0,20022030000.0,116301588235.29411,33964666666.666668,71855666666.66667,104934000000.0,5885692552.941176,7084889866.666667,12885438333.333334,11667132500.0,8506795870.588235,10423693333.333334,16685365000.0,16942800000.0,2453810470.5882354,2725260366.6666665,3473828000.0,3125814500.0,11021023294.117647,6363666666.666667,12320000000.0,16218000000.0
2012-06,4.603846153846154,2.6999999999999997,3.53,3.95,28692307692.307693,13666666666.666666,32000000000.0,35000000000.0,30109944484.615383,14466869333.333334,34259567800.0,35000803300.0,133556939307.6923,38783144700.0,115315142800.0,138280626300.0,27915515261.53846,13656844633.333334,31972625000.0,34814977000.0,131362510084.61539,37973120000.0,113028200000.0,138094800000.0,20253128692.307693,5360858166.666667,19474312500.0,20022030000.0,115142384615.38461,25617700000.0,87320000000.0,104934000000.0,5527422223.076923,5145153133.333333,8647200000.0,11667132500.0,6417048546.153846,7181586666.666667,12250200000.0,16942800000.0,2134964346.1538463,3150833333.3333335,3851112500.0,3125814500.0,9803076923.076923,5173833333.333333,13458000000.0,16218000000.0
2012-07,4.680769230769231,2.9766666666666666,2.8240000000000003,3.81,28692307692.307693,16333333333.333334,32000000000.0,35000000000.0,28692951046.153847,16333525133.333334,32130754100.0,35178740700.0,134044955669.23077,50086151466.666664,90439619200.0,133529077700.0,27692837138.46154,16285507000.0,31951608900.0,34709199400.0,133044841761.53847,50038133333.333336,90260474000.0,133059536400.0,19193241153.846153,4816202333.333333,16937499000.0,20756540000.0,115116000000.0,30591000000.0,65839600000.0,102152500000.0,6399367446.153846,6623904666.666667,12468324900.0,10854539400.0,8559687915.384615,10705466666.666666,15624774000.0,15947586400.0,2100228538.4615386,4845400000.0,2545785000.0,3098120000.0,9369153846.153847,8741666666.666666,8796100000.0,14959450000.0
2012-08,4.582631578947368,2.45,3.085,3.94,31052631578.94737,20000000000.0,27500000000.0,35000000000.0,31053372373.68421,20000026600.0,27500044850.0,35000091200.0,139618699663.1579,49145925900.0,84840471725.0,137972842300.0,30332793978.94737,19950150700.0,27434373125.0,34695548900.0,138898121268.42105,49096050000.0,84774800000.0,137668300000.0,20784004631.57895,10922849500.0,14166926875.0,21378170000.0,117995210526.3158,34718000000.0,62205500000.0,102170000000.0,7195281610.526316,7789148600.0,9809110000.0,7738378900.0,10279963373.68421,9884050000.0,13183050000.0,17734300000.0,2353507736.8421054,1238152600.0,3458336250.0,5579000000.0,10622947368.421053,4494000000.0,9386250000.0,17764000000.0
2012-09,4.542857142857143,2.6300000000000003,3.94,3.94,32857142857.142857,15666666666.666666,32000000000.0,35000000000.0,32857743535.714287,15666687800.0,32000079000.0,35000091200.0,147624096428.57144,41814115800.0,125953478200.0,137972842300.0,32092146450.0,15648987000.0,31869800800.0,34695548900.0,146858499342.85715,41796415000.0,125823200000.0,137668300000.0,22347803964.285713,7870089166.666667,15872092900.0,21378170000.0,126154428571.42857,29483333333.333332,94044000000.0,102170000000.0,7176302985.714286,6100064500.0,11731707900.0,7738378900.0,9287999342.857143,7058915000.0,15536200000.0,17734300000.0,2568039500.0,1678833333.3333333,4266000000.0,5579000000.0,11416071428.571428,5254166666.666667,16243000000.0,17764000000.0
2012-10,4.541538461538462,2.856666666666667,2.984,3.8099999999999996,32692307692.307693,13666666666.666666,32000000000.0,35000000000.0,32692899153.846153,13666710566.666666,32000032300.0,35000066350.0,146976288107.69232,40168802633.333336,95847185300.0,133266378350.0,31969770746.153847,13655654600.0,31950937000.0,34728388000.0,146253159700.0,40157746666.666664,95798090000.0,132994700000.0,21055036923.076923,5943991133.333333,14677984800.0,14524555000.0,125406538461.53847,27389666666.666668,68404200000.0,95535000000.0,8168283246.153846,5186208400.0,11974520600.0,10538763000.0,10169786238.461538,6554080000.0,14611110000.0,16881700000.0,2746450576.923077,2525455066.6666665,5298431600.0,9665070000.0,10676835000.0,6214000000.0,12782780000.0,20578000000.0
2012-11,4.676842105263158,2.6266666666666665,3.0366666666666666,4.07,30526315789.473682,17666666666.666668,32000000000.0,35000000000.0,30526918015.789474,17666678133.333332,32000057300.0,35000071500.0,141308003742.10526,46418376500.0,97240084166.66667,142354108800.0,29940260873.68421,17646056633.333332,31939723133.333332,34749362700.0,140721346600.0,46397755000.0,97179750000.0,142103400000.0,19811228026.31579,7725837633.333333,14095061666.666666,14573155000.0,120292263157.89473,32010333333.333332,69750666666.66667,104626000000.0,7603997321.052631,7682428700.0,11725544800.0,11960073200.0,9877597863.157894,9342755000.0,13229750000.0,18016400000.0,2525035526.3157897,2237790300.0,6119116666.666667,8216134500.0,10551485578.947369,5044666666.666667,14199333333.333334,19461000000.0
2012-12,4.612666666666667,2.725,2.875,3.59,30666666666.666668,17000000000.0,27500000000.0,35000000000.0,30667400106.666668,17000024700.0,27500034225.0,35000165000.0,138244279953.33334,47214263450.0,79788567225.0,125660800000.0,30028562700.0,16984831250.0,27436159500.0,34777565000.0,137605442546.66666,47199070000.0,79724692500.0,125438200000.0,20099678000.0,6464023750.0,11577641250.0,18733775000.0,118453333333.33333,32299000000.0,56405500000.0,98003000000.0,7211806166.666667,4723957500.0,9182680000.0,6155277000.0,8268375880.0,5752820000.0,11079442500.0,9142200000.0,2717078533.3333335,5796850000.0,6675838250.0,9888513000.0,10883733333.333334,9147250000.0,12239750000.0,18293000000.0
2013-01,4.7575,2.77,3.033333333333333,3.77,31250000000.0,16333333333.333334,32000000000.0,35000000000.0,31250433843.75,16333335633.333334,32000026666.666668,35000111200.0,148003789393.75,45383444600.0,97423813500.0,131783486200.0,30538800481.25,16304903533.333334,31943379833.333332,34732725000.0,147292156031.25,45355012500.0,97367166666.66667,131516100000.0,20496646562.5,7701999166.666667,13933170000.0,18061165000.0,127853125000.0,31084333333.333332,67640333333.333336,92001000000.0,7635284512.5,6285135866.666667,11336773000.0,6255100000.0,8476031031.25,8501679166.666667,15252366666.666666,17532100000.0,2406869406.25,2317768500.0,6673436833.333333,10416460000.0,10963000000.0,5769000000.0,14474466666.666666,21983000000.0
2013-02,4.5633333333333335,2.6300000000000003,3.03,3.33,35666666666.666664,16333333333.333334,32000000000.0,35000000000.0,35667404080.0,16333397733.333334,32000029233.333332,35000121300.0,161739246513.33334,43485907400.0,97153102400.0,116463818300.0,35069802286.666664,16306170666.666666,31941525166.666668,34745648000.0,161141644720.0,43458680333.333336,97094598333.33333,116209345000.0,23562241000.0,7374206666.666667,15654405833.333334,16126760000.0,137908666666.66666,29911333333.333332,67558333333.333336,83805000000.0,9109795853.333334,5805297333.333333,10006557666.666666,7644508000.0,11237048053.333334,7747347000.0,14442265000.0,9708345000.0,2397765433.3333335,3126666666.6666665,6280561666.666667,10974380000.0,11995930000.0,5800000000.0,15094000000.0,22696000000.0
2013-03,4.692142857142857,2.7866666666666666,3.51,3.33,35357142857.14286,15666666666.666666,32000000000.0,35000000000.0,35357826735.71429,15666685466.666666,32000042200.0,35000121300.0,164078321571.42856,44725545666.666664,112237249700.0,116463818300.0,34733002142.85714,15650914800.0,31848142500.0,34745648000.0,163453496978.57144,44709775000.0,112085350000.0,116209345000.0,22819619285.714287,5717262500.0,17848292500.0,16126760000.0,139255357142.85715,29373333333.333332,83707000000.0,83805000000.0,9208776964.285715,7373318966.666667,6556850000.0,7644508000.0,12165925550.0,9686108333.333334,11197350000.0,9708345000.0,2704605892.857143,2560333333.3333335,7443000000.0,10974380000.0,12032214285.714285,5650333333.333333,17181000000.0,22696000000.0
2013-04,4.694615384615385,2.64,2.7133333333333334,3.45,35000000000.0,17000000000.0,29666666666.666668,35000000000.0,35000685269.23077,17000010850.0,29666733766.666668,35000256150.0,162967249961.53845,45510015100.0,81863187183.33333,120711557150.0,34382720915.38461,16992945750.0,29623417416.666668,34731249000.0,162349285607.69232,45502950000.0,81819870833.33333,120442550000.0,23376714076.923077,6730351000.0,13616760700.0,18957297500.0,140812769230.76923,31520000000.0,57212833333.333336,87744500000.0,8251943030.769231,5960476000.0,11223631066.666666,7169004000.0,10240510530.76923,7305700000.0,13141204166.666666,12669550000.0,2754063807.6923075,4302118750.0,4783025650.0,8604947500.0,11296005846.153847,6677250000.0,11465833333.333334,20028500000.0
2013-05,4.8635294117647065,2.5833333333333335,2.956666666666667,3.04,28058823529.411766,17666666666.666668,32000000000.0,35000000000.0,28059557288.235294,17666703300.0,32000039533.333332,35000060600.0,134595779164.70589,45991884333.333336,94746593433.33333,106419860600.0,27345473617.64706,17646518966.666668,31933177766.666668,34741100000.0,133881695494.11765,45971700000.0,94679731666.66667,106160900000.0,18076732264.705883,7706233000.0,13326278333.333334,22745200000.0,114873000000.0,32012833333.333332,65621166666.666664,82300000000.0,7004464147.058824,7230798833.333333,12339336100.0,7617900000.0,8541785788.235294,8534783333.333333,15332398333.333334,8692900000.0,2264277205.882353,2709487133.3333335,6267563333.333333,4378000000.0,10466909705.882353,5424083333.333333,13726166666.666666,15168000000.0
2013-06,4.600714285714285,2.4933333333333336,2.95,3.04,28571428571.42857,13666666666.666666,32000000000.0,35000000000.0,28572229278.57143,13666674600.0,32000097300.0,35000060600.0,131132973742.85715,34187764033.333332,94261217300.0,106419860600.0,27896603235.714287,13653927233.333334,31869780000.0,34741100000.0,130457347700.0,34175016666.666668,94130900000.0,106160900000.0,19908263214.285713,5683823500.0,18625336000.0,22745200000.0,111702857142.85715,22930400000.0,70071000000.0,82300000000.0,5334626200.0,6771930400.0,10557444000.0,7617900000.0,6726419128.571428,8388750000.0,11593900000.0,8692900000.0,2653713821.428571,1198173333.3333333,2687000000.0,4378000000.0,12028071428.571428,2855866666.6666665,12466000000.0,15168000000.0
2013-07,4.676923076923076,2.4233333333333333,2.682,3.065,29615384615.384617,16333333333.333334,32000000000.0,35000000000.0,29615908592.307693,16333340333.333334,32000065840.0,35000075750.0,137025015253.84616,39935594700.0,85668178840.0,107294111250.0,28973803500.0,16314145633.333334,31948696000.0,34739892000.0,136382910161.53847,39916400000.0,85616809000.0,107033927500.0,20703708846.153847,6804306066.666667,13174510000.0,19035010000.0,115176538461.53847,26272500000.0,57570820000.0,77647500000.0,5686165500.0,7319002833.333333,15246689200.0,11501908750.0,8697064007.692308,9775566666.666666,18654689000.0,14312427500.0,2583929153.8461537,2190836733.3333335,3527496800.0,4202973250.0,12509307692.307692,3868333333.3333335,9391300000.0,15074000000.0
2013-08,4.677222222222222,2.2800000000000002,2.6950000000000003,3.065,32500000000.0,20000000000.0,24000000000.0,35000000000.0,32500610011.11111,20000017450.0,24000012550.0,35000075750.0,147937931305.55554,46319057950.0,68838271800.0,107294111250.0,31771865722.22222,19959357000.0,23915958250.0,34739892000.0,147209187016.66666,46278397500.0,68754217500.0,107033927500.0,21964480833.333332,8020399000.0,11404385750.0,19035010000.0,125691666666.66667,31213700000.0,49168000000.0,77647500000.0,7408474083.333333,8757481000.0,9638072500.0,11501908750.0,9905825905.555555,9885797500.0,12103717500.0,14312427500.0,2398910805.5555553,3181477000.0,2873500000.0,4202973250.0,11611694444.444445,5178900000.0,7482500000.0,15074000000.0
2013-09,4.589333333333333,2.5466666666666664,2.646,3.15,30800000000.0,15666666666.666666,31800000000.0,33500000000.0,30800653833.333332,15666741700.0,31800026700.0,33500060850.0,139495705766.66666,40709119033.333336,84081383380.0,105499491350.0,30213377120.0,15636416000.0,31744183320.0,33243012000.0,138908429053.33334,40678793333.333336,84025540000.0,105242442500.0,19814227833.333332,6098163666.666667,13666359000.0,18086010000.0,115252066666.66667,26555733333.333332,58061000000.0,76133500000.0,7878552020.0,6512789000.0,12798387520.0,7187024500.0,10815162386.666666,7976393333.333333,14745940000.0,10125442500.0,2520597266.6666665,3025463333.3333335,5279436800.0,7969977500.0,12841200000.0,6146666666.666667,11218600000.0,18983500000.0
2013-10,3.90421052631579,2.66,2.7866666666666666,3.32,30368421052.63158,13666666666.666666,31333333333.333332,32000000000.0,30369055947.36842,13666687500.0,31333357466.666668,32000152000.0,117009381152.63158,35946877400.0,87079070600.0,106090172000.0,29806153231.57895,13650148433.333334,31271486866.666668,31749280000.0,116446478436.8421,35930338333.333336,87017200000.0,105839300000.0,20329205368.42105,5184706566.666667,12706154833.333334,12702980000.0,98503157894.73685,23341333333.333332,57283333333.333336,74400000000.0,6879479731.578947,5560143566.666667,12861040833.333334,9214300000.0,8828646857.894737,7410338333.333333,15086866666.666666,11367300000.0,2597468131.5789475,2905298300.0,5704291200.0,9832000000.0,9114673684.210526,5178666666.666667,14647000000.0,20072000000.0
2013-11,4.196153846153846,2.4833333333333334,3.46,3.32,34538461538.46154,17666666666.666668,30000000000.0,32000000000.0,34539320515.38461,17666817666.666668,30000106800.0,32000152000.0,143449078884.6154,44343580200.0,103672881800.0,106090172000.0,33904830692.307693,17640062466.666668,29867225000.0,31749280000.0,142814589061.53845,44316825000.0,103540000000.0,105839300000.0,21859160192.307693,6550327000.0,14123225000.0,12702980000.0,121013846153.84616,29162333333.333332,74428000000.0,74400000000.0,8433064807.692307,7703767666.666667,9937000000.0,9214300000.0,10072862138.461538,8944491666.666666,12740000000.0,11367300000.0,3612605692.3076925,3385967800.0,5807000000.0,9832000000.0,11727880769.23077,6210000000.0,16372000000.0,20072000000.0
2013-12,4.386923076923077,2.48,2.655,3.6550000000000002,30461538461.53846,17000000000.0,29000000000.0,32000000000.0,30462053653.846153,17000016450.0,29000051983.333332,32000106450.0,132092870230.76923,42635697250.0,77093197716.66667,116864963950.0,29793942876.923077,16980419200.0,28959223933.333332,31766967500.0,131424759453.84616,42616100000.0,77052369666.66667,116631825000.0,19868354230.76923,6938225200.0,13878184583.333334,15638607500.0,111530000000.0,28812500000.0,54097266666.666664,82334000000.0,6632613492.307693,8118944000.0,11178783016.666666,6991285000.0,8724913300.0,8916350000.0,12710436333.333334,10523750000.0,3292975153.8461537,1923250000.0,3902256333.3333335,9137075000.0,11169846153.846153,4887250000.0,10244666666.666666,23774075000.0
2014-01,4.8625,2.52,2.83,4.484999999999999,22687500000.0,16333333333.333334,31333333333.333332,23500000000.0,22688299812.5,16333348066.666666,31333467900.0,23500043450.0,107064397043.75,41422087466.666664,88302116400.0,95249996450.0,22031938025.0,16303980600.0,31254784833.333332,23317539500.0,106408035256.25,41392720000.0,88223433333.33333,95067492500.0,14626295968.75,6417686000.0,13249160000.0,11765820000.0,90081562500.0,27701866666.666668,58685666666.666664,57977500000.0,5090033625.0,7764352600.0,12582826500.0,7336219500.0,6807756318.75,9242853333.333334,15363100000.0,24060492500.0,2315608431.25,2121942000.0,5422798333.333333,4215500000.0,9518716437.5,4448000000.0,14174666666.666666,13029500000.0
2014-02,4.348,2.3833333333333333,3.0400000000000005,4.445,29200000000.0,16333333333.333334,31333333333.333332,22500000000.0,29200589433.333332,16341781066.666666,31393302566.666668,22545093000.0,122478740626.66667,39454578366.666664,95278353066.66667,92108500450.0,28592794220.0,16294014366.666666,31237516166.666668,22364058050.0,121870945413.33333,39406811666.666664,95122566666.66667,91927465500.0,19660613500.0,6042423700.0,12090768500.0,10915007500.0,103769400000.0,26433666666.666668,65002666666.666664,63245500000.0,6096225153.333333,8066632800.0,14046747666.666666,8019646050.0,7714194146.666667,9494145000.0,17384900000.0,18471965500.0,2835955566.6666665,2184957866.6666665,5100000000.0,3429404500.0,10387351266.666666,3479000000.0,12735000000.0,10210000000.0
2014-03,4.606428571428571,2.5833333333333335,2.9433333333333334,3.935,26714285714.285713,15666666666.666666,31333333333.333332,22500000000.0,26715049850.0,15666678900.0,31333495233.333332,22500132100.0,121898319464.28572,41345906266.666664,92448909066.66667,81563594600.0,26117180935.714287,15643670966.666666,31256711166.666668,22368501500.0,121300450550.0,41322898333.333336,92372125000.0,81431964000.0,18094638821.42857,6104573800.0,10963428333.333334,10050887500.0,101968571428.57143,29075133333.333332,63427333333.333336,56831500000.0,6131879150.0,6729232833.333333,12913849500.0,8620264000.0,8992450550.0,8561398333.333333,16296791666.666666,15188964000.0,1890662964.2857144,2809864333.3333335,7379433333.333333,3697350000.0,10339428571.428572,3686366666.6666665,12648000000.0,9411500000.0
2014-04,4.887692307692308,2.6399999999999997,2.8625,3.995,24384615384.615383,17000000000.0,28000000000.0,23500000000.0,24385301761.53846,17000038950.0,28000028050.0,23500360050.0,119117691761.53847,45325747800.0,80582887150.0,88339070050.0,23821819684.615383,16983716150.0,27930707150.0,23365440000.0,118554209684.61539,45309425000.0,80513566250.0,88204150000.0,15699300769.23077,6724657250.0,10677541000.0,13707079750.0,99780384615.38461,31827350000.0,56001500000.0,67232000000.0,6624152838.461538,7500435050.0,12193960650.0,6287631500.0,8383237376.923077,9105075000.0,15413066250.0,11650650000.0,1498366076.9230769,2758623850.0,5059205500.0,3370728750.0,10390587692.307692,4377000000.0,9099000000.0,9321500000.0
2014-05,4.725882352941177,2.5433333333333334,3.4,4.69,28235294117.64706,17666666666.666668,29000000000.0,13000000000.0,28236019058.82353,17666687633.333332,29000032600.0,13000068400.0,130857411858.82353,44764634833.333336,98622972600.0,60915255900.0,27570944447.058823,17621665466.666668,28856160000.0,12985502500.0,130192337247.05882,44719612666.666664,98479100000.0,60900690000.0,18922837323.52941,6232759133.333333,13676868000.0,6345375000.0,112182352941.17647,30744333333.333332,72292000000.0,47835000000.0,6923681358.823529,8943239666.666666,8115252000.0,5415690000.0,7864412188.235294,10738612666.666666,10661100000.0,9215690000.0,1724425764.7058823,2445666666.6666665,7064040000.0,1224437500.0,10145572117.647058,3236666666.6666665,15526000000.0,3850000000.0
2014-06,4.612857142857143,2.776666666666667,2.784,3.7266666666666666,25857142857.142857,13666666666.666666,31200000000.0,24666666666.666668,25857964592.857143,13666690066.666666,31205012800.0,24670817966.666668,118878597871.42857,38288617400.0,86608308240.0,87863986966.66667,25294333614.285713,13646972666.666666,31131794560.0,24484164333.333332,118314966892.85715,38268900000.0,86535090000.0,87677333333.33333,17583802500.0,5005271333.333333,12947200400.0,13411594333.333334,103772857142.85715,25016866666.666668,61230400000.0,67988666666.666664,6088934471.428572,6151621333.333333,13359093060.0,5961146666.666667,6689164535.714286,9806366666.666666,15559890000.0,9795333333.333334,1621596642.857143,2490080000.0,4825501100.0,5111423333.333333,7852945214.285714,3445666666.6666665,9744800000.0,9893333333.333334
2014-07,4.475,2.486666666666667,2.9233333333333333,3.6550000000000002,27812500000.0,16333333333.333334,30333333333.333332,22000000000.0,27813224168.75,16334981300.0,30340291900.0,22007365950.0,123388285918.75,40870668500.0,88171274500.0,77392872750.0,27159283381.25,16309479466.666666,30252859066.666668,21851768200.0,122734345131.25,40845166666.666664,88083841666.66667,77237275000.0,18317264375.0,6620488333.333333,11018872666.666666,12173715950.0,107313750000.0,28643666666.666668,62658333333.333336,61680000000.0,7123071568.75,7722465466.666667,13611986400.0,7372315250.0,8097561443.75,9132166666.666666,16381508333.333334,10491775000.0,1718947437.5,1966525666.6666667,5622000000.0,2305737000.0,7323033687.5,3069333333.3333335,9044000000.0,5065500000.0
2014-08,4.368461538461538,2.715,2.755,4.38,33000000000.0,20000000000.0,21500000000.0,13000000000.0,33000795238.46154,20000002950.0,21500019450.0,13000173900.0,140877072161.53845,54821449950.0,60814275950.0,57001313900.0,32342207000.0,19961553000.0,21410841000.0,12983360000.0,140218483923.07693,54783000000.0,60725097500.0,56984500000.0,21421617692.307693,6918628750.0,9221742500.0,6516020000.0,123232692307.6923,37025000000.0,43026000000.0,43725000000.0,9021091384.615385,9288734000.0,9355098500.0,6042740000.0,10378319153.846153,12190500000.0,12390097500.0,11034500000.0,1899497923.0769231,3754190250.0,2834000000.0,424600000.0,6607472461.538462,5567500000.0,5309000000.0,2225000000.0
2014-09,4.777142857142857,2.526666666666667,2.718,3.83,27142857142.857143,15666666666.666666,31000000000.0,23666666666.666668,27143470800.0,15666697633.333334,31000658540.0,23667247666.666668,129649762150.0,40046821633.333336,84011347840.0,87387345166.66667,26595147650.0,15651041000.0,30919460700.0,23483469166.666668,129101439000.0,40031165000.0,83930150000.0,87203566666.66667,18470618428.57143,5566637666.666667,12100830000.0,10491185833.333334,114486428571.42857,26814333333.333332,60353400000.0,68602000000.0,6695755935.714286,7955212533.333333,14596136700.0,10086753333.333334,9005010428.571428,9846015000.0,16166950000.0,13059233333.333334,1428773285.7142856,2129190800.0,4222494000.0,2905530000.0,5610000000.0,3370816666.6666665,7409800000.0,5542333333.333333
2014-10,4.254375,2.4033333333333333,2.733333333333333,3.3449999999999998,27687500000.0,13666666666.666666,30333333333.333332,22000000000.0,27688267056.25,13666670600.0,30333348633.333332,22000175400.0,116948705968.75,33420762933.333332,81702938966.66667,71971496400.0,27091412231.25,13653121000.0,30256394666.666668,21856629000.0,116351851143.75,33407213333.333332,81625985000.0,71827950000.0,18881495937.5,5543424333.333333,12734406666.666666,10527917500.0,103222812500.0,22932333333.333332,58534000000.0,55472000000.0,6774204550.0,6606696666.666667,13250610333.333334,8753211500.0,7912476143.75,7284213333.333333,15147651666.666666,11315450000.0,1435711743.75,1503000000.0,4271377666.6666665,2575500000.0,5216562500.0,3190666666.6666665,7944333333.333333,5040500000.0
2014-11,4.045384615384616,2.46,3.18,4.0,30076923076.923077,17666666666.666668,26000000000.0,13000000000.0,30077639323.076923,17684479500.0,26034729700.0,13000072600.0,120167833630.76923,43556471233.333336,82806180100.0,52044730100.0,29416481607.692307,17633437600.0,25838249600.0,12992342500.0,119506675915.38461,43505429333.333336,82609700000.0,52037000000.0,19543572692.307693,6886786000.0,12162050000.0,5555910000.0,104893461538.46153,29022933333.333332,63484000000.0,41610000000.0,8389495146.153846,8595431600.0,9752199600.0,6736432500.0,8745522069.23077,10913096000.0,11366700000.0,8477000000.0,1483413769.2307692,2151220000.0,3924000000.0,700000000.0,5867692307.692307,3569400000.0,7759000000.0,1950000000.0
2014-12,3.8984615384615386,2.865,2.655,3.2733333333333334,30230769230.76923,17000000000.0,28166666666.666668,22666666666.666668,30231107069.23077,17000017850.0,28166708600.0,22666781333.333332,116059809653.84616,49093647100.0,75021781766.66667,76088899900.0,29777996923.076923,16977100750.0,28112881000.0,22501731433.333332,115606699507.6923,49070730000.0,74967954166.66667,75923850000.0,19947901538.46154,5801341250.0,9819961166.666666,11915865000.0,101431307692.3077,32697000000.0,50628666666.666664,58186000000.0,8154057538.461538,8878259500.0,15828034416.666666,7563203100.0,8457876969.230769,12262225000.0,18742434166.666668,11280133333.333334,1676037846.1538463,2297500000.0,2464885416.6666665,3022663333.3333335,5717514846.153846,4111505000.0,5596853333.333333,6457716666.666667
2015-01,4.0575,2.44,3.33,3.2733333333333334,25937500000.0,16333333333.333334,24000000000.0,22666666666.666668,25937934475.0,16333356966.666666,24000082700.0,22666781333.333332,104682089125.0,40275379100.0,79926050100.0,76088899900.0,25188079850.0,16312459533.333334,23948532600.0,22501731433.333332,103932234500.0,40254481666.666664,79874500000.0,75923850000.0,17054092500.0,5762405900.0,9430532600.0,11915865000.0,89646750000.0,27378333333.333332,58628000000.0,58186000000.0,6460910725.0,8805655466.666666,10964000000.0,7563203100.0,8334109500.0,10238815000.0,14722500000.0,11280133333.333334,1673076625.0,1744398166.6666667,3554000000.0,3022663333.3333335,5951375000.0,2637333333.3333335,6524000000.0,6457716666.666667
2015-02,4.086923076923077,2.436666666666667,2.776666666666667,3.9133333333333336,30230769230.76923,16333333333.333334,29333333333.333332,18000000000.0,30231206123.076923,16333838366.666666,29333713933.333332,18000212366.666668,122298195200.0,40312883900.0,79975085600.0,69582573033.33333,29510659530.76923,16307258133.333334,29259370000.0,17904522666.666668,121577648607.6923,40286303666.666664,79900741666.66667,69486883333.33333,18845587692.307693,4899782166.666667,9495502500.0,8111910000.0,105730076923.07692,26268133333.333332,55150000000.0,52799333333.333336,8991546223.076923,9451282800.0,16650867500.0,8611729333.333334,9852860684.615385,11204503666.666666,18992741666.666668,12589216666.666666,1673525615.3846154,1956193166.6666667,3113000000.0,1180883333.3333333,5994711000.0,2813666666.6666665,5758000000.0,4098333333.3333335
2015-03,3.83,2.42,2.582,3.75,29153846153.846153,15666666666.666666,30400000000.0,21666666666.666668,29154226000.0,15666692700.0,30400025520.0,21666767200.0,110642210230.76923,38506285600.0,77358781680.0,78647192733.33333,28542852523.076923,15650597100.0,30318771440.0,21488291133.333332,110030836753.84616,38490190000.0,77277527600.0,78468716666.66667,19187315076.923077,4768576666.666667,11266426040.0,7451513800.0,96969000000.0,24561500000.0,54961000000.0,57232333333.333336,7712957023.076923,9621647600.0,16492728600.0,11327503166.666666,8336609984.615385,11604123333.333334,17718727600.0,15516383333.333334,1642580423.0769231,1260372833.3333333,2559616800.0,2709274166.6666665,4725226769.230769,2324566666.6666665,4597800000.0,5720000000.0
2015-04,4.068823529411765,2.4000000000000004,2.63,3.5549999999999997,26470588235.294117,17000000000.0,26500000000.0,20500000000.0,26470912994.117645,17000013050.0,26575012650.0,20575052250.0,106970843917.64706,41628707050.0,69814732275.0,71548280650.0,25839374476.47059,16989808000.0,26421780625.0,20360346600.0,106339305400.0,41618502000.0,69661500250.0,71333575000.0,15710701617.647058,6096896000.0,9096641125.0,8849036600.0,91005117647.05882,29268000000.0,48484750000.0,55934000000.0,8691600094.117647,9464128500.0,14968389500.0,9600065000.0,10261710282.352942,9913718500.0,16066000250.0,10916575000.0,1437072764.7058823,1428783500.0,2356750000.0,1911245000.0,5072477470.588235,2436783500.0,5110750000.0,4483000000.0
2015-05,4.084615384615384,2.4166666666666665,3.34,4.01,29000000000.0,17666666666.666668,24000000000.0,13000000000.0,29000579546.153847,17968363500.0,24542959600.0,13000020800.0,115816609923.07692,43874938500.0,80642740100.0,52066840800.0,28329279361.53846,17632466666.666668,23779044500.0,12998280000.0,115145309738.46153,43539041666.666664,79878825000.0,52065100000.0,18662874423.076923,4763615000.0,8488042000.0,6298180000.0,100196307692.3077,27293000000.0,60561000000.0,42780000000.0,8238136669.230769,10410851666.666666,12531800000.0,6400100000.0,9095078969.23077,12245041666.666666,13740800000.0,7635100000.0,1428268269.2307692,2458000000.0,2759202500.0,300000000.0,5853923076.923077,4001000000.0,5577025000.0,1650000000.0
2015-06,4.2214285714285715,2.5766666666666667,2.6100000000000003,3.473333333333333,26214285714.285713,13666666666.666666,30400000000.0,21666666666.666668,26215181921.42857,13666692000.0,30400076560.0,21666691300.0,109600032821.42857,35861764633.333336,78191926260.0,74014060466.66667,25644123557.142857,13652250666.666666,30274248300.0,21507272500.0,109028974457.14285,35847323300.0,78066098000.0,73854641666.66667,17498559414.285713,4130111666.6666665,10523458800.0,8515115000.0,94635571428.57143,22760666666.666668,53513780000.0,54359333333.333336,6587543357.142858,7949379000.0,16826345600.0,10589988333.333334,8650230171.428572,10172563300.0,17993318000.0,13933308333.333334,1558020785.7142856,1572760000.0,2924443900.0,2402169166.6666665,5743172857.142858,2914093333.3333335,6559000000.0,5562000000.0
2015-07,3.7025,2.42,2.736666666666667,3.675,28750000000.0,16333333333.333334,29333333333.333332,20500000000.0,28750366006.25,16333338366.666666,29333350500.0,20500094500.0,104814094575.0,40248475866.666664,79173729066.66667,73913092500.0,28163583231.25,16307952500.0,29234211433.333332,20362002000.0,104227311800.0,40223090000.0,79074590000.0,73775000000.0,18721773250.0,5196993333.333333,9967282500.0,6950022500.0,90865937500.0,26734000000.0,55228333333.333336,54595000000.0,7553225012.5,9508292500.0,16386602266.666666,10986502000.0,7916811800.0,10414423333.333334,17463923333.333332,13506500000.0,1888584968.75,1602666666.6666667,2880326666.6666665,2425477500.0,5444562500.0,3074666666.6666665,6382333333.333333,5673500000.0
2015-08,3.5885714285714285,2.33,2.6975,3.33,28500000000.0,20000000000.0,26000000000.0,19500000000.0,28500264014.285713,20402062400.0,26120620200.0,19500102250.0,101108896935.71428,47256433900.0,69318968125.0,63865235550.0,27930431414.285713,19978108500.0,25939812075.0,19379659200.0,100539064335.71428,46832480000.0,69138160000.0,63744792500.0,17917289285.714287,7133459500.0,9498781875.0,9160599000.0,86347142857.14285,31384000000.0,47699250000.0,50511000000.0,8632133485.714285,11354149000.0,14256460700.0,8895677700.0,9312128192.857143,11924980000.0,16492796250.0,9420792500.0,1381008642.857143,1490500000.0,2184569500.0,1323382500.0,4879793285.714286,3523500000.0,4946113750.0,3813000000.0
2015-09,4.093333333333333,2.533333333333333,2.7699999999999996,3.0700000000000003,22800000000.0,15666666666.666666,29333333333.333332,19500000000.0,22800616373.333332,15666698066.666666,29333351666.666668,19500056700.0,89843566853.33333,40124173233.333336,80181384866.66667,61160927250.0,22441486106.666668,15655245500.0,29303216800.0,19424504450.0,89484436586.66667,40112720666.666664,80151250000.0,61085375000.0,15380690966.666666,4278942333.3333335,9705128333.333334,10510741250.0,76136733333.33333,25835500000.0,55237666666.666664,46800000000.0,5748683853.333333,10057637166.666666,17518755133.333332,7017343200.0,9055451253.333334,11515554000.0,18954250000.0,9069875000.0,1312111286.6666667,1318666000.0,2079333333.3333333,1896420000.0,4292252000.0,2761666666.6666665,5959333333.333333,5215500000.0
2015-10,5.0344444444444445,2.5566666666666666,3.14,3.0700000000000003,17500000000.0,13666666666.666666,24000000000.0,19500000000.0,17501392338.88889,13666669066.666666,24000028000.0,19500056700.0,75519421433.33333,34921282966.666664,75306924000.0,61160927250.0,16967004411.11111,13657889766.666666,23958404000.0,19424504450.0,74985033505.55556,34912503666.666664,75265300000.0,61085375000.0,11020827727.777779,3648874833.3333335,9851180000.0,10510741250.0,59253166666.666664,22567333333.333332,56391500000.0,46800000000.0,4986155533.333333,8421681600.0,11437224000.0,7017343200.0,11123572355.555555,9333170333.333334,11993800000.0,9069875000.0,960021150.0,1587333333.3333333,2670000000.0,1896420000.0,4608294483.333333,3012000000.0,6880000000.0,5215500000.0
2015-11,3.507857142857143,2.4566666666666666,2.566,3.0925,34857142857.14286,17666666666.666668,30400000000.0,20000000000.0,34857564121.42857,17734605766.666668,30424495420.0,20000027525.0,119730137764.28572,43885039933.333336,77545780920.0,61806613775.0,34317390264.285713,17635899166.666668,30362178100.0,19939131250.0,119189963907.14285,43786333333.333336,77483463600.0,61745717500.0,21092527571.42857,4681218000.0,10174231000.0,8967040000.0,100137571428.57143,27579733333.333332,52589795000.0,48178500000.0,10680381585.714285,10950118333.333334,16894547100.0,8850021250.0,12263318978.571428,12406933333.333334,18202468600.0,9233897500.0,2544481107.142857,2004562833.3333333,3293400000.0,2122070000.0,6789073500.0,3799666666.6666665,6691200000.0,4333320000.0
2015-12,3.49,2.5300000000000002,2.545,3.1399999999999997,31812500000.0,17000000000.0,26000000000.0,19500000000.0,31812725350.0,17000006800.0,26000017950.0,19500252250.0,109632110343.75,43496578300.0,65618382950.0,58963552500.0,31303017700.0,16987678500.0,25957106750.0,19412176750.0,109122402693.75,43484250000.0,65575471750.0,58875477000.0,18613961750.0,4397378500.0,9037701250.0,8411845000.0,92733750000.0,28395350000.0,44694800000.0,42180000000.0,9645052700.0,10650300000.0,13631213000.0,7403431750.0,10778001193.75,11509400000.0,14765571750.0,10633577000.0,3044003250.0,1940000000.0,3288192500.0,3596900000.0,5610651500.0,3579500000.0,6115100000.0,6061900000.0
2016-01,3.5961538461538463,2.4166666666666665,2.94,3.1399999999999997,33692307692.307693,16333333333.333334,24000000000.0,19500000000.0,33692620107.692307,16333352766.666666,24000003800.0,19500252250.0,119332209930.76923,40249643100.0,70662575800.0,58963552500.0,33152763853.846153,16313033000.0,23954858000.0,19412176750.0,118792353676.92308,40229323333.333336,70617430000.0,58875477000.0,21458940961.53846,4326105500.0,6659000000.0,8411845000.0,101509000000.0,25590500000.0,50155000000.0,42180000000.0,9448650315.384615,10235505833.333334,15045130000.0,7403431750.0,11267845984.615385,11461490000.0,15351130000.0,10633577000.0,2245172576.923077,1751421666.6666667,2250728000.0,3596900000.0,6015507692.307693,3177333333.3333335,5111300000.0,6061900000.0
2016-02,3.5184615384615388,2.2533333333333334,2.5,3.2775,38923076923.07692,15000000000.0,30000000000.0,20000000000.0,38923249546.15385,16776622000.0,34765769720.0,22365102125.0,135969905046.15384,36794231333.333336,79444463920.0,65649341300.0,38353828730.76923,14979672333.333334,29957137800.0,19907701575.0,135400484230.76923,34997281666.666664,74635832000.0,63191940750.0,21735143461.53846,3923123333.3333335,8994421400.0,7656824575.0,113212000000.0,21644766666.666668,49360540000.0,43342037500.0,13666206769.23077,9306061400.0,17307234400.0,10353248250.0,15131654615.384615,10099181666.666666,18212892000.0,14356903250.0,2952478500.0,1750487600.0,3655482000.0,1897628750.0,7056829615.384615,3253333333.3333335,7062400000.0,5493000000.0
2016-03,3.4305882352941177,2.356666666666667,2.533333333333333,2.825,37352941176.47059,14333333333.333334,28666666666.666668,19500000000.0,37353278335.29412,15206949033.333334,33590609466.666668,22597351450.0,127847481264.70589,35017492333.333336,76918204666.66667,56536112200.0,36829848976.47059,14321995033.333334,28624127800.0,19413809800.0,127324051905.88235,34132538333.333332,71951723000.0,53352570550.0,20290877500.0,4425001000.0,10465049333.333334,8443607500.0,106250941176.47058,22534900000.0,49702833333.333336,39364000050.0,13868134300.0,8602660700.0,15180556333.333334,8798387300.0,15083814141.17647,9208971666.666666,16644889666.666666,9691570500.0,2670837176.470588,1294333333.3333333,2978522133.3333335,2171815000.0,5989296588.235294,2388666666.6666665,5604000000.0,4297000000.0
2016-04,3.7869230769230766,2.575,2.5700000000000003,2.825,28307692307.692307,16000000000.0,20000000000.0,19500000000.0,28307996700.0,16112605000.0,20084474050.0,22597351450.0,106911072846.15384,42008694000.0,52072817300.0,56536112200.0,27738680353.846153,15989946000.0,19898627750.0,19413809800.0,106341756500.0,41886035000.0,51886971000.0,53352570550.0,16463647423.076923,3919178300.0,6499091000.0,8443607500.0,90335384615.38461,26932350000.0,34674000000.0,39364000050.0,9661304276.923077,9896517700.0,11382628000.0,8798387300.0,11101091115.384615,11408435000.0,13407252500.0,9691570500.0,1613728653.8461537,2174250000.0,2016908750.0,2171815000.0,4905280769.230769,3545250000.0,3805718500.0,4297000000.0
2016-05,3.6599999999999997,2.3800000000000003,2.632,3.14,32153846153.846153,16333333333.333334,29600000000.0,20000000000.0,32154117507.692307,20133035066.666668,37143082180.0,24381527175.0,116156999592.3077,43665659000.0,84912526880.0,65349444675.0,31526879369.23077,16307498733.333334,29553875700.0,19904091000.0,115529761453.84616,39840122666.666664,77323320400.0,60872008500.0,18765665769.23077,3888916333.3333335,7025015300.0,7520955000.0,97240384615.38461,25481033333.333332,50648920000.0,45454950000.0,11178320984.615385,10929249066.666666,19056060400.0,9285868500.0,14192322992.307692,12277422666.666666,21530400400.0,10947808500.0,1582892615.3846154,1489333333.3333333,3472800000.0,3097267500.0,4097053846.1538463,2081666666.6666667,5144000000.0,4469250000.0
2016-06,3.49125,2.6033333333333335,2.546666666666667,2.935,33125000000.0,12333333333.333334,28666666666.666668,19500000000.0,33125185750.0,12576479566.666666,31681567400.0,21396488400.0,114274819362.5,32428997800.0,75191217300.0,57740303400.0,32609256837.5,12323288100.0,28643681100.0,19428985000.0,113758890450.0,32175806333.333332,72153331000.0,55772800000.0,20006784187.5,2740958833.3333335,10042859533.333334,9415287500.0,97369437500.0,20417366666.666668,51290466666.666664,45016000000.0,11297961931.25,8782271100.0,16439821566.666666,8731197500.0,12978409200.0,10264439666.666666,17221864333.333332,8874300000.0,1304510718.75,800058166.6666666,2161000000.0,1282500000.0,3411043750.0,1494000000.0,3641000000.0,1882500000.0
2016-07,3.4092307692307693,2.4,2.69,2.935,36153846153.84615,15000000000.0,24000000000.0,19500000000.0,36154157415.38461,15694758200.0,25563200300.0,21396488400.0,122985921123.07692,36534868500.0,66016425300.0,57740303400.0,35592917723.07692,14985709366.666666,23952075000.0,19428985000.0,122424681430.76923,35825819666.666664,64405300000.0,55772800000.0,21998611846.153847,4472346000.0,9442870000.0,9415287500.0,104848846153.84616,23406333333.333332,47444000000.0,45016000000.0,11734542761.538462,9314145033.333334,10718205000.0,8731197500.0,13775872661.538462,10739986333.333334,11660300000.0,8874300000.0,1859763115.3846154,1199218333.3333333,3791000000.0,1282500000.0,3799962615.3846154,1679500000.0,5301000000.0,1882500000.0
2016-08,3.5028571428571427,2.335,2.5083333333333333,3.1574999999999998,37573214285.71429,19000000000.0,27000000000.0,20000000000.0,37573443000.0,20946162500.0,28997638966.666668,21160432625.0,126659512921.42857,46665710800.0,69565907700.0,61503577625.0,37104705578.57143,18988862200.0,26973256600.0,19909116250.0,126190775500.0,44708410500.0,67541525333.333336,60252261250.0,22198054671.42857,4391484000.0,8545784916.666667,9841745000.0,108455182142.85715,27980000000.0,46577833333.333336,46378250000.0,13219858121.428572,12901888200.0,16419679683.333334,7702131250.0,14558518071.428572,14108910500.0,17814025333.333332,10372261250.0,1686792785.7142856,1695490000.0,2007792000.0,2365240000.0,3177075285.714286,2619500000.0,3149666666.6666665,3501750000.0
2016-09,3.48875,2.356666666666667,2.5433333333333334,2.87,37062500000.0,14333333333.333334,28666666666.666668,19500000000.0,37062754743.75,14556858400.0,29926504666.666668,20688785800.0,129123618743.75,33890027100.0,73626106566.66667,55784922300.0,36480515225.0,14315876633.333334,28633649766.666668,19409788500.0,128541379225.0,33649045333.333332,72333251666.66667,54505925000.0,21195073125.0,4887195100.0,9916395500.0,9383816250.0,110400875000.0,21920100000.0,50171533333.333336,41884600000.0,13169786756.25,9003517133.333334,16868168933.333334,7576847250.0,14455118912.5,10515945333.333334,18992385000.0,9092825000.0,2115655343.75,425164400.0,1849085333.3333333,2449125000.0,3685385312.5,1213000000.0,3169333333.3333335,3528500000.0
2016-10,3.503846153846154,2.4166666666666665,2.6333333333333333,2.94,39000000000.0,12333333333.333334,28666666666.666668,20500000000.0,39000189100.0,12434108866.666666,29916078966.666668,21739354100.0,136945944007.6923,30511242466.666668,76042868933.33333,59320226300.0,38378463492.30769,12325591066.666666,28637038033.333332,20404222300.0,136324218400.0,30402724666.666668,74763828000.0,57985094500.0,19743506000.0,3539303666.6666665,9384376333.333334,11846934800.0,112921730769.23077,19778566666.666668,52211600000.0,46802000000.0,16493588723.076923,7948904066.666667,16666675033.333334,7155897500.0,19763134246.153847,9177824666.666666,18325228000.0,8876094500.0,2141368769.2307692,837383333.3333334,2585986666.6666665,1401390000.0,3639353384.6153846,1446333333.3333333,4227000000.0,2307000000.0
2016-11,3.3715384615384614,2.24,2.6033333333333335,3.025,43538461538.46154,16333333333.333334,28666666666.666668,19500000000.0,43538697492.30769,19496608933.333332,32617674300.0,20883729500.0,146313218146.15384,39464731700.0,78159883033.33333,58508305750.0,43037650407.69231,16315500900.0,28633841933.333332,19417638750.0,145812171061.53845,36283623666.666664,74176050666.66667,57042215000.0,24088553461.53846,5318138333.333333,9688319266.666666,9699195000.0,122863846153.84616,23406000000.0,50813766666.666664,44736200000.0,17568673061.53846,9393843233.333334,16949522666.666666,7957268750.0,19598498061.53846,10591290333.333334,19662950666.666668,8965015000.0,1380423884.6153846,1603519333.3333333,1996000000.0,1761175000.0,3349826846.1538463,2286333333.3333335,3699333333.3333335,3341000000.0
2016-12,3.54375,2.39,2.665,3.8,35875000000.0,16000000000.0,19000000000.0,13000000000.0,35875160675.0,16000040850.0,19000099750.0,13000063300.0,125623311631.25,38205144150.0,50626994450.0,49345378800.0,35156440943.75,15988202200.0,18955125300.0,12984009500.0,124904591900.0,38193305500.0,50582020000.0,49329325000.0,18623275687.5,5255681000.0,7109317500.0,8129684500.0,103730000000.0,24677500000.0,33989000000.0,37145000000.0,14668839506.25,9574421200.0,10215307800.0,4854125000.0,17579041775.0,11706705500.0,13052520000.0,11884125000.0,1864325750.0,1158100000.0,1630500000.0,200000.0,3595550125.0,1809100000.0,3540500000.0,300200000.0
2017-01,3.5100000000000002,2.4499999999999997,2.612,2.7600000000000002,34461538461.53846,15000000000.0,29600000000.0,22333333333.333332,34461818392.30769,15865896266.666666,32301283420.0,24352530600.0,120605377469.23077,37949160933.333336,79628806540.0,62179929600.0,33912094353.846153,14977141666.666666,29564801680.0,22216812666.666668,120055653430.76923,37060406333.333336,76892324800.0,60044211666.666664,19961975961.53846,3219333333.3333335,7805458600.0,12248709333.333334,100875923076.92308,22438000000.0,49344580000.0,47683333333.333336,11983101700.0,10690008333.333334,19415706080.0,8291970333.333333,13824345738.461538,12397406333.333334,23384862800.0,9572511666.666666,1967016692.3076923,1067800000.0,2343637000.0,1676133000.0,5355384615.384615,2225000000.0,4162882000.0,2788366666.6666665
2017-02,3.4257142857142857,2.263333333333333,2.52,2.95,34857142857.14286,15000000000.0,28666666666.666668,19500000000.0,34857454435.71429,16786109033.333334,32456586000.0,21302944650.0,119493421564.28572,35818323200.0,75273671500.0,58452599650.0,34216629321.42857,14980270500.0,28629960500.0,19413795000.0,118852596450.0,34012484666.666668,71447046000.0,56563450000.0,19858616950.0,4332746500.0,8858991333.333334,7197850000.0,99092000000.0,21672000000.0,49280333333.333336,43161500000.0,12072059264.285715,9913524000.0,17106769166.666666,9595945000.0,13726596450.0,10776484666.666666,18099179333.333332,10119450000.0,2285953107.142857,734000000.0,2664200000.0,2620000000.0,6034000000.0,1564000000.0,4067533333.3333335,3282500000.0
2017-03,3.3255000000000003,2.41,2.5566666666666666,3.08,32600000000.0,14333333333.333334,28666666666.666668,19500000000.0,32600298120.0,14777270900.0,31168705933.333332,21860836600.0,107121593380.0,35658654633.333336,75225738433.33333,60104035350.0,31999530350.0,14320835600.0,28589252833.333332,19361023750.0,106520825610.0,35202219333.333336,72646285333.33333,57604222500.0,18170864800.0,3014050666.6666665,8251791666.666667,8408823750.0,88232750000.0,21540666666.666668,48912000000.0,43967000000.0,11801630925.0,9167088133.333334,18349871166.666668,9518177500.0,14796452610.0,10728219333.333334,19401618666.666668,11403200000.0,2027034625.0,2139696800.0,1987590000.0,1434022500.0,3491623000.0,2933333333.3333335,4332666666.666667,2234022500.0
2017-04,3.3035714285714284,2.355,2.5700000000000003,3.08,38073214285.71429,16000000000.0,20000000000.0,19500000000.0,38073455864.28571,16131530200.0,20098647850.0,21860836600.0,121703347685.71428,38247365700.0,51684052850.0,60104035350.0,37365510328.57143,15992754000.0,19883605000.0,19361023750.0,120995402150.0,38108589500.0,51469010000.0,57604222500.0,20400222528.57143,4727016250.0,6080200000.0,8408823750.0,100199873214.28572,24056000000.0,35147500000.0,43967000000.0,14146719300.0,10385237750.0,12083405000.0,9518177500.0,17023013792.857143,12172089500.0,13579010000.0,11403200000.0,2818568500.0,880500000.0,1720000000.0,1434022500.0,3772515142.857143,1880500000.0,2742500000.0,2234022500.0
2017-05,3.0746153846153845,2.36,2.6079999999999997,3.0225,40615384615.38461,16333333333.333334,29600000000.0,20000000000.0,40615591723.07692,20959280433.333332,34370085100.0,22180994775.0,124856954861.53847,42846503233.333336,81623011020.0,61866520275.0,40010449861.53846,16310654333.333334,29545659280.0,19869672250.0,124251813000.0,38197877133.333336,76798585200.0,59555197750.0,22523125769.23077,4815223333.333333,7688466480.0,7149010250.0,104607153846.15384,23804100000.0,50770560000.0,43282100000.0,15042115438.461538,10538124333.333334,18975293200.0,11148662000.0,16473428384.615385,12148110466.666666,21600225200.0,13191097750.0,2445208653.8461537,957306666.6666666,2881899600.0,1572000000.0,3171230769.230769,2245666666.6666665,4427800000.0,3082000000.0
2017-06,3.2911764705882356,2.563333333333333,2.5966666666666667,3.08,35294117647.05882,12333333333.333334,28666666666.666668,19500000000.0,35294334500.0,12535947733.333334,31178840333.333332,21870379900.0,115633365464.70589,31154194133.333332,75922792166.66667,62143354900.0,34615665129.411766,12326107266.666666,28587051500.0,19359477450.0,114954696094.11765,30944353666.666668,73331003333.33333,59632452450.0,18242918323.52941,3342966133.3333335,7480155500.0,5603820000.0,94500647058.82353,19004433333.333332,46502966666.666664,41309250000.0,14124277482.352942,8220786800.0,18694896000.0,11383157450.0,17483961388.235294,10549253666.666666,22916036666.666668,14575702450.0,2248469323.529412,762354333.3333334,2412000000.0,2372500000.0,2970087647.0588236,1390666666.6666667,3912000000.0,3747500000.0
2017-07,3.0846153846153848,2.2466666666666666,2.6633333333333336,3.19,36769230769.23077,15000000000.0,28666666666.666668,20500000000.0,36769402607.69231,15684087900.0,30950588100.0,22584502650.0,112954948646.15384,34789080033.333336,78159284466.66667,66719409400.0,36070629600.0,14986764533.333334,28594627300.0,20354357250.0,112256175638.46153,34091756666.666668,75803323666.66667,64489264000.0,19795779615.384617,4946513333.333333,7631167000.0,6069878250.0,93436769230.76923,22190333333.333332,49041666666.666664,43679000000.0,13340701061.538462,9054251200.0,18394793633.333332,11958254000.0,15137560253.846153,10182090000.0,22861323666.666668,17238264000.0,2934148923.076923,986000000.0,2568666666.6666665,2326225000.0,3681846153.8461537,1719333333.3333333,3900333333.3333335,3572000000.0
2017-08,3.2441176470588236,2.275,2.645,2.9749999999999996,34117647058.82353,19000000000.0,25000000000.0,19500000000.0,34118007882.35294,24716875600.0,27400870625.0,19907532550.0,109810005641.17647,48798472350.0,68800270450.0,57621247050.0,33397300805.882355,18984703250.0,24925792925.0,19390923000.0,109089298564.70589,43066300000.0,66325192750.0,57104637500.0,17763462352.941177,6136629250.0,4838590000.0,8589862000.0,90031000000.0,27749500000.0,40432250000.0,40153000000.0,13398713570.588236,11662406000.0,16773230425.0,9157121000.0,16003246858.82353,13173632000.0,21279720250.0,14281637500.0,2235124882.352941,1185668000.0,3313972500.0,1643940000.0,3055051705.882353,2143168000.0,4613222500.0,2670000000.0
2017-09,3.238125,2.27,2.7,3.46,33125000000.0,14333333333.333334,24000000000.0,13000000000.0,33125346243.75,14333338766.666666,24000020800.0,13000463400.0,106076294025.0,32565897933.333332,64883398300.0,44949098400.0,32507607668.75,14324606833.333334,23852322500.0,12986905000.0,105458555450.0,32557166000.0,64735700000.0,44935540000.0,18370398375.0,4953115166.666667,10359565000.0,6869170000.0,88856312500.0,21290300000.0,45913000000.0,33455000000.0,11848195887.5,8610825000.0,11009757500.0,6117735000.0,13775650262.5,9937866000.0,14839700000.0,9880540000.0,2289013406.25,760666666.6666666,2483000000.0,0.0,2826592687.5,1329000000.0,3983000000.0,1600000000.0
2017-10,3.132307692307692,2.57,2.576,3.06,37461538461.53846,12333333333.333334,29600000000.0,22333333333.333332,37461724861.53846,12375031533.333334,31452707260.0,23753409500.0,117195665623.07692,31516424300.0,77711726260.0,67932046166.666664,36677955130.76923,12324742566.666666,29528766800.0,22181118500.0,116411895892.3077,31466135333.333332,75787785800.0,66359755166.666664,20610511923.076923,3104730500.0,7163632000.0,8359605000.0,97469461538.46153,19164686666.666668,47184400000.0,48012000000.0,13343142476.923077,8386345400.0,18993933000.0,10937105166.666666,15753203584.615385,10817782000.0,23674566400.0,13385755166.666666,2724300730.769231,833666666.6666666,3371201800.0,2884408333.3333335,3189230769.230769,1483666666.6666667,4928819400.0,4962000000.0
2017-11,3.1841176470588235,2.3800000000000003,2.526666666666667,3.21,41176470588.23529,16333333333.333334,28666666666.666668,19500000000.0,41176693735.29412,18072561333.333332,30760970433.333332,20205541200.0,130467756347.05882,40760910666.666664,74108585433.33333,60088763450.0,40436220488.23529,16315855666.666666,28600804000.0,19332547750.0,129727283100.0,39004205000.0,71948419000.0,59215770000.0,20395700588.235294,4304054333.333333,8143467333.333333,8150028000.0,106589117647.05882,23868000000.0,45763666666.666664,43489000000.0,17298333482.35294,10823801333.333334,17172336666.666666,8593079750.0,19845283100.0,12978205000.0,21333085666.666668,11919270000.0,2742186417.647059,1188000000.0,3285000000.0,2589440000.0,3292882352.9411764,2158000000.0,4851666666.666667,3807500000.0
2017-12,3.195,2.425,2.965,3.26,38500000000.0,16000000000.0,19000000000.0,13000000000.0,38500232421.42857,16000012250.0,19000006450.0,13000051100.0,120289571628.57143,38592392750.0,57273681950.0,42323693100.0,37835850571.42857,15991559000.0,18901637000.0,12991358000.0,119625189778.57143,38583939500.0,57175312500.0,42315000000.0,21045716785.714287,5184435000.0,5126490000.0,4840278000.0,99859714285.71428,23855200000.0,33976500000.0,30330000000.0,14397215571.428572,9429124000.0,12040512000.0,8151080000.0,16994916564.285715,12600739500.0,20319312500.0,11935000000.0,2392918214.285714,1378000000.0,1734635000.0,0.0,2770558928.571429,2128000000.0,2879500000.0,50000000.0
2018-01,3.233571428571429,2.706666666666667,2.65,3.0400000000000005,40001785714.28571,15000000000.0,29600000000.0,22333333333.333332,40002149971.42857,15998137366.666666,33205996660.0,25474943100.0,121815878971.42857,41541013633.333336,81143780160.0,69743074933.33333,39144912457.14286,14977990400.0,29546881300.0,22087726500.0,120958641457.14285,40520866666.666664,77484664800.0,66355858333.333336,21014749221.42857,2794634400.0,7781417100.0,9236317500.0,99987892857.14285,22549900000.0,47364680000.0,47355333333.333336,15173843200.0,11024689333.333334,18755178200.0,10251249000.0,17613105742.857143,15960633333.333334,25520784800.0,14909731666.666666,2956320035.714286,1158666666.6666667,3010286000.0,2600160000.0,3357642857.142857,2010333333.3333333,4599200000.0,4090793333.3333335
2018-02,2.9986666666666664,2.3033333333333332,2.643333333333333,2.7350000000000003,40733333333.333336,15666666666.666666,30000000000.0,21500000000.0,40733663793.333336,18755603900.0,36839047800.0,24913179050.0,120189690760.0,39217975966.666664,85440141233.33333,62145852300.0,39985564473.333336,15638803400.0,29909612900.0,21309162250.0,119441591440.0,36101175466.666664,78510706333.33333,58541835500.0,22719174840.0,4332424333.333333,9038753333.333334,9982432500.0,97721500006.66667,21721333333.333332,49529333333.333336,45905000000.0,14852109733.333334,10359712400.0,17051859566.666666,8427372500.0,18929417033.333332,12611508800.0,23586039666.666668,8968785000.0,2414279900.0,946666666.6666666,3819000000.0,2899357250.0,2790674400.0,1768333333.3333333,5395333333.333333,3668050500.0
2018-03,3.0247058823529414,2.48,2.94,2.7350000000000003,49764705882.35294,15000000000.0,28000000000.0,21500000000.0,49764972376.47059,15000003433.333334,28000025100.0,24913179050.0,149464874647.05884,37172333433.333336,82241962600.0,62145852300.0,48746826900.0,14987741666.666666,27687462500.0,21309162250.0,148446729170.58823,37160071666.666664,81929400000.0,58541835500.0,24946417264.705883,3893740000.0,11272387500.0,9982432500.0,118591264705.88235,21877333333.333332,51589000000.0,45905000000.0,21014092782.35294,9391036333.333334,13840075000.0,8427372500.0,26593316464.705883,12880071666.666666,25490400000.0,8968785000.0,2786316852.9411764,1702965333.3333333,2575000000.0,2899357250.0,3262148000.0,2402666666.6666665,4850000000.0,3668050500.0
2018-04,3.0938461538461537,2.435,2.5483333333333333,2.9875,44307692307.69231,17000000000.0,29000000000.0,23500000000.0,44307971461.53846,17029170500.0,32589453516.666668,27045375700.0,136410292076.92308,41530173500.0,77471534516.66667,72185288200.0,43165624423.07692,16994990500.0,28925464000.0,23258036250.0,135267945038.46153,41495993500.0,73807545000.0,68397948750.0,22179588076.923077,5612386000.0,8403468733.333333,10461992500.0,110307692307.6923,26369000000.0,45251166666.666664,48333500000.0,17638500423.076923,9550364500.0,17092828600.0,9942772250.0,21327445038.46154,12474993500.0,23664378333.333332,16273948750.0,3347535923.076923,1832240000.0,3429166666.6666665,2853271500.0,3632807692.3076925,2652000000.0,4892000000.0,3790500000.0
2018-05,3.1081250000000002,2.453333333333333,2.6333333333333333,3.07,43500000000.0,17666666666.666668,32333333333.333332,24500000000.0,43500205918.75,21678596400.0,38646140300.0,27366266850.0,134373352012.5,47718737000.0,91251528766.66667,76428351100.0,42391115487.5,17645373733.333332,32243157533.333332,24206360750.0,133264261581.25,43685514333.333336,84848546000.0,73268445000.0,22266788968.75,5083852500.0,10434766266.666666,10804297500.0,108554625000.0,26542500000.0,53802000000.0,52149500000.0,16938451206.25,11149746233.333334,17958360600.0,10314563250.0,20467511581.25,14494014333.333334,25298879333.333332,16871445000.0,3185875312.5,1411775000.0,3850030666.6666665,3087500000.0,4242125000.0,2649000000.0,5747666666.666667,4247500000.0
2018-06,3.141538461538462,2.53,2.83,2.79,40461538461.53846,13666666666.666666,32000000000.0,16000000000.0,40461758430.76923,13666686633.333334,32000118800.0,16000077700.0,126575249192.3077,34493845100.0,90460329300.0,44700477700.0,39381869261.53846,13660043433.333334,31825119500.0,15992600000.0,125495360023.07692,34487201900.0,90285330000.0,44693000000.0,19737438653.846153,3556396866.6666665,12542665000.0,8844600000.0,99733538461.53847,20931333333.333332,61142000000.0,36465000000.0,17476735530.76923,8355843900.0,16350454500.0,5998000000.0,22349129253.846153,10983535233.333334,24606330000.0,7028000000.0,2167695076.923077,1747802666.6666667,2932000000.0,1150000000.0,3412692307.6923075,2572333333.3333335,4537000000.0,1200000000.0
2018-07,2.8484615384615384,2.3766666666666665,2.538,2.813333333333333,43692307692.30769,16333333333.333334,33000000000.0,29000000000.0,43692517092.30769,16615304166.666666,35386375180.0,31370882533.333332,124186194638.46153,39640250666.666664,86198653540.0,84151895533.33333,42571620523.07692,16319664166.666666,32948849640.0,28635368666.666668,123065298069.23077,39344610666.666664,83761128000.0,81416381666.66667,21460873269.23077,4070167000.0,10002742940.0,11933635333.333334,97810000000.0,23986000000.0,52401000000.0,56099833333.333336,17616477984.615383,10339047166.666666,19406228300.0,12967183333.333334,20688067300.0,12576944000.0,25991528000.0,20176548333.333332,3494269269.230769,1910450000.0,3539878400.0,3734550000.0,4567230769.230769,2781666666.6666665,5368600000.0,5140000000.0
2018-08,2.881875,2.41,2.6425,2.915,52875000000.0,22000000000.0,29000000000.0,26500000000.0,52875345500.0,24957722400.0,31587620525.0,28367856900.0,150627715200.0,56518218650.0,78434278025.0,78981176150.0,51692987456.25,21981171250.0,28926011325.0,26255514250.0,149445357156.25,53541667500.0,75772668825.0,76868833500.0,26179161218.75,6238217500.0,8445387300.0,11957160000.0,118611218750.0,33129500000.0,46810500000.0,53564000000.0,21878716706.25,13555953750.0,16684304025.0,11142854250.0,26142575906.25,17277667500.0,23029168825.0,19019333500.0,3635109531.25,2187000000.0,3796320000.0,3155500000.0,4691562500.0,3134500000.0,5933000000.0,4285500000.0
2018-09,3.0946153846153845,2.4966666666666666,2.68,3.06,43538461538.46154,16333333333.333334,35000000000.0,17000000000.0,43538687700.0,16333341233.333334,35000019100.0,17000058900.0,133214475692.3077,40889950733.333336,93917713200.0,52006081900.0,42305963761.53846,16322522166.666666,34789505900.0,16987902000.0,131981751753.84616,40879131666.666664,93707200000.0,51993925000.0,20780162115.384617,3877042333.3333335,14958752400.0,5850726000.0,105892615384.61539,25199333333.333332,65126000000.0,38295000000.0,18698442876.923077,10526304666.666666,16099753500.0,9770186000.0,22197597907.692307,12926798333.333334,23210200000.0,12198925000.0,2827358769.230769,1919175166.6666667,3731000000.0,1366990000.0,3891538461.5384617,2753000000.0,5371000000.0,1500000000.0
2018-10,3.0233333333333334,2.3766666666666665,2.418,2.81,38933333333.333336,14333333333.333334,35000000000.0,31333333333.333332,38935227026.666664,14333350833.333334,35000036300.0,31333546366.666668,116557843133.33333,34253899500.0,84634760900.0,84920363966.66667,37735558513.333336,14323474333.333334,34895979400.0,30981778066.666668,115358174620.0,34244023000.0,84530704000.0,84568595666.66667,21961031833.333332,3837015166.6666665,12067149300.0,13940218200.0,96767753333.33333,21168000000.0,55041600000.0,57845000000.0,13196640346.666666,9418479166.666666,20171330100.0,14715226533.333334,15127087953.333334,11349689666.666666,25082004000.0,23055595666.666668,2577886333.3333335,1067980000.0,2657500000.0,2326333333.3333335,3463333333.3333335,1726333333.3333333,4407100000.0,3668000000.0
2018-11,3.1100000000000003,2.3966666666666665,2.526666666666667,2.635,39095238095.2381,19000000000.0,36333333333.333336,28500000000.0,39095584466.666664,22448970533.333332,40956107333.333336,31002782650.0,120645284266.66667,48802805966.666664,96429605866.66667,77789083400.0,38113707957.14286,18978470933.333332,36178038133.333336,28269221750.0,119663407757.14285,45332306366.666664,91651536666.66667,75055522500.0,20395841833.333332,5377272166.666667,11559089666.666666,12317617500.0,97014523809.5238,27714000000.0,58750000000.0,53190500000.0,14552779742.857143,12866232100.0,19996830800.0,11669861250.0,18391264900.0,15635006366.666666,26505670000.0,16215022500.0,3165086380.952381,734966666.6666666,4622117666.666667,4281743000.0,4257619047.6190476,1983300000.0,6395866666.666667,5650000000.0
2018-12,3.103529411764706,2.33,2.485,2.51,35647058823.52941,20000000000.0,31250000000.0,29000000000.0,35647205170.588234,20000036850.0,31250056000.0,29000059350.0,110378426258.82353,46719707550.0,75523543800.0,70529459350.0,34709493017.64706,19991821800.0,31179379950.0,28756415000.0,109440714105.88235,46711492500.0,75452867750.0,70285815000.0,17615176617.64706,4899049750.0,9134752500.0,12216600000.0,87857352941.17647,28684500000.0,46440500000.0,51571000000.0,14611655076.470589,12880772050.0,18475127450.0,14976315000.0,18037478811.764706,14689992500.0,23781367750.0,16251315000.0,2482661323.529412,2212000000.0,3569500000.0,1563500000.0,3545882352.9411764,3337000000.0,5231000000.0,2463500000.0
2019-01,3.0513636363636363,2.373333333333333,2.4633333333333334,2.725,36318181818.181816,17666666666.666668,37000000000.0,30000000000.0,36318401613.63636,17666672600.0,37000077900.0,30000117200.0,110368664072.72728,42240497466.666664,90839881166.66667,80200777200.0,35219586486.36364,17647556300.0,36928676733.333336,29776240000.0,109269848945.45454,42221381166.666664,90768480000.0,79976900000.0,20334539136.363636,3928501000.0,10240005200.0,10644220000.0,89172181818.18182,25609666666.666668,57357333333.333336,56352500000.0,12735643463.636364,10590688633.333334,19717153200.0,15321020000.0,16972894400.0,12633347833.333334,24939846666.666668,18613400000.0,2149403886.3636365,3128366666.6666665,6971518333.333333,3811000000.0,3124772727.2727275,3978366666.6666665,8471300000.0,5011000000.0
2019-02,2.9749999999999996,2.36,2.5166666666666666,2.6,41944444444.44444,18000000000.0,37000000000.0,29000000000.0,41944784344.44444,21820948233.333332,41221517033.333336,29962545350.0,123873972644.44444,45868029933.333336,97133252366.66667,75368108550.0,40761188477.77778,17983809966.666668,36922228800.0,28749456800.0,122690376777.77777,42030891666.666664,92833964133.33333,74155020000.0,22237974111.11111,4635846100.0,8976566266.666666,11977420000.0,98018666666.66667,25952000000.0,57862333333.333336,53396500000.0,17351391172.22222,11097263866.666666,19514584133.333332,12261536800.0,22629487888.88889,13093191666.666666,24649830800.0,15398020000.0,1171823194.4444444,2250700000.0,8431078400.0,4510500000.0,2042222222.2222223,2985700000.0,10321800000.0,5360500000.0
2019-03,2.959473684210526,2.4233333333333333,2.56,3.78,42473684210.52631,17000000000.0,38000000000.0,18000000000.0,42474034378.947365,17000048300.0,38000072100.0,18000386600.0,122876071626.3158,41659538733.333336,97364369600.0,68003708600.0,41402888763.1579,16990586900.0,37811102500.0,17989911000.0,121804926010.52632,41650077333.333336,97175400000.0,67993233000.0,22505082236.842106,3855990200.0,15525615000.0,8272038000.0,97215210526.3158,25145000000.0,63479000000.0,40576000000.0,17849466000.0,11453163366.666666,18728487500.0,9617873000.0,22704715484.210526,13990310666.666666,28622400000.0,27067233000.0,1048340526.3157895,1681433333.3333333,3557000000.0,100000000.0,1885000000.0,2514766666.6666665,5074000000.0,350000000.0
2019-04,3.01,2.4,2.4683333333333333,2.5966666666666667,40473684210.52631,20000000000.0,33500000000.0,33333333333.333332,40474090331.57895,20002808950.0,33692421916.666668,33588711733.333332,120664668700.0,48656387450.0,82619330466.66667,86381484366.66667,39459400815.789474,19989759000.0,33436069783.333332,33054057366.666668,119649979184.21053,48643337500.0,82362978333.33333,85846830000.0,21015742315.789474,4364088750.0,7973322916.666667,12880500066.666666,93916210526.3158,30094500000.0,50727500000.0,59121000000.0,16953943657.894737,13033989000.0,19697605200.0,16257337300.0,23350610763.157894,15023137500.0,24517211666.666668,21737163333.333332,1489714842.1052632,2591681250.0,5765141666.666667,3916220000.0,2383157894.736842,3525700000.0,7118266666.666667,4988666666.666667
2019-05,2.979,2.48,2.3866666666666667,2.795,37500000000.0,19000000000.0,37000000000.0,29000000000.0,37500276030.0,24608609000.0,43871251066.666664,32046430150.0,111057789450.0,50337130633.333336,95314684333.33333,83551306950.0,36527146005.0,18987685033.333332,36949845066.666664,28801085700.0,110084659425.0,44716206666.666664,88393278333.33333,80305962500.0,20289911375.0,5480344166.666667,11854586666.666666,10344472500.0,88627315000.0,27828000000.0,58860000000.0,54651500000.0,14878250430.0,10715940866.666666,18850485000.0,12812893200.0,19511594425.0,13912806666.666666,23088911666.666668,19261462500.0,1358984200.0,2791400000.0,6244773400.0,5643720000.0,1945750000.0,2975400000.0,6444366666.666667,6393000000.0
2019-06,2.873529411764706,2.7466666666666666,2.585,3.36,36117647058.82353,13341666666.666666,26500000000.0,18000000000.0,36118147788.23529,13341671133.333334,26500104900.0,18000075100.0,103772849852.94118,32265927333.333332,68852181550.0,60473300600.0,35179906682.35294,13335038800.0,26362868350.0,17990274500.0,102834608747.05882,32259295000.0,68714945000.0,60463500000.0,19930730323.52941,2956829800.0,6669252750.0,5665529500.0,85780352941.17647,20364950000.0,42950000000.0,39200000000.0,13971800211.764706,8482862333.333333,16354615600.0,12274745000.0,15626020511.764706,9992611666.666666,22111445000.0,21213500000.0,1277376147.0588236,1895346666.6666667,3339000000.0,50000000.0,1428235294.1176472,1901733333.3333333,3653500000.0,50000000.0
2019-07,2.84,2.2733333333333334,2.342,2.6033333333333335,35473684210.52631,18000000000.0,36800000000.0,33333333333.333332,35473870773.68421,18298910866.666668,38279724980.0,34890500166.666664,100576408173.6842,41550273866.666664,87606442220.0,87396542833.33333,34504769310.52631,17988532000.0,36773512760.0,33112199000.0,99607306710.52632,41239895000.0,86100230000.0,85618241666.66667,17546887668.42105,4679053666.666667,10025068680.0,11199186666.666666,79505105263.1579,26674333333.333332,55394000000.0,57904000000.0,15919825721.052631,10520711666.666666,20086921080.0,15409012333.333334,18722464605.263157,11775128333.333334,23991730000.0,21125241666.666668,1038055921.0526316,2788766666.6666665,6661523000.0,6504000000.0,1379736842.1052632,2790433333.3333335,6714500000.0,6589000000.0
2019-08,2.82,2.3800000000000003,2.41,2.92,41050000000.0,17666666666.666668,38000000000.0,18000000000.0,41050295565.0,27672496466.666668,62796996600.0,18000005300.0,115257454535.0,50263075833.333336,116386996600.0,52569770300.0,40087628720.0,17650982766.666668,37953300000.0,17994235000.0,114294787690.0,40241562133.333336,91543300000.0,52564000000.0,21879271100.0,4665070000.0,12908760000.0,7847000000.0,92148150000.0,24962566666.666668,60970000000.0,38477000000.0,17027357745.0,10793734766.666666,17707540000.0,10122235000.0,20564137690.0,12673462133.333334,23161300000.0,14062000000.0,1180999875.0,2192178000.0,7337000000.0,25000000.0,1582500000.0,2605533333.3333335,7412000000.0,25000000.0
2019-09,2.860588235294118,2.3633333333333333,2.374,2.6333333333333333,43588235294.117645,17333333333.333332,36800000000.0,32666666666.666668,43591415747.05882,17748866600.0,40212621840.0,35783183733.333336,124319347470.58824,41628092733.333336,90908486080.0,88853299933.33333,42606697205.882355,17323496200.0,36771488760.0,32529758800.0,123334628929.41176,41202722333.333336,87467353000.0,85599875000.0,21825690882.35294,4069692666.6666665,10264414200.0,10929844166.666666,98667470588.23529,25528333333.333332,56606800000.0,56886000000.0,19058044235.294117,10876570200.0,20594486560.0,16693941666.666666,22316864223.52941,13262822333.333334,24498113000.0,22955208333.333332,1722962088.235294,2377233333.3333335,5912588000.0,4905972966.666667,2350294117.647059,2411566666.6666665,6362440000.0,5758666666.666667
2019-10,2.8533333333333335,2.34,2.5125,2.64,43476190476.190475,20000000000.0,32000000000.0,30000000000.0,43482510166.666664,20000034850.0,34352446950.0,33136649850.0,123557875723.80952,47121570150.0,81397742375.0,82865419250.0,42429550747.61905,19997019700.0,31975562400.0,29939118100.0,122504916304.7619,47118555000.0,79020857825.0,79667887500.0,21642026785.714287,5275824000.0,8065738125.0,11442462500.0,97108761904.7619,30297500000.0,48419500000.0,54471000000.0,19333496366.666668,11703395700.0,19192182700.0,15592355600.0,23291868685.714287,13765755000.0,25234707825.0,21013337500.0,1454027595.2380953,3017800000.0,4717641575.0,2904300000.0,2104285714.2857144,3055300000.0,5366650000.0,4183550000.0
2019-11,2.885,2.3733333333333335,2.6,2.5,42388888888.888885,19333333333.333332,38000000000.0,18000000000.0,42507128683.333336,26593804066.666668,55993381300.0,18000173600.0,120713518177.77777,53411962900.0,116634481300.0,45022556600.0,41455446166.666664,19316583500.0,37851001000.0,17990617000.0,119661835661.11111,46134742333.333336,98492101000.0,45013000000.0,21802129888.88889,4004252666.6666665,11260318000.0,14100285000.0,96319055555.55556,28273000000.0,63780000000.0,40715000000.0,18362144611.11111,11873430833.333334,20181111000.0,3772550000.0,21505835661.11111,14390175666.666666,28141101000.0,4168000000.0,1291171666.6666667,3438900000.0,6409572000.0,117782000.0,1836944444.4444444,3471566666.6666665,6571000000.0,130000000.0
2019-12,2.9989473684210526,2.4450000000000003,2.525,3.625,37263157894.73684,20000000000.0,33166666666.666668,24506250000.0,38287848289.47369,20000027350.0,35512967000.0,26241331850.0,112187665552.63158,48829814200.0,85563141200.0,69821064650.0,35989224578.947365,19994105650.0,33123562466.666668,24387492700.0,109889041842.10527,48823892500.0,83173736666.66667,67967225500.0,16547830131.578947,4179275000.0,6976103250.0,7590981550.0,85240473684.21053,29648500000.0,50287833333.333336,41299973000.0,18203182605.263157,11805470000.0,20038138883.333332,11731752050.0,22538304315.789474,14822092500.0,25928120000.0,20990752500.0,1238211842.1052632,4009360650.0,6109320333.333333,5064759100.0,2110263842.1052632,4353300000.0,6957783333.333333,5676500000.0
2020-01,3.0495,2.44,2.3833333333333333,2.94,36900000000.0,18000000000.0,37000000000.0,30000000000.0,37931830150.0,18908517233.333332,39917963033.333336,33097882800.0,113125446985.0,44915868766.666664,91054894033.33333,88342189800.0,35498599510.0,17979786800.0,36971090666.666664,29865268500.0,110692216345.0,43987138333.333336,88108021666.66667,85109575500.0,17969162325.0,4027421666.6666665,10717828000.0,10858215000.0,87355500000.0,27252666666.666668,57540666666.666664,55601500000.0,15925558510.0,11177895900.0,20397491000.0,14710370000.0,20570966345.0,13500071666.666666,24334855000.0,24842075500.0,1603878675.0,2774469233.3333335,5855771666.666667,4296683500.0,2765750000.0,3234400000.0,6232500000.0,4666000000.0
2020-02,2.9721052631578946,2.47,2.56,2.49,42473684210.52631,18000000000.0,38000000000.0,18000000000.0,43735668621.052635,24819197366.666668,54899762100.0,18000022500.0,126346288226.3158,51817597966.666664,114104988100.0,44793674500.0,41302728042.10526,17989849066.666668,37847024000.0,17989598000.0,123913347647.36842,44988249666.666664,97052250000.0,44783250000.0,21758407105.263157,3752924666.6666665,14378350000.0,12615294000.0,95238947368.42105,26748666666.666668,62249500000.0,38778000000.0,17966627200.0,11373691066.666666,16623674000.0,5139250000.0,24450189752.63158,14518683000.0,26652750000.0,5754250000.0,1577693736.8421052,2863233333.3333335,6845000000.0,235054000.0,4224210526.3157897,3720900000.0,8150000000.0,251000000.0
2020-03,2.9266666666666667,2.3466666666666662,2.488,2.5733333333333337,43333333333.333336,17333333333.333332,36800000000.0,32666666666.666668,45048572480.95238,17883943833.333332,40976854500.0,36474480833.333336,130310065914.28572,41299494633.333336,95366805840.0,85486563333.33333,42196835714.28571,17325340866.666668,36779545660.0,32519519166.666668,127458329147.61905,40740891666.666664,91169497000.0,81531601666.66667,20726966309.52381,4317823333.333333,11946244860.0,12875993333.333334,95780238095.2381,23737666666.666668,58092680000.0,52379000000.0,18572767119.04762,11118686200.0,21295187880.0,17183525833.333332,26137995814.285713,14576891666.666666,28024217000.0,25784268333.333332,2897102285.714286,1888831333.3333333,3538112920.0,2460000000.0,5540095238.095238,2426333333.3333335,5052600000.0,3368333333.3333335
2020-04,3.0068181818181823,2.39,2.5775,3.06,49204545454.545456,21000000000.0,33750000000.0,32000000000.0,50831409131.818184,21069132050.0,35845500275.0,34779102950.0,147347689304.54544,50483670050.0,88349187200.0,101107526950.0,48725303906.818184,20997394850.0,33693600575.0,31883713500.0,145241584079.54544,50411932850.0,86197287500.0,98212137500.0,21806441795.454544,5369714500.0,8584801375.0,8975000000.0,106958840909.09091,30264750000.0,50661500000.0,59087000000.0,25351598668.18182,13043180350.0,21330871700.0,17313713500.0,34482970443.181816,16680182850.0,28557337500.0,30905137500.0,1567263443.1818182,2584500000.0,3777927500.0,5595000000.0,3799772727.2727275,3467000000.0,6978450000.0,8220000000.0
2020-05,2.9926470588235294,2.46,2.54,3.12,53323529411.76471,22000000000.0,42000000000.0,20000000000.0,55541324511.76471,31519296533.333332,64211663800.0,20000035500.0,159561964697.05884,64629873266.666664,129083753800.0,62314675500.0,52774662276.47059,21982600266.666668,41967910000.0,19993360000.0,156795302461.7647,55093177000.0,106840000000.0,62308000000.0,24140024511.764706,4956737166.666667,13678570000.0,9226460000.0,116901911764.70589,31909500000.0,68990000000.0,44715000000.0,26911542235.294117,14346129766.666666,22810340000.0,6736900000.0,35681773050.0,18487943666.666668,30626000000.0,13313000000.0,1723095529.4117646,2679733333.3333335,5479000000.0,4030000000.0,4211617647.0588236,4695733333.333333,7224000000.0,4280000000.0
2020-06,3.0078947368421054,2.4299999999999997,2.5383333333333336,2.766666666666667,50210526315.789474,21250000000.0,38333333333.333336,36666666666.666664,52092064660.52631,22526819450.0,42237829666.666664,40303675233.333336,150185522607.89474,52462913200.0,99982612650.0,101708339400.0,49723033700.0,21247543125.0,38316597850.0,36526074166.666664,147816491647.3684,51183636875.0,96061380833.33333,97930738333.33333,24102945750.0,5608872800.0,9847459000.0,13422399166.666666,112643868421.05263,30499250000.0,58115666666.666664,62815666666.666664,23475136173.68421,12722320325.0,23137901750.0,17077301666.666666,30260123226.31579,15913036875.0,29411830833.333332,26077738333.333332,2144951776.3157895,2916350000.0,5331237100.0,6026373333.333333,4912500000.0,4771350000.0,8533883333.333333,9037333333.333334
2020-07,3.178157894736842,2.4475000000000002,3.38,2.815,37736842105.26316,19750000000.0,34756250000.0,36000000000.0,40273911692.10526,21683481975.0,38407255075.0,40091097400.0,119940449015.78947,50996651675.0,87062893150.0,99750301400.0,37217788010.52631,19736471300.0,34719431925.0,35908198750.0,116884325334.21053,49049641000.0,83375070000.0,95567402750.0,20184752710.526318,3778067300.0,9464564375.0,13388796000.0,91361026315.78947,28459750000.0,51777187500.0,63736000000.0,15534874497.368422,13385904000.0,20376642550.0,18825902750.0,21798614807.894737,16055016000.0,23710657500.0,22342902750.0,1498160802.631579,2572500000.0,4878225000.0,3693500000.0,3724684210.5263157,4534875000.0,7887225000.0,9488500000.0
2020-08,3.1524242424242424,2.265,2.54,2.815,35575757575.757576,24000000000.0,48666666666.666664,36000000000.0,37829272230.30303,34211045850.0,61020728600.0,38172000950.0,112064295539.39394,65024762450.0,136231563666.66667,103092026450.0,35037886118.181816,23992796400.0,48611949933.333336,35942752000.0,109272909427.27272,54806513000.0,123822785000.0,100862777500.0,18987257772.727272,5744843150.0,10328361333.333334,12206405750.0,85676545454.54546,32554500000.0,73470333333.33333,65816000000.0,14549050133.333334,15245331375.0,31052756733.333332,20177846250.0,20047576093.939392,17044763000.0,38799685000.0,27455777500.0,1501578212.121212,3002621875.0,7230831866.666667,3558500000.0,3548787878.787879,5207250000.0,11552766666.666666,7591000000.0
2020-09,3.375135135135135,2.4125,2.4066666666666667,2.65,34972972972.97298,23000000000.0,51000000000.0,37000000000.0,36858873948.64865,24759821550.0,56385648666.666664,40559570000.0,117689252254.05405,56258193575.0,128393998200.0,98205501000.0,34515628732.432434,22989264225.0,50948805466.666664,36942086500.0,115346007037.83784,54487636250.0,122957155000.0,94588017500.0,18048086810.81081,5407499250.0,13101408333.333334,16847966500.0,88412054054.05405,32226000000.0,73540666666.66667,65307500000.0,14387585867.567568,14089264975.0,29845911000.0,15417120000.0,22086385416.216217,16439886250.0,36904055000.0,20631017500.0,2079956054.054054,3492500000.0,8001486133.333333,4677000000.0,4847567567.567568,5821750000.0,12512433333.333334,8649500000.0
2020-10,3.325675675675676,2.38,2.55,2.65,36189189189.189186,29000000000.0,34500000000.0,37000000000.0,38577568194.5946,29811241150.0,35227365600.0,40559570000.0,120558911145.94595,70428059650.0,86669916100.0,98205501000.0,35606112272.97298,28992716900.0,34464706500.0,36942086500.0,117587455224.32433,69609535400.0,85907257000.0,94588017500.0,17798722216.216217,6657560500.0,9659835000.0,16847966500.0,89242378378.37837,41785000000.0,51138500000.0,65307500000.0,15702954489.18919,18130456400.0,19782871500.0,15417120000.0,21454806575.675674,20587835400.0,27186757000.0,20631017500.0,2104435567.5675676,4204700000.0,5022000000.0,4677000000.0,6890270270.27027,7236700000.0,7582000000.0,8649500000.0
2020-11,3.3496969696969696,2.404,2.354,2.81,35575757575.757576,25800000000.0,55000000000.0,40000000000.0,38014530048.48485,31078060680.0,63388332300.0,44064230525.0,119321755396.9697,66149852440.0,137930928200.0,112870938725.0,35052465124.242424,25789686240.0,54963983100.0,39918822050.0,116359690472.72728,60861478000.0,129506579000.0,108725530250.0,19336021060.60606,6339501500.0,15840053800.0,15207686300.0,89328393939.39394,36394600000.0,80943200000.0,71756250000.0,13488848609.09091,15573063640.0,31211814800.0,20074635750.0,20203569260.60606,18343618000.0,36028959000.0,28220280250.0,2227595454.5454545,3877121100.0,7912114500.0,4636500000.0,6827727272.727273,6123260000.0,12534420000.0,8749000000.0
2020-12,3.49953488372093,2.4,2.46,2.64,34721511627.906975,28666666666.666668,47250000000.0,41000000000.0,37002979832.558136,30764114500.0,52905172650.0,45412259650.0,118963044420.93024,70602713500.0,117649910225.0,109495706400.0,34228227955.813953,28663646000.0,47226336550.0,40929908250.0,116188292544.18605,68502245000.0,111971074125.0,105013355000.0,16160593718.60465,6382791666.666667,12914890750.0,15518423250.0,87374332558.13954,39783333333.333336,65796000000.0,67742500000.0,15996435690.697674,17661176200.0,26613263025.0,20104402500.0,21715355334.88372,21442745000.0,34528699125.0,28293355000.0,2071198546.511628,4619678133.333333,7698182775.0,5307082500.0,7098604651.16279,7276166666.666667,11646375000.0,8977500000.0
2021-01,3.4787878787878785,2.5400000000000005,2.52,2.64,35575757575.757576,25666666666.666668,58000000000.0,41000000000.0,38124035669.69697,27744219266.666668,63830661800.0,45412259650.0,123986256415.15152,66505958066.666664,152016891800.0,109495706400.0,35024104187.878784,25647413633.333332,57876000000.0,40929908250.0,120886324933.33333,64409152433.333336,146062230000.0,105013355000.0,18051630590.909092,4544311500.0,19230710000.0,15518423250.0,91157727272.72728,35788333333.333336,95311000000.0,67742500000.0,14251885415.151516,16502896300.0,30211230000.0,20104402500.0,21492385539.39394,21865752433.333332,37405230000.0,28293355000.0,2720588181.818182,4600205833.333333,8434060000.0,5307082500.0,8236212121.212121,6755066666.666667,13346000000.0,8977500000.0
2021-02,3.473,2.285,2.3433333333333333,2.7899999999999996,36300000000.0,25250000000.0,60333333333.333336,38000000000.0,38943939036.666664,32228214500.0,72888601466.66667,41964810033.333336,125622443116.66667,64797271150.0,154049495800.0,108651171200.0,35681557760.0,25235135100.0,60274235666.666664,37917052166.666664,122360061840.0,57804191750.0,141435130000.0,104603413333.33333,18345081550.0,5526047800.0,15227275833.333334,13293379333.333334,91940166666.66667,33957750000.0,83354666666.66667,69427000000.0,13888212293.333334,15401791050.0,35711851500.0,21313339500.0,21067895173.333332,17295366750.0,43668596666.666664,27490080000.0,3448263916.6666665,4307296250.0,9335108333.333334,3310333333.3333335,9352000000.0,6551075000.0,14411866666.666666,7686333333.333333
2021-03,3.3407142857142857,2.348,2.3120000000000003,2.7433333333333336,39857142857.14286,25200000000.0,60800000000.0,48666666666.666664,42292058857.14286,28467129780.0,71265607480.0,56590796500.0,133992974635.71428,62306449300.0,150783811580.0,135722550966.66667,39137274632.14286,25187099880.0,60743705100.0,48487767200.0,130838190410.71428,59026419400.0,140261909200.0,127619521666.66667,17595093982.142857,5736322400.0,18501154000.0,15206320000.0,95650321428.57143,33865000000.0,86433600000.0,76031666666.66667,19106602257.142857,15052612880.0,31377191100.0,27221403600.0,26280904696.42857,18519279400.0,38166349200.0,40179521666.666664,2435578392.857143,4398164600.0,10865360000.0,6060043600.0,8906964285.714285,6642140000.0,15661960000.0,11408333333.333334
2021-04,3.3389285714285712,2.4166666666666665,2.36,2.625,44607142857.14286,28666666666.666668,49750000000.0,44000000000.0,47955775871.42857,33367145566.666668,58707812275.0,52402832900.0,150314837064.2857,73610471366.66667,124944526675.0,119272285400.0,43947126942.85714,28658385533.333332,49620634100.0,43840562500.0,146306188135.7143,68901711333.33333,115857348500.0,110710015000.0,20124618589.285713,6115900333.333333,12566215000.0,16464202500.0,105394571428.57143,39726666666.666664,68884000000.0,70827000000.0,20929445317.857143,17119495200.0,28120105600.0,21351860000.0,31170545278.57143,20572378000.0,34648298500.0,29908515000.0,2893063035.714286,5422990000.0,8934313500.0,6024500000.0,9741071428.571428,8602666666.666666,12325050000.0,9974500000.0
2021-05,3.4044,2.39,2.42,3.03,43920000000.0,27000000000.0,58000000000.0,26000000000.0,47128504960.0,39024787600.0,88769313900.0,26000143500.0,150451888288.0,76355233033.33333,171236079900.0,78697906000.0,43310268500.0,26977814566.666668,57851534000.0,25974237500.0,146633651828.0,64308260000.0,140318300000.0,78672000000.0,21419342880.0,5138031233.333333,18665234000.0,10260750000.0,106836760000.0,36372333333.333336,84179000000.0,54715000000.0,18923721820.0,17010016666.666666,28708300000.0,15384437500.0,29773491828.0,20474493333.333332,40613300000.0,20257000000.0,2967203800.0,4829766666.666667,10478000000.0,329050000.0,10023400000.0,7461433333.333333,15526000000.0,3700000000.0
2021-06,3.367142857142857,2.3775,2.46,2.8366666666666664,43321428571.42857,28250000000.0,53333333333.333336,48666666666.666664,45949830800.0,31895907225.0,61717640166.666664,55584670566.666664,147771629057.14285,71385788075.0,137936001666.66666,140467472700.0,42769914732.14286,28244431650.0,53285771233.333336,48558003533.333336,144591712989.2857,67734312500.0,129504132733.33333,133440805666.66667,19469449267.857143,5226247250.0,11332539166.666666,13887071666.666666,102130928571.42857,38832250000.0,72401000000.0,76939000000.0,20277112071.42857,17571439275.0,32288067233.333332,27225081866.666668,32256498703.57143,20951662500.0,42634449400.0,43746805666.666664,3023353392.857143,5446745125.0,9665164833.333334,7445850000.0,10204285714.285715,7950400000.0,14468683333.333334,12755000000.0
2021-07,3.6935714285714285,2.36,2.41,2.8366666666666664,42178571428.57143,26000000000.0,58000000000.0,48666666666.666664,45688060807.14286,29402248466.666668,67548183300.0,55584670566.666664,156795905657.14285,64500229600.0,149392402300.0,140467472700.0,41824443732.14286,25986455333.333332,57962031000.0,48558003533.333336,152932288582.14285,61084436466.666664,139806250000.0,133440805666.66667,18998587446.42857,4955400266.666667,16549666000.0,13887071666.666666,103816321428.57143,35712000000.0,78943000000.0,76939000000.0,19269302732.142857,16659677233.333334,30816365000.0,27225081866.666668,38704895725.0,19066536466.666668,45572250000.0,43746805666.666664,3556553553.571429,4371377833.333333,10596000000.0,7445850000.0,10411071428.571428,6305900000.0,15291000000.0,12755000000.0
2021-08,3.4858620689655173,2.3939999999999997,2.364,2.8325,37655172413.793106,25400000000.0,60800000000.0,43500000000.0,40651270482.75862,32806707000.0,71421837680.0,47491665050.0,130394951482.75862,69112467800.0,154173265320.0,122672775300.0,37297884858.62069,25394720400.0,60764284760.0,43390412250.0,127041565858.6207,61700481200.0,143515712400.0,118571522500.0,16728955431.034483,4014312660.0,13628309080.0,10430223750.0,89229862068.96552,34007200000.0,84918000000.0,71216500000.0,18100724255.172413,17055616200.0,35950166680.0,26453188500.0,28718945168.96552,20600961200.0,42398772400.0,37083022500.0,2468205172.413793,4324791540.0,11185809000.0,6507000000.0,9092758620.689655,7092320000.0,16198940000.0,10272000000.0
2021-09,3.7356,2.4975,2.3533333333333335,2.5599999999999996,35760000000.0,25000000000.0,60333333333.333336,43000000000.0,39018573024.0,27794620875.0,67329825933.333336,46613033050.0,134112137888.0,65432144300.0,148788268933.33334,108977429050.0,35283856576.0,24993805325.0,60296358000.0,42944416500.0,130377421440.0,62631328750.0,141754801000.0,105308812500.0,15636097760.0,3412234250.0,13807137000.0,15432722500.0,85527200000.0,34340000000.0,84220666666.66667,69077500000.0,17315403536.0,17282017625.0,34397587666.666664,21015194000.0,35421821440.0,21225103750.0,41968501000.0,26484812500.0,2332355280.0,4299553450.0,12091633333.333334,6496500000.0,9428400000.0,7066225000.0,15565633333.333334,9746500000.0
2021-10,3.467037037037037,2.4699999999999998,2.4050000000000002,2.5599999999999996,37851851851.85185,31000000000.0,38500000000.0,43000000000.0,40791709818.51852,33332506900.0,40682072350.0,46613033050.0,130148662351.85185,79666965200.0,93781999750.0,108977429050.0,37429200611.111115,30989549350.0,38347222900.0,42944416500.0,126786153144.44444,77324007650.0,91447150300.0,105308812500.0,16908985481.481482,3602000000.0,11235002500.0,15432722500.0,85884518518.51852,43908000000.0,54947000000.0,69077500000.0,17637703703.703705,21958049350.0,20198997850.0,21015194000.0,30636634625.925926,24625007650.0,26302650300.0,26484812500.0,2882511425.9259257,5429500000.0,6913222550.0,6496500000.0,10265000000.0,8791000000.0,10197500000.0,9746500000.0
2021-11,3.489642857142857,2.314,2.378,2.71,38535714285.71429,25000000000.0,59400000000.0,42500000000.0,41751569046.42857,33502179780.0,70324918120.0,45931860250.0,130127028014.28572,66257386240.0,152151395160.0,115656735200.0,38045710103.57143,24990425340.0,59299641760.0,42394601300.0,126421169071.42857,57745631800.0,141126118800.0,112119476250.0,16013509750.0,4609238600.0,12163972800.0,11957692500.0,88044500000.0,33375000000.0,82000200000.0,69435000000.0,18382270085.714287,16513150420.0,35927117840.0,24482658800.0,28362561928.57143,18041311800.0,42319138800.0,32557726250.0,3649930267.857143,3868036320.0,11208551120.0,5954250000.0,10014107142.857143,6329320000.0,16806780000.0,10126750000.0
2021-12,3.1739285714285717,2.54,2.3675,3.29,41750000000.0,19506250000.0,46000000000.0,40000000000.0,44658044496.42857,22323672025.0,52406171975.0,45434711050.0,128976104321.42857,49906162000.0,114790253550.0,125233502200.0,40997400567.85714,19500893775.0,45926104325.0,39855541350.0,125315460392.85715,47083383750.0,108310185900.0,119654332500.0,18797984946.42857,3064485025.0,10433914625.0,10745443500.0,92493607142.85715,26202737500.0,62554500000.0,66707000000.0,19917585532.142857,12777435000.0,27678585200.0,23646567850.0,24669888964.285713,14606896250.0,33577060900.0,43164832500.0,2281830089.285714,3658973750.0,7813604500.0,5463530000.0,8151964285.714286,6273750000.0,12178625000.0,9782500000.0
2022-01,3.029047619047619,2.41,2.4433333333333334,3.075,47523809523.809525,23500000000.0,53333333333.333336,40000000000.0,51549319942.85714,27171682350.0,61495163666.666664,45978654450.0,147170412928.57144,60800965625.0,138442729766.66666,125285129150.0,46817829133.333336,23484933100.0,53273056566.666664,39808736500.0,142438922119.0476,57114216375.0,130220622666.66667,119115211200.0,21700158238.095238,3916236000.0,9221454166.666666,9780444000.0,103373095238.09525,33097000000.0,72987666666.66667,69029000000.0,21093709085.714287,15543890600.0,34313850166.666668,27509542500.0,28964398309.52381,17665616375.0,41440089333.333336,40598711200.0,4023961809.5238094,4024806500.0,9737752233.333334,2518750000.0,10101428571.428572,6351600000.0,15792866666.666666,9487500000.0
2022-02,3.0538095238095235,2.3975,2.4333333333333336,2.93,47523809523.809525,22000000000.0,51000000000.0,37000000000.0,51386170104.7619,32273647300.0,66964563633.333336,41454321550.0,148845145185.7143,64777801100.0,140247393766.66666,108422366550.0,46929503990.47619,21988516200.0,50904963200.0,36830819000.0,144388479071.42856,54492670000.0,124187793333.33333,103798864000.0,20248970476.190475,2730091250.0,7851996633.333333,7032262500.0,104862619047.61905,30477750000.0,70110666666.66667,61768000000.0,22428958871.42857,15633762450.0,33982127233.333332,24947556500.0,28968717166.666668,17993695000.0,40212060000.0,33111864000.0,4251574642.857143,3624662500.0,9070839333.333334,4851000000.0,10557142857.142857,6021225000.0,13865066666.666666,8919000000.0
2022-03,3.168461538461538,2.52,2.453333333333333,3.105,43538461538.46154,21000000000.0,48666666666.666664,36000000000.0,46920172926.92308,24664507350.0,57436363400.0,40654379750.0,138932056580.76923,56355984400.0,128199439100.0,107430344750.0,42977038619.23077,20988351700.0,48573897633.333336,35563825000.0,134988922273.07692,52679828750.0,119336973333.33333,102339790000.0,17488560711.53846,2524475000.0,9244721666.666666,7383510000.0,95271576923.07692,29019750000.0,67838333333.333336,57774000000.0,22959919830.76923,14317445775.0,28542260733.333332,21897315000.0,30677922273.076923,16967403750.0,35423773333.333336,34897790000.0,2528558076.923077,4146430925.0,10786915233.333334,6283000000.0,9039423076.923077,6692675000.0,16074866666.666666,9668000000.0
2022-04,3.1561904761904764,2.365,2.605,3.105,39285714285.71429,27000000000.0,33000000000.0,36000000000.0,43288202285.71429,33440749000.0,38486663750.0,40654379750.0,125946787171.42857,70803110200.0,89922049900.0,107430344750.0,38582124342.85714,26992761300.0,32713063400.0,35563825000.0,121240709228.57143,64355122500.0,84148449550.0,102339790000.0,17924941095.238094,4757205500.0,7251697500.0,7383510000.0,88427571428.57143,39123500000.0,47080000000.0,57774000000.0,18583870271.42857,17453105800.0,21061310350.0,21897315000.0,26199090180.95238,19174172500.0,29055949550.0,34897790000.0,2073312976.1904762,4782450000.0,4400055550.0,6283000000.0,6614047619.047619,6057450000.0,8012500000.0,9668000000.0
2022-05,3.13875,2.482,2.508,2.77,35708333333.333336,21000000000.0,45600000000.0,35250000000.0,39413833541.666664,30493895100.0,57183517620.0,39512379400.0,115200062337.5,61604838200.0,125824114860.0,100483800675.0,34729903766.666664,20976763900.0,45442137760.0,34792559975.0,110516132562.5,52087707000.0,114082735000.0,95763981250.0,15759741312.5,2650661600.0,6902289400.0,7452647750.0,81356708333.33333,29806600000.0,66811400000.0,55508250000.0,17703745995.833332,14920104340.0,30048507160.0,20766245075.0,24104215895.833332,17629087000.0,35801055000.0,30505481250.0,1266416458.3333333,3405997960.0,8491341200.0,6573667150.0,5055208333.333333,4652020000.0,11470280000.0,9750250000.0
2022-06,2.962608695652174,2.4533333333333336,2.455,3.0,36913043478.26087,22000000000.0,37250000000.0,34000000000.0,40568366543.478264,23375864633.333332,39903067575.0,35758178250.0,112141427652.17392,54914274633.333336,93012762125.0,97833127000.0,36060303360.86957,21988044000.0,37087319450.0,33522769250.0,107633364469.56522,53526454000.0,90197014000.0,95597718000.0,16238280434.782608,3340698333.3333335,7584977500.0,8084661250.0,81340608695.65218,32332000000.0,54302250000.0,53702000000.0,18755870273.913044,14506195666.666666,22165553750.0,18979958000.0,22279060121.739132,16655054000.0,27055889000.0,33665068000.0,1066152652.173913,4141150000.0,7336788200.0,6458150000.0,4013695652.173913,4539400000.0,8838875000.0,8230650000.0
2022-07,2.9033333333333333,2.32,2.43,5.32,40285714285.71429,23000000000.0,43000000000.0,25000000.0,44256565452.38095,25209269700.0,48480681900.0,25000000.0,119060731847.61905,55785591833.333336,109875234500.0,133000000.0,39193114942.85714,22966706200.0,42740347400.0,25000000.0,113997281338.09525,53543028333.333336,104134900000.0,133000000.0,19007076047.61905,3831865500.0,8668240000.0,25000000.0,86047571428.57143,32456000000.0,62227000000.0,133000000.0,18669111752.38095,15161357366.666666,25800900000.0,0.0,24522090861.904762,16960628333.333334,33315900000.0,0.0,1516927142.857143,3973483333.3333335,8271207400.0,0.0,3427619047.6190476,4126400000.0,8592000000.0,0.0
2022-08,2.8112,2.496,2.502,2.6925,46120000000.0,18600000000.0,41600000000.0,33750000000.0,49574271652.0,26525638880.0,50505634240.0,36678779300.0,130532765864.0,54005578520.0,112685043220.0,92304568450.0,44931886596.0,18582725200.0,41500665020.0,33307494250.0,125890380808.0,46062664840.0,103680074000.0,88933283400.0,20096574900.0,1988688680.0,6475520600.0,8532471250.0,94365200000.0,26618800000.0,60248800000.0,54083500000.0,23187221892.0,13593556520.0,27841348420.0,20584377400.0,27889252808.0,16090584840.0,34939474000.0,28837533400.0,1648089804.0,3000480000.0,7183796000.0,4190645600.0,3635928000.0,3353280000.0,8491800000.0,6012250000.0
2022-09,2.941304347826087,2.495,2.4433333333333334,2.675,44086956521.73913,19250000000.0,40333333333.333336,32500000000.0,46945398295.652176,19250035750.0,40333374833.333336,32500076400.0,130702096104.34782,47319876400.0,98219964166.66667,85241734650.0,42710173552.17391,19229764350.0,40181392333.333336,31551240250.0,126466871360.86957,47299605000.0,98067981666.66667,84292898500.0,18746595282.608696,2608796225.0,7919861666.666667,8314745750.0,92552652173.91304,27229250000.0,58068333333.333336,52716500000.0,22568281313.04348,13127993125.0,23604730666.666668,17939494500.0,30094219186.95652,16354205000.0,30255181666.666668,26016898500.0,1395296956.5217392,3492975000.0,8656800000.0,5297000000.0,3820000000.0,3716150000.0,9744466666.666666,5559500000.0
2022-10,2.666190476190476,2.41,2.465,2.62,46761904761.90476,20666666666.666668,34750000000.0,33000000000.0,50034880623.809525,20666680600.0,34750010775.0,33000058900.0,125928693238.09525,49290948766.666664,86103894700.0,86127174650.0,45140969571.42857,20647109500.0,34494905075.0,32242424250.0,121034782185.71428,49271377666.666664,85848789000.0,85369540000.0,20195954214.285713,3488670833.3333335,6066577000.0,8012526750.0,92277952380.95238,29708000000.0,51224250000.0,53888000000.0,23220511309.52381,12740757666.666666,21965864000.0,18932597500.0,26151115519.04762,15104977666.666666,27686614000.0,25684240000.0,1724504047.6190476,4417681000.0,6462464075.0,5297300000.0,2605714285.714286,4458400000.0,6937925000.0,5797300000.0
2022-11,2.7724,2.385,2.43,2.545,49160000000.0,21500000000.0,39333333333.333336,32000000000.0,52448648212.0,27224860450.0,46835626266.666664,34283113600.0,137585483388.0,56330050375.0,103183218066.66667,84704112350.0,47550982100.0,21425955825.0,39075773200.0,31428778750.0,132687817276.0,50531145750.0,95423365000.0,81849777500.0,19081931880.0,3336480375.0,7370654666.666667,9890482500.0,96490600000.0,29335250000.0,55249000000.0,52681500000.0,26913969020.0,14269025450.0,24841790200.0,16443533750.0,33375656476.0,17072620750.0,31928398333.333332,23538277500.0,1555081200.0,3820450000.0,6863328333.333333,5094762500.0,2821560800.0,4123275000.0,8245966666.666667,5630000000.0
2022-12,2.8245833333333334,2.2800000000000002,2.53,3.4,43958333333.333336,25000000000.0,29500000000.0,22000000000.0,46833604925.0,25000012900.0,29500024050.0,22000190300.0,126101613525.0,57233538300.0,74871700300.0,74867290300.0,42253365670.833336,24965219600.0,29187768750.0,21966939000.0,121521374270.83333,57198745000.0,74559445000.0,74834039000.0,16898650925.0,4870097000.0,4296623750.0,8440000000.0,89721375000.0,35643000000.0,41260000000.0,44351000000.0,24188697037.5,15031422600.0,19174645000.0,13326939000.0,29704582604.166668,16467045000.0,27520445000.0,29248039000.0,1166017708.3333333,5063700000.0,5716500000.0,200000000.0,2095416666.6666667,5088700000.0,5779000000.0,1235000000.0
2023-01,2.6811538461538458,2.656,2.616,2.8166666666666664,50307692307.69231,18200000000.0,39200000000.0,36000000000.0,52747347853.84615,18200043880.0,39200012020.0,36000052366.666664,136109365584.61539,47710832700.0,102523295840.0,101619205366.66667,48487425707.69231,18157544180.0,39090882180.0,35493472000.0,131849443438.46153,47668333000.0,102414166000.0,101112625000.0,21158170000.0,1947909400.0,5111343800.0,7458613333.333333,98621346153.84616,25833800000.0,57522600000.0,58924333333.333336,25535734746.153847,13204438780.0,27709137400.0,22877303333.333332,30373789592.307693,18134813000.0,36825886000.0,35436625000.0,1793520961.5384614,3005196000.0,6270400980.0,5157555333.333333,2854307692.3076925,3699720000.0,8065680000.0,6751666666.666667
2023-02,2.727826086956522,2.4575,2.4333333333333336,2.95,51739130434.78261,20000000000.0,39333333333.333336,32000000000.0,54634434869.565216,26834353950.0,50451212800.0,36771380050.0,141214129195.65216,56756304100.0,106852585966.66667,95859340550.0,50017164452.17391,19950129850.0,39175737166.666664,31648064050.0,136596858778.26086,49872080000.0,95577110333.33333,90736024550.0,20851227891.304348,1771614000.0,5804063333.333333,6476568500.0,100255869565.21739,28184750000.0,56800000000.0,52377500000.0,27809647430.434784,14871420600.0,25441606666.666668,20421106550.0,34229858778.260868,17885980000.0,30573677000.0,33426024550.0,1356289130.4347825,3307095250.0,7930067166.666667,4750389000.0,2111130434.7826087,3801350000.0,8203433333.333333,4932500000.0
2023-03,2.6212,2.3775,2.533333333333333,2.9749999999999996,50240000000.0,19250000000.0,39333333333.333336,32000000000.0,52398622456.0,19250012450.0,39333356066.666664,32000076700.0,133461734616.0,45507253250.0,99828162133.33333,89852411700.0,48188827576.0,19223307950.0,39209416266.666664,31705802500.0,129251939736.0,45480548750.0,99704222333.33333,89558137500.0,21609456260.0,2606591250.0,5932385666.666667,8256365000.0,96316840000.0,26853500000.0,58021666666.666664,50360500000.0,24837488516.0,12900236700.0,25443001433.333332,18441937500.0,30445299736.0,14753423750.0,32768355666.666668,33715137500.0,1741882800.0,3716480000.0,7834029166.666667,5007500000.0,2489800000.0,3873625000.0,8914200000.0,5482500000.0
2023-04,2.6976190476190474,2.36,2.465,2.9749999999999996,48714285714.28571,25000000000.0,30500000000.0,32000000000.0,51709722695.2381,26598440100.0,31778769250.0,32000076700.0,134003288742.85715,60538902800.0,77761147250.0,89852411700.0,46763707685.71429,24964444100.0,30334917000.0,31705802500.0,129057273733.33333,58904906800.0,76317295000.0,89558137500.0,18395770761.904762,3735155000.0,4586656000.0,8256365000.0,93098571428.57143,34667000000.0,43043500000.0,50360500000.0,27082589780.95238,16269589100.0,19771045000.0,18441937500.0,33455302304.761906,18853206800.0,25810795000.0,33715137500.0,1285347142.857143,4959700000.0,5977216000.0,5007500000.0,2503400000.0,5384700000.0,7463000000.0,5482500000.0
2023-05,2.6893333333333334,2.482,2.614,2.875,43633333333.333336,19600000000.0,39200000000.0,32500000000.0,46046751173.333336,24012388860.0,45831640320.0,36082205700.0,119298482976.66667,52737982580.0,109255166740.0,96226962375.0,42147295233.333336,19555800280.0,39131638580.0,32296988325.0,115399027036.66667,48281394000.0,102555165000.0,92441745000.0,17997026183.333332,2196605000.0,4772337900.0,6890032500.0,85737466666.66667,26929000000.0,56342800000.0,53330250000.0,22706827050.0,13795383180.0,27561430420.0,21571369950.0,27074788703.333332,16335434000.0,36094085000.0,32449995000.0,1443442000.0,3563812100.0,6797870260.0,3835585875.0,2586771666.6666665,5016960000.0,10118280000.0,6661500000.0
2023-06,2.9535483870967743,2.5833333333333335,2.6075,3.125,51483870967.741936,20666666666.666668,34250000000.0,32000000000.0,52974385219.354836,20666677366.666668,34250069425.0,32000064600.0,152020681254.8387,51801169233.333336,89369330175.0,97357047600.0,49430955596.77419,20648411466.666668,34166504250.0,31755159500.0,148477251632.25806,51782903333.333336,89285765000.0,97112142500.0,20839216112.903225,2745281166.6666665,3873065000.0,7047969000.0,102111430387.09677,29039333333.333332,48241250000.0,54049000000.0,27053619741.935482,13988626266.666666,24045609975.0,20932515500.0,41375976567.741936,16584903333.333334,31472440000.0,35842642500.0,1538119741.935484,3914504033.3333335,6247829275.0,3774675000.0,4989844677.419354,6158666666.666667,9572075000.0,7220500000.0
2023-07,2.9688,2.5375,2.6533333333333333,2.6799999999999997,57360000000.0,19750000000.0,39333333333.333336,33000000000.0,59378033736.0,19750012525.0,39333354400.0,33000096600.0,171017073040.0,49939269275.0,104649331433.33333,89364116600.0,55126827932.0,19648470750.0,39158084666.666664,32547230000.0,166765867236.0,49837727500.0,104474061700.0,88911250000.0,21324522340.0,1823652500.0,5023570033.333333,8414355000.0,111741080000.0,26559000000.0,56772333366.666664,52306500000.0,32012921392.0,14158143250.0,26503382500.0,19849750000.0,48050987236.0,17117052500.0,34373195000.0,28562250000.0,1789384200.0,3666675000.0,7631132133.333333,4283125000.0,6973800000.0,6161675000.0,13328533333.333334,8042500000.0
2023-08,3.035,2.49,2.6999999999999997,2.6799999999999997,59625781250.0,21250000000.0,41333333333.333336,34500000000.0,62031294809.375,27578600350.0,49410769666.666664,36837697600.0,178244438303.125,59601330850.0,119511926766.66667,97646371950.0,57522922059.375,21169919600.0,41075324566.666664,34050591150.0,173736065553.125,53192650100.0,111176481666.66667,94859265500.0,22745663021.875,2154674500.0,4710200000.0,10767610000.0,115450312500.0,28238750000.0,58664000000.0,58410500000.0,32340519459.375,14963807600.0,29613848033.333332,18666765500.0,48697781178.125,17497400100.0,38607348333.333336,26661265500.0,2436739578.125,4051437500.0,6751276533.333333,4616215650.0,9587971875.0,7456500000.0,13905133333.333334,9787500000.0
2023-09,2.9116000000000004,2.473333333333333,2.75,3.42,64240000000.0,23333333333.333332,44000000000.0,24000000000.0,65043183012.0,23333356333.333332,44000032600.0,24000208400.0,186894629412.0,58000860100.0,121026908100.0,82144808400.0,61927530856.0,23280886233.333332,43673039500.0,23991135000.0,183778977256.0,57948390000.0,120699915000.0,82135735000.0,24882961500.0,2991395833.3333335,8845124500.0,7813812500.0,125018440000.0,31778000000.0,69802000000.0,50925000000.0,34768439056.0,15567439500.0,25184915000.0,16077322500.0,47435137256.0,17914023333.333332,34604915000.0,29410735000.0,2276130300.0,4722050900.0,9643000000.0,100000000.0,11325400000.0,8256366666.666667,16293000000.0,1800000000.0
2023-10,2.8864285714285716,2.545,2.495,2.8666666666666667,72607142857.14285,20250000000.0,40666666666.666664,41666666666.666664,74331796796.42857,20250019700.0,40666698900.0,41666734000.0,210101093657.14285,50917817750.0,101727923783.33333,116439581733.33333,70030473617.85715,20185037450.0,40484660450.0,41159997866.666664,205799770478.57144,50852835500.0,101545885333.33333,115932845600.0,24488541553.57143,3228986325.0,6198478333.333333,7598759833.333333,137046285714.28572,28292000000.0,55991166666.666664,62639000000.0,42739687042.85714,12985550500.0,26507275133.333332,26837338033.333332,57149627621.42857,15521910500.0,31755868666.666668,40765178933.333336,2802245021.428571,3970500625.0,7778906983.333333,6723900000.0,11603857142.857143,7038925000.0,13798850000.0,12528666666.666666
2023-11,2.8531034482758617,2.3975,2.5233333333333334,2.69,72482758620.68965,23750000000.0,47333333333.333336,40000000000.0,75179096893.10345,24143757475.0,47998739900.0,40311047000.0,207714751624.13794,57325733100.0,120254271333.33333,105652975750.0,70559096558.6207,23605240200.0,46984915500.0,39635761250.0,203094751289.65518,56787215825.0,119240446933.33333,104977690000.0,26209548965.517242,3862733875.0,8267339833.333333,9454641250.0,139172965517.2414,31575000000.0,67268000000.0,63336000000.0,41391250748.27586,16068374075.0,30424805533.333332,23751620000.0,52910268531.034485,18190833575.0,36913680266.666664,31287190000.0,2958296844.827586,3674132250.0,8292770133.333333,6429500000.0,11011517241.37931,7021382250.0,15058766666.666666,10354500000.0
2023-12,2.9284000000000003,2.48,2.485,2.93,70400000000.0,29000000000.0,35000000000.0,26000000000.0,71086243108.0,29000012700.0,35000039100.0,26000222700.0,206175361784.0,72305756450.0,85918256600.0,76302011300.0,68433308208.0,28910751250.0,34753523000.0,25974211400.0,203522426884.0,72216495000.0,85671740500.0,76276000000.0,26843840300.0,4680500000.0,7113413750.0,9614255000.0,136238720000.0,41253000000.0,47493500000.0,50892000000.0,38619391708.0,18938851250.0,20450609250.0,16226956400.0,56266406884.0,21762845000.0,26338740500.0,23001000000.0,2970076200.0,5291400000.0,7189500000.0,133000000.0,11017300000.0,9200650000.0,11839500000.0,2383000000.0
2024-01,2.920714285714286,2.526,2.5100000000000002,2.953333333333333,72250000000.0,20400000000.0,50400000000.0,48333333333.333336,73728488860.71428,20400016460.0,50400040520.0,48333577833.333336,211437841285.7143,51563991380.0,126126077600.0,136030303333.33333,70137032667.85715,20329337880.0,50170272640.0,47901557833.333336,207846385092.85715,51493312800.0,125896309720.0,135598283333.33333,27508988442.857143,2623091860.0,8428625500.0,7966140833.333333,138965535714.2857,28194100000.0,69789600000.0,72565666666.66667,39630908242.85714,13888442580.0,33024331340.0,32325049166.666668,57562888664.28571,16600772800.0,40026089720.0,48994950000.0,2997135982.142857,3817803440.0,8717315800.0,7610367833.333333,11317960714.285715,6698440000.0,16080620000.0,14037666666.666666
2024-02,2.840357142857143,2.4450000000000003,2.5233333333333334,2.74,77535714285.71428,23000000000.0,53333333333.333336,45500000000.0,80055084060.71428,24509210475.0,56193249400.0,46863082550.0,222208967685.7143,58405971675.0,136875385266.66667,121702117100.0,75467893046.42857,22888601050.0,53097784133.333336,45168475450.0,217621776671.42856,56785362250.0,133779920000.0,120007510000.0,27932262964.285713,3322086325.0,8561554166.666667,9374745000.0,147413714285.7143,31279050000.0,73504466666.66667,69424500000.0,44387427367.85714,15810078725.0,35008104633.333336,29494670900.0,58149108814.28571,18359737250.0,42588653333.333336,38668010000.0,3148202714.285714,3756436000.0,9528125333.333334,6299059550.0,12058953571.428572,7146575000.0,17686800000.0,11915000000.0
2024-03,2.822,2.4433333333333334,2.6,2.74,76120000000.0,25666666666.666668,56000000000.0,45500000000.0,76265203228.0,25666680200.0,56000018600.0,46863082550.0,214758473528.0,63324616200.0,145816422300.0,121702117100.0,74003838260.0,25615899766.666668,55785211300.0,45168475450.0,212497108560.0,63273835766.666664,145601615000.0,120007510000.0,30159408620.0,3870971733.3333335,8032000000.0,9374745000.0,145881880000.0,34839333333.333336,76767000000.0,69424500000.0,40157327940.0,17244128033.333332,39075615000.0,29494670900.0,54662353880.0,20056035766.666668,48992615000.0,38668010000.0,3687101700.0,4500800000.0,8677596300.0,6299059550.0,11952874680.0,8378466666.666667,19842000000.0,11915000000.0
2024-04,2.908214285714286,2.58,2.495,2.9575,67892857142.85714,21750000000.0,50833333333.333336,48250000000.0,69412433646.42857,22017026775.0,51101597100.0,48368182500.0,199081733689.2857,54276692775.0,125972948833.33333,136721426475.0,65636626057.14286,21683264750.0,50656900433.333336,47786972025.0,195305926100.0,53942930750.0,125528252166.66667,136140216000.0,23822234928.57143,3878701475.0,7108271000.0,10330887775.0,131356357142.85715,29367400000.0,67186966666.666664,76715500000.0,37728674967.85714,14337587750.0,34016728416.666668,30771959250.0,52189318957.14286,17528555750.0,41171152166.666664,46603966000.0,4085716160.714286,3466975525.0,9531901016.666666,6684125000.0,11760250000.0,7046975000.0,17170133333.333334,12820750000.0
2024-05,2.9039285714285716,2.435,2.453333333333333,2.9050000000000002,70214285714.28572,24750000000.0,57333333333.333336,48500000000.0,72736165839.28572,27330255700.0,62019404733.333336,51379473650.0,205924483935.7143,63100494475.0,144727139400.0,133454148650.0,68062841050.0,24668315250.0,57134741666.666664,48133147500.0,201251159146.42856,60438554025.0,139842476333.33334,130207822500.0,24530369535.714287,3564468500.0,9890075000.0,10642700000.0,136018607142.85715,33064775000.0,77578066666.66667,76081500000.0,39122446800.0,16501946750.0,37520979400.0,28652447500.0,52505052003.57143,19114879025.0,44380076333.333336,39163322500.0,4410024714.285714,4601900000.0,9723687266.666666,8838000000.0,12727500000.0,8258900000.0,17884333333.333332,14963000000.0
2024-06,2.9228000000000005,2.58,2.475,2.92,65840000000.0,30500000000.0,39500000000.0,28000000000.0,66334559996.0,31486603550.0,40438041850.0,28000082600.0,192968773768.0,80383721000.0,97980278850.0,81693077600.0,63624648788.0,30442848650.0,39291723000.0,27983005000.0,190258862560.0,79339966100.0,96833960000.0,81676000000.0,23505790800.0,3759295750.0,5997712500.0,9507800000.0,129651760000.0,41317400000.0,52345500000.0,57083000000.0,36653910488.0,22040602900.0,26772010500.0,18325205000.0,49295682560.0,28402166100.0,32228960000.0,21793000000.0,3464947500.0,4642950000.0,6522000000.0,150000000.0,11311420000.0,9620400000.0,12259500000.0,2800000000.0
2024-07,2.8564285714285718,2.536,2.528,2.936666666666667,73107142857.14285,21200000000.0,57200000000.0,56000000000.0,74524404078.57143,23625621120.0,61135788560.0,58620457133.333336,209081787432.14285,55746881760.0,147358892100.0,163148219433.33334,70798900185.71428,21142028360.0,56973426660.0,55414666033.333336,205356283539.2857,53263289000.0,143196530200.0,159942428333.33334,26202537464.285713,2264848400.0,7337754000.0,7539323333.333333,138899892857.14285,28047120000.0,76373800000.0,84819000000.0,40633208525.0,14547851280.0,39006319740.0,39762311666.666664,53815354967.85714,17363069000.0,47730630200.0,58177428333.333336,3963154196.428571,4329328680.0,10629352920.0,8113031033.333333,12641035714.285715,7853100000.0,19092100000.0,16946000000.0
2024-08,2.9013793103448275,2.4133333333333336,2.55,2.65,74172413793.10345,25000000000.0,58000000000.0,28000000000.0,76505564141.3793,29247279200.0,69030182700.0,28000016500.0,216182475000.0,62854206100.0,159002762700.0,74251226500.0,72060158058.6207,24927151400.0,57745565000.0,27972140000.0,211737068917.2414,58534078300.0,147718145000.0,74223350000.0,24995215741.37931,4273071666.6666665,8866300000.0,10497790000.0,140555517241.3793,32486233333.333332,82526000000.0,51249000000.0,43291449041.37931,16725779733.333334,37183145000.0,17224350000.0,58091194779.31035,18354544966.666668,44913145000.0,20324350000.0,3773493275.862069,3928300000.0,11696120000.0,250000000.0,13090356896.551723,7693300000.0,20279000000.0,2650000000.0
2024-09,2.9272000000000005,2.502,2.516,2.7099999999999995,70400000000.0,21400000000.0,57200000000.0,55333333333.333336,70768654940.0,21894898540.0,59594528760.0,57637061133.333336,205492736404.0,54466428560.0,145550214480.0,150124726666.66666,68209245124.0,21347572180.0,56978993280.0,54798451800.0,202933326588.0,53919102200.0,142934679000.0,147286117333.33334,23383304820.0,2500769680.0,6629670500.0,9593961666.666666,138383480000.0,28916320000.0,75111300000.0,80323000000.0,40905067704.0,15327062500.0,41471835500.0,36317676900.0,52627606588.0,18097442200.0,50211039000.0,50671784000.0,3920872600.0,3519740000.0,8877487280.0,8886813233.333334,11922240000.0,6905340000.0,17612340000.0,16291333333.333334
2024-10,2.906875,2.5233333333333334,2.495,2.725,77562500000.0,24666666666.666668,49000000000.0,49500000000.0,79525531709.375,25018838500.0,49780994125.0,50335106400.0,225494362525.0,62138225500.0,122657172750.0,131427143900.0,75480705931.25,24612216333.333332,48872382375.0,49213922500.0,221449536746.875,61731603333.333336,121748561000.0,130305960000.0,24810610859.375,3321989833.3333335,6536469375.0,9653745000.0,147739806250.0,32845000000.0,64291750000.0,75226500000.0,46851416525.0,18894693166.666668,33922272375.0,31274177500.0,60985136746.875,22350236666.666668,41340286000.0,40763460000.0,3818678546.875,2395533333.3333335,8413640625.0,8286000000.0,12724593750.0,6536366666.666667,16116525000.0,14316000000.0
2024-11,2.857037037037037,2.5233333333333334,2.6,2.86,76518518518.51852,28000000000.0,58000000000.0,28000000000.0,78517397725.92592,33427639433.333332,72095620100.0,28000010800.0,216834024122.22223,76875551800.0,165049168600.0,79966760800.0,74541737900.0,27899339300.0,57778891500.0,27978850000.0,212858364296.2963,71347251666.66667,150732440000.0,79945600000.0,25700585833.333332,3695226666.6666665,11412250000.0,7967410000.0,144244851851.85184,37394675000.0,83854000000.0,54905000000.0,44636665770.37037,17718897266.666668,40805641500.0,19761440000.0,55710068000.0,22094276666.666668,52947440000.0,22040600000.0,4204486296.296296,6485215366.666667,5561000000.0,250000000.0,12903444444.444445,11858300000.0,13931000000.0,3000000000.0
2024-12,2.973448275862069,2.4825,2.4966666666666666,2.8266666666666667,71035344827.58621,22500000000.0,51333333333.333336,55333333333.333336,71458640489.65517,22913280275.0,52917946983.333336,57124107366.666664,207057699500.0,57327649300.0,130654740433.33333,156208383900.0,68987335224.13792,22430519475.0,51129729716.666664,54882459366.666664,204586394234.48276,56844888500.0,128866523166.66667,153966735900.0,21646656075.86207,3289713875.0,6549722083.333333,7410373333.333333,136092706896.55173,30748000000.0,68063000000.0,82382666666.66667,43523095700.0,15228441225.0,34428474000.0,41510063400.0,56414221820.68965,18619413500.0,42419523166.666664,56658735900.0,3817583448.275862,3912364375.0,10151533633.333334,5962022633.333333,12079465517.241379,7477475000.0,18384000000.0,14925333333.333334
2025-01,2.9186206896551723,2.57,2.5533333333333332,2.835,78758620689.65517,23500000000.0,57333333333.333336,49500000000.0,80693003796.55173,27309141375.0,63691731966.666664,52248738900.0,230593129206.89655,63649211175.0,151514777933.33334,139507042600.0,76538769500.0,23396456700.0,57060255966.666664,49033026300.0,226438894910.34482,59736526500.0,144883301933.33334,136291330000.0,26299802451.724136,3054211700.0,7745369966.666667,7794250000.0,149948689655.17242,31887750000.0,77184333333.33333,78162500000.0,45949620065.51724,15166677750.0,36106431000.0,33747026300.0,63027894910.344826,19088676500.0,46015401933.333336,43684830000.0,4289346982.7586207,5175567250.0,13208455000.0,7491750000.0,13462310344.827587,8760100000.0,21683566666.666668,14444000000.0
2025-02,2.9095999999999997,2.43,2.6166666666666667,2.64,77560000000.0,23000000000.0,57333333333.333336,48500000000.0,79706824956.0,28231403725.0,66474512466.666664,53388432650.0,226498487176.0,61090170475.0,158246773700.0,131309939550.0,75348463120.0,22890532000.0,57075852100.0,48206643100.0,222140125340.0,55749298750.0,148848113333.33334,126128150000.0,26086962600.0,3426591075.0,5700832666.666667,6842822500.0,150538440000.0,31537250000.0,80917666666.66667,73027000000.0,45217675520.0,15766340925.0,41275419433.333336,38499104500.0,61561805340.0,18539448750.0,50755780000.0,45490150000.0,4043825000.0,3697600000.0,10099600000.0,2864716100.0,10039880000.0,5672600000.0,17174666666.666666,7611000000.0
2025-03,3.051153846153846,2.5225,2.52,2.765,68807692307.6923,23000000000.0,57333333333.333336,48500000000.0,69189737807.6923,23487428950.0,58783417966.666664,49519016800.0,209006851776.92307,58346809275.0,145018652866.66666,132785084150.0,66691175380.76923,22931251175.0,57170298600.0,48234882650.0,206508289350.0,57790631500.0,143405533500.0,131500950000.0,23256965211.53846,2905674500.0,7133110333.333333,8431072500.0,141459807692.30768,32132125000.0,78531333333.33333,78277750000.0,40210859111.53846,15121090100.0,38649040566.666664,34903112500.0,56827327811.53846,18518306500.0,48375966833.333336,43561700000.0,3223351057.6923075,4904486575.0,11388147700.0,4900697650.0,8221153846.153846,7140200000.0,16498233333.333334,9661500000.0
2025-04,2.9040000000000004,2.5766666666666667,2.4275,2.605,69633333333.33333,24666666666.666668,49250000000.0,49500000000.0,71349623253.33333,28357261666.666668,54049876675.0,52889836150.0,203995344053.33334,67589920100.0,125058938475.0,130449568000.0,67526276516.666664,24583368400.0,49108798450.0,49311623150.0,200171997316.66666,63816026833.333336,120117860250.0,126871355000.0,21710040883.333332,3017650833.3333335,7734585750.0,12145273150.0,136831000000.0,33180000000.0,65562000000.0,78004500000.0,42943198216.666664,18964061500.0,32235654250.0,26568350000.0,55311530650.0,23969960166.666668,38921485250.0,34593855000.0,2873037416.6666665,2601656066.6666665,9138558450.0,10598000000.0,8029466666.666667,6666066666.666667,15634375000.0,14273000000.0
2025-05,3.012068965517241,2.4233333333333333,2.56,2.95,69758620689.65517,28333333333.333332,58000000000.0,28000000000.0,72521281506.89655,36216859200.0,78473611500.0,28000004100.0,210381565513.7931,77795693466.66667,168733163500.0,82460452600.0,67656649820.68965,28229971733.333332,57734288000.0,27978551500.0,205516933827.5862,69808806000.0,147993840000.0,82439000000.0,22985156058.62069,3112976333.3333335,8037448000.0,9774827500.0,138213793103.44827,37961000000.0,81916000000.0,59675000000.0,41226910503.44827,19086195400.0,36008840000.0,17653724000.0,58362968310.344826,22855839333.333332,46689840000.0,20964000000.0,3444583258.62069,6030800000.0,13688000000.0,550000000.0,8940172413.793104,8991966666.666666,19388000000.0,1800000000.0
2025-06,3.0288,2.5225,2.5033333333333334,2.6466666666666665,63560000000.0,22500000000.0,51500000000.0,55333333333.333336,64701659216.0,23645287525.0,56547232600.0,60770895600.0,193202063608.0,57620038150.0,132784887550.0,149781983600.0,61274910952.0,22384463125.0,51391817383.333336,55123345333.333336,189775315344.0,56359213750.0,127629472333.33333,144134433333.33334,19530838772.0,2596685850.0,5265324916.666667,10405459333.333334,127670780000.0,30546000000.0,68989166666.66667,85035333333.33333,37678527060.0,15313589775.0,36800545850.0,32610719333.333332,52785615344.0,18907713750.0,44237339000.0,42157083333.333336,4065545120.0,4474187500.0,9325946616.666666,12107166666.666666,9318920000.0,6905500000.0,14402966666.666666,16942016666.666666
2025-07,2.9948484848484846,2.5475,2.5366666666666666,2.715,69787878787.87878,23750000000.0,57333333333.333336,49500000000.0,71726828742.42424,26133262225.0,62208738666.666664,52870846350.0,209740880351.51514,62680283975.0,148261346966.66666,136006353600.0,67548924433.333336,23665618250.0,57213436366.666664,49206942750.0,205562976042.42426,60212640000.0,143266044666.66666,132342450000.0,20469598200.0,2386645250.0,6626078666.666667,9435311250.0,134314909090.90909,32505750000.0,76302000000.0,77776000000.0,42702560612.121216,15094634225.0,33122852866.666668,27884600000.0,61179657860.606064,18724540000.0,42733911333.333336,38259950000.0,4376765621.212121,6184338775.0,17464504833.333332,11887031500.0,10068409090.90909,8982350000.0,24230133333.333332,16306500000.0
2025-08,2.9132,2.466666666666667,2.53,3.22,80200000000.0,25000000000.0,58000000000.0,28000000000.0,82477983456.0,32579392766.666668,77683702500.0,28000072000.0,233602835896.0,66787813300.0,166167017500.0,90043759500.0,77725564240.0,24924051800.0,57846725000.0,27981312500.0,228850416680.0,59132472333.333336,146330040000.0,90025000000.0,24583079260.0,3824842833.3333335,10342600000.0,5997450000.0,150352200000.0,32919333333.333332,84334000000.0,57015000000.0,48441842660.0,15781275633.333334,31228990000.0,21783862500.0,67522209880.0,18387872333.333332,40953040000.0,31310000000.0,4700642320.0,5317933333.333333,16275135000.0,200000000.0,10976006800.0,7825266666.666667,21043000000.0,1700000000.0
2025-09,2.915714285714286,2.502,2.464,2.783333333333333,80714285714.28572,21800000000.0,57200000000.0,55333333333.333336,81922520528.57143,22539618560.0,61210754140.0,59379277100.0,233888129867.85715,55474780820.0,144514508580.0,153162752600.0,78334010364.28572,21705206540.0,57081882360.0,55005357166.666664,230299619703.57144,54640368800.0,140385636800.0,148788832666.66666,24898818839.285713,2042874800.0,5778945280.0,7541538333.333333,153604857142.85715,29477200000.0,76283800000.0,83341000000.0,48399892096.42857,14900645500.0,37097696280.0,32779058066.666668,65465976846.42857,17871068800.0,44413736800.0,44566832666.666664,5035299428.571428,4761686240.0,14205240800.0,14684760766.666666,11228785714.285715,7292100000.0,19688100000.0,20881000000.0
2025-10,2.9282758620689657,2.53,2.5025,3.11,84379310344.82759,24666666666.666668,49500000000.0,49500000000.0,86672062534.48276,25292965533.333332,51779011900.0,52342420750.0,247615692834.48276,62157144666.666664,125854735975.0,146617315750.0,81938417362.06897,24604056866.666668,49388858425.0,49231752000.0,242882047662.06897,61468236000.0,123464582500.0,143506647000.0,25920080051.724136,2246319333.3333335,5486698125.0,9191380000.0,162437181034.48276,32963666666.666668,66261250000.0,82307000000.0,51582885241.37931,16129283500.0,31247156200.0,27910872000.0,69239676972.41379,19668769333.333332,39153307500.0,44509147000.0,4435452068.965517,6228454033.333333,12655004100.0,12129500000.0,11205189655.172413,8835800000.0,18050025000.0,16690500000.0
2025-11,2.85,2.3600000000000003,2.85,3.11,89047619047.61905,33500000000.0,58000000000.0,49500000000.0,91155946280.95238,38717714000.0,67033709400.0,52342420750.0,253996473157.14285,84986938400.0,174306037800.0,146617315750.0,85822845857.14285,33401717100.0,57743491600.0,49231752000.0,248663372733.33334,79670941500.0,165015820000.0,143506647000.0,28897263238.095238,3997246000.0,5611000000.0,9191380000.0,171832095238.09525,44029000000.0,91183000000.0,82307000000.0,51779878309.52381,22876191100.0,36356991600.0,27910872000.0,64725537114.28571,25923041500.0,49962820000.0,44509147000.0,5145704309.523809,6528280000.0,15775500000.0,12129500000.0,12105740380.952381,9718900000.0,23870000000.0,16690500000.0
